case_id,fir_id,mo_category,narrative
CASE0001,HFIR-CASE0001,electricity_bill,"Complainant Farhan Qureshi, resident of Banjara Hills, Hyderabad, reported that on 2023-06-04 the complainant received an SMS saying the electricity connection would be cut tonight and to call +919860181590 and the caller insisted that a small verification payment was needed. The complainant lost Rs. 207,600, which went to UPI ID amitpay71@paytm. The matter was reported to the cyber cell. [SYNTHETIC RECORD]"
CASE0002,HFIR-CASE0002,job_task_fraud,"Complainant Lakshmi Narayanan, resident of Kothrud, Pune, reported that on 2025-01-27 the complainant was contacted from +919833875004 with a work-from-home task offer after which the tasks required depositing money first. In total Rs. 199,100 was deposited to UPI ID amitpay29@icb and none of it was returned. The matter was reported to the cyber cell. [SYNTHETIC RECORD]"
CASE0003,HFIR-CASE0003,lottery_prize,"Complainant Neha Bansal, resident of Kothrud, Pune, reported that on 2023-01-19 the complainant got a message and call from +919888387371 about a prize from a TV show and had to pay processing fees and GST to claim the prize. Rs. 138,200 was transferred to traders2426@upi for the fees. The matter was reported to the cyber cell. [SYNTHETIC RECORD]"
CASE0004,HFIR-CASE0004,customs_parcel,"Complainant Joseph Mathew, resident of Cyber City, Gurugram, reported that on 2024-12-09 the complainant was told on a call from +919837484777 that a parcel in the complainant's name had been seized at the airport who said the parcel contained contraband and threatened arrest. Rs. 143,000 was sent to UPI ID nikhil.j10@okhdfcbank before the complainant realised it was a fraud. The matter was reported to the cyber cell. [SYNTHETIC RECORD]"
CASE0005,HFIR-CASE0005,investment_scheme,"Complainant Arvind Joshi, resident of Connaught Place, Delhi, reported that on 2023-03-16 the complainant was added to a messaging group promoting a stock-trading scheme and later contacted from +919868773132 who showed fake screenshots of profits made by other members. Believing the returns were real, the complainant transferred Rs. 52,200 to UPI ID vikram.t30@okhdfcbank and the platform then vanished. The matter was reported to the cyber cell. [SYNTHETIC RECORD]"
CASE0006,HFIR-CASE0006,lottery_prize,"Complainant Rekha Iyer, resident of Andheri East, Mumbai, reported that on 2023-10-06 the complainant received a call from +919859045440 saying the complainant had won a lucky draw and had to pay processing fees and GST to claim the prize. Rs. 195,500 was transferred to sanjay.p56@paytm for the fees. The matter was reported to the cyber cell. [SYNTHETIC RECORD]"
CASE0007,HFIR-CASE0007,electricity_bill,"Complainant Suresh Patil, resident of Anna Nagar, Chennai, reported that on 2024-11-14 the complainant received an SMS saying the electricity connection would be cut tonight and to call +919851697846 and the caller said the last payment had not been updated in the system. Rs. 30,100 was then debited and sent to UPI ID nikhil.j23@icb. The matter was reported to the cyber cell. [SYNTHETIC RECORD]"
CASE0008,HFIR-CASE0008,kyc_bank_impersonation,"Complainant Shabnam Ali, resident of Connaught Place, Delhi, reported that on 2023-05-29 the complainant was contacted on +919846400859 by a caller who said he was from the bank's KYC department who said the account would be blocked unless the KYC was updated immediately. The caller asked the complainant to install a screen-sharing application and transfer Rs. 248,300 to UPI ID sunita.d8@okhdfcbank for 'verification'. The matter was reported to the cyber cell. [SYNTHETIC RECORD]"
CASE0009,HFIR-CASE0009,marketplace_buyer,"Complainant Farhan Qureshi, resident of Vaishali Nagar, Jaipur, reported that on 2025-05-22 the complainant listed an item for sale online and was contacted by a 'buyer' using +919832176541 who sent a UPI QR code saying it was to receive payment. Instead the complainant's account was debited Rs. 253,100 to ravi.k80@paytm. The matter was reported to the cyber cell. [SYNTHETIC RECORD]"
CASE0010,HFIR-CASE0010,electricity_bill,"Complainant Gurpreet Kaur, resident of Banjara Hills, Hyderabad, reported that on 2024-10-19 the complainant received an SMS saying the electricity connection would be cut tonight and to call +919890798016 and the caller asked the complainant to install an app to update the bill. Soon after, Rs. 277,500 was transferred to vikram.t61@paytm without consent. The matter was reported to the cyber cell. [SYNTHETIC RECORD]"
CASE0011,HFIR-CASE0011,job_task_fraud,"Complainant Neha Bansal, resident of Salt Lake, Kolkata, reported that on 2024-05-03 the complainant was offered a part-time online job by a person using +919815253027 and was asked to complete prepaid 'merchant tasks' to unlock higher commissions. In total Rs. 237,400 was deposited to UPI ID vikram.t4@ybl and none of it was returned. The matter was reported to the cyber cell. [SYNTHETIC RECORD]"
CASE0012,HFIR-CASE0012,kyc_bank_impersonation,"Complainant Deepak Chauhan, resident of Anna Nagar, Chennai, reported that on 2023-01-12 the complainant got repeated calls from +919851821563; the caller posed as a customer-care executive of the bank who said the account would be blocked unless the KYC was updated immediately. The complainant was guided to open a remote-access app, after which Rs. 226,700 was sent to UPI ID sunita.d5@okhdfcbank. The matter was reported to the cyber cell. [SYNTHETIC RECORD]"
CASE0013,HFIR-CASE0013,electricity_bill,"Complainant Joseph Mathew, resident of Cyber City, Gurugram, reported that on 2024-08-19 the complainant was called from +919807093330 by someone claiming to be from the electricity board and the caller said the last payment had not been updated in the system. The complainant lost Rs. 240,900, which went to UPI ID sanjay.p64@icb. The matter was reported to the cyber cell. [SYNTHETIC RECORD]"
CASE0014,HFIR-CASE0014,lottery_prize,"Complainant Bhavna Trivedi, resident of Banjara Hills, Hyderabad, reported that on 2024-10-13 the complainant received a call from +919842277330 saying the complainant had won a lucky draw and had to pay processing fees and GST to claim the prize. The complainant paid Rs. 159,500 to UPI ID kavita.n43@icb and never received anything. The matter was reported to the cyber cell. [SYNTHETIC RECORD]"
CASE0015,HFIR-CASE0015,electricity_bill,"Complainant Kiran Reddy, resident of Cyber City, Gurugram, reported that on 2023-08-15 the complainant was called from +919841384738 by someone claiming to be from the electricity board and the caller said the last payment had not been updated in the system. Soon after, Rs. 154,200 was transferred to amitpay53@icb without consent. The matter was reported to the cyber cell. [SYNTHETIC RECORD]"
CASE0016,HFIR-CASE0016,lottery_prize,"Complainant Suresh Patil, resident of Anna Nagar, Chennai, reported that on 2023-12-25 the complainant got a message and call from +919886505578 about a prize from a TV show but first needed to pay registration and delivery charges. In total Rs. 186,500 went to UPI ID nikhil.j52@paytm. The matter was reported to the cyber cell. [SYNTHETIC RECORD]"
CASE0017,HFIR-CASE0017,customs_parcel,"Complainant Harish Rao, resident of Banjara Hills, Hyderabad, reported that on 2023-11-30 the complainant got a call from +919864473927; the caller claimed to be from the courier company and then transferred the call to a 'customs official' who said the parcel contained contraband and threatened arrest. Rs. 217,200 was sent to UPI ID kavita.n21@ybl before the complainant realised it was a fraud. The matter was reported to the cyber cell. [SYNTHETIC RECORD]"
CASE0018,HFIR-CASE0018,loan_app_extortion,"Complainant Rekha Iyer, resident of Whitefield, Bengaluru, reported that on 2024-11-09 the complainant took a small loan through a mobile lending app and was then harassed from +919888471464 demanding repayment far beyond the amount borrowed. The complainant ended up paying Rs. 226,700 to vikram.t47@paytm in several instalments. The matter was reported to the cyber cell. [SYNTHETIC RECORD]"
CASE0019,HFIR-CASE0019,lottery_prize,"Complainant Harish Rao, resident of Connaught Place, Delhi, reported that on 2023-06-13 the complainant received a call from +919874395824 saying the complainant had won a lucky draw provided a small tax amount was paid upfront. In total Rs. 138,100 went to UPI ID traders2449@upi. The matter was reported to the cyber cell. [SYNTHETIC RECORD]"
CASE0020,HFIR-CASE0020,job_task_fraud,"Complainant Harish Rao, resident of Sector 15, Gurugram, reported that on 2025-03-02 the complainant received a message from +919824517920 about earning money by liking videos and rating hotels and was initially paid small amounts to build trust. The complainant paid Rs. 419,100 to anita.r20@ybl for tasks and the promised commission never came. The matter was reported to the cyber cell. [SYNTHETIC RECORD]"
CASE0021,HFIR-CASE0021,investment_scheme,"Complainant Pallavi Deshmukh, resident of Whitefield, Bengaluru, reported that on 2024-02-14 the complainant was approached on +919867552288 by a so-called portfolio manager of a crypto trading platform who showed fake screenshots of profits made by other members. Believing the returns were real, the complainant transferred Rs. 204,200 to UPI ID ravi.k74@upi and the platform then vanished. The matter was reported to the cyber cell. [SYNTHETIC RECORD]"
CASE0022,HFIR-CASE0022,investment_scheme,"Complainant Lakshmi Narayanan, resident of Connaught Place, Delhi, reported that on 2025-06-17 the complainant received a message and then a call from +919823779971 offering guaranteed returns on an investment plan who assured fixed daily returns of five percent. The complainant invested Rs. 164,100 through UPI ID vikram.t16@paytm; the dashboard showed profits but withdrawals were never allowed. The matter was reported to the cyber cell. [SYNTHETIC RECORD]"
CASE0023,HFIR-CASE0023,electricity_bill,"Complainant Kiran Reddy, resident of Salt Lake, Kolkata, reported that on 2023-03-08 the complainant got a message about an unpaid electricity bill with the number +919840425582 to contact and the caller said the last payment had not been updated in the system. Rs. 50,400 was then debited and sent to UPI ID kavita.n22@ybl. The matter was reported to the cyber cell. [SYNTHETIC RECORD]"
CASE0024,HFIR-CASE0024,loan_app_extortion,"Complainant Joseph Mathew, resident of Andheri East, Mumbai, reported that on 2024-02-22 the complainant took a small loan through a mobile lending app and was then harassed from +919825609523 demanding repayment far beyond the amount borrowed. Under pressure the complainant paid Rs. 245,700 to UPI ID freshmart18@ybl. The matter was reported to the cyber cell. [SYNTHETIC RECORD]"
CASE0025,HFIR-CASE0025,investment_scheme,"Complainant Sangeeta Das, resident of Salt Lake, Kolkata, reported that on 2025-05-07 the complainant received a message and then a call from +919821302324 offering guaranteed returns on an investment plan who assured fixed daily returns of five percent. Believing the returns were real, the complainant transferred Rs. 96,200 to UPI ID pooja.b43@icb and the platform then vanished. The matter was reported to the cyber cell. [SYNTHETIC RECORD]"
CASE0026,HFIR-CASE0026,loan_app_extortion,"Complainant Sangeeta Das, resident of Salt Lake, Kolkata, reported that on 2025-05-22 the complainant installed an instant-loan app and later started getting abusive calls from +919856812610 who threatened to send morphed photos to the complainant's contacts. Rs. 67,200 was extorted through UPI ID citypay22@upi. The matter was reported to the cyber cell. [SYNTHETIC RECORD]"
CASE0027,HFIR-CASE0027,customs_parcel,"Complainant Shabnam Ali, resident of Banjara Hills, Hyderabad, reported that on 2025-04-21 the complainant received a call from +919885139035 from a person posing as a customs officer and demanded a clearance fee to avoid legal action. Out of fear the complainant paid Rs. 162,200 to UPI ID traders2466@upi. The matter was reported to the cyber cell. [SYNTHETIC RECORD]"
CASE0028,HFIR-CASE0028,customs_parcel,"Complainant Harish Rao, resident of Connaught Place, Delhi, reported that on 2024-03-23 the complainant was told on a call from +919841128812 that a parcel in the complainant's name had been seized at the airport who said the parcel contained contraband and threatened arrest. The complainant transferred Rs. 196,700 to vikram.t39@icb as the so-called customs duty. The matter was reported to the cyber cell. [SYNTHETIC RECORD]"
CASE0029,HFIR-CASE0029,lottery_prize,"Complainant Farhan Qureshi, resident of Connaught Place, Delhi, reported that on 2025-05-28 the complainant received a call from +919834807701 saying the complainant had won a lucky draw but first needed to pay registration and delivery charges. In total Rs. 175,400 went to UPI ID traders2478@upi. The matter was reported to the cyber cell. [SYNTHETIC RECORD]"
CASE0030,HFIR-CASE0030,kyc_bank_impersonation,"Complainant Bhavna Trivedi, resident of Connaught Place, Delhi, reported that on 2023-05-06 the complainant got repeated calls from +919820480501; the caller posed as a customer-care executive of the bank and was told the debit card would be suspended because KYC documents had expired. On the caller's instructions the complainant shared an OTP and moved Rs. 267,700 to sanjay.p85@paytm as a 'refundable verification charge'. The matter was reported to the cyber cell. [SYNTHETIC RECORD]"
CASE0031,HFIR-CASE0031,marketplace_buyer,"Complainant Farhan Qureshi, resident of Cyber City, Gurugram, reported that on 2023-04-03 the complainant listed an item for sale online and was contacted by a 'buyer' using +919887133746 who sent a UPI QR code saying it was to receive payment. Instead the complainant's account was debited Rs. 300,100 to kavita.n43@okhdfcbank. The matter was reported to the cyber cell. [SYNTHETIC RECORD]"
CASE0032,HFIR-CASE0032,job_task_fraud,"Complainant Shabnam Ali, resident of Banjara Hills, Hyderabad, reported that on 2023-10-27 the complainant was contacted from +919816766312 with a work-from-home task offer and was asked to complete prepaid 'merchant tasks' to unlock higher commissions. The complainant paid Rs. 143,400 to sanjay.p20@icb for tasks and the promised commission never came. The matter was reported to the cyber cell. [SYNTHETIC RECORD]"
CASE0033,HFIR-CASE0033,kyc_bank_impersonation,"Complainant Pallavi Deshmukh, resident of Kothrud, Pune, reported that on 2023-09-26 the complainant got repeated calls from +919832769452; the caller posed as a customer-care executive of the bank and was told the debit card would be suspended because KYC documents had expired. The complainant was guided to open a remote-access app, after which Rs. 143,300 was sent to UPI ID ravi.k54@icb. The matter was reported to the cyber cell. [SYNTHETIC RECORD]"
CASE0034,HFIR-CASE0034,marketplace_buyer,"Complainant Pallavi Deshmukh, resident of Whitefield, Bengaluru, reported that on 2024-11-09 the complainant listed an item for sale online and was contacted by a 'buyer' using +919846877779 who sent a UPI QR code saying it was to receive payment. Rs. 287,700 went to vikram.t27@paytm and the buyer stopped answering. The matter was reported to the cyber cell. [SYNTHETIC RECORD]"
CASE0035,HFIR-CASE0035,lottery_prize,"Complainant Bhavna Trivedi, resident of Vaishali Nagar, Jaipur, reported that on 2024-12-01 the complainant got a message and call from +919829744982 about a prize from a TV show and had to pay processing fees and GST to claim the prize. Rs. 282,600 was transferred to deepa.v99@icb for the fees. The matter was reported to the cyber cell. [SYNTHETIC RECORD]"
CASE0036,HFIR-CASE0036,kyc_bank_impersonation,"Complainant Joseph Mathew, resident of Connaught Place, Delhi, reported that on 2025-03-12 the complainant got repeated calls from +919854739343; the caller posed as a customer-care executive of the bank who said the account would be blocked unless the KYC was updated immediately. The caller asked the complainant to install a screen-sharing application and transfer Rs. 222,500 to UPI ID ravi.k76@okhdfcbank for 'verification'. The matter was reported to the cyber cell. [SYNTHETIC RECORD]"
CASE0037,HFIR-CASE0037,investment_scheme,"Complainant Imran Shaikh, resident of Andheri East, Mumbai, reported that on 2023-09-30 the complainant received a message and then a call from +919813175918 offering guaranteed returns on an investment plan who assured fixed daily returns of five percent. Believing the returns were real, the complainant transferred Rs. 289,300 to UPI ID traders2430@ybl and the platform then vanished. The matter was reported to the cyber cell. [SYNTHETIC RECORD]"
CASE0038,HFIR-CASE0038,lottery_prize,"Complainant Meenakshi Sundaram, resident of Connaught Place, Delhi, reported that on 2023-07-10 the complainant was told on a call from +919814131487 that a car had been won in a company lottery but first needed to pay registration and delivery charges. Rs. 394,200 was transferred to meera.s74@icb for the fees. The matter was reported to the cyber cell. [SYNTHETIC RECORD]"
CASE0039,HFIR-CASE0039,investment_scheme,"Complainant Lakshmi Narayanan, resident of Whitefield, Bengaluru, reported that on 2023-09-25 the complainant received a message and then a call from +919871788794 offering guaranteed returns on an investment plan with the promise of doubling the money within a few weeks. Believing the returns were real, the complainant transferred Rs. 168,400 to UPI ID citypay16@okhdfcbank and the platform then vanished. The matter was reported to the cyber cell. [SYNTHETIC RECORD]"
CASE0040,HFIR-CASE0040,loan_app_extortion,"Complainant Kiran Reddy, resident of Kothrud, Pune, reported that on 2024-11-16 the complainant took a small loan through a mobile lending app and was then harassed from +919852196776 demanding repayment far beyond the amount borrowed. The complainant ended up paying Rs. 108,700 to meera.s77@okhdfcbank in several instalments. The matter was reported to the cyber cell. [SYNTHETIC RECORD]"
CASE0041,HFIR-CASE0041,investment_scheme,"Complainant Shabnam Ali, resident of Kothrud, Pune, reported that on 2024-05-21 the complainant was added to a messaging group promoting a stock-trading scheme and later contacted from +919820845637 with the promise of doubling the money within a few weeks. Believing the returns were real, the complainant transferred Rs. 110,400 to UPI ID traders2442@upi and the platform then vanished. The matter was reported to the cyber cell. [SYNTHETIC RECORD]"
CASE0042,HFIR-CASE0042,marketplace_buyer,"Complainant Vivek Malhotra, resident of Connaught Place, Delhi, reported that on 2025-05-06 the complainant was approached on +919835028991 by a person claiming to be an army officer interested in buying furniture who insisted on a small test transaction first. Rs. 333,400 went to rajesh.m36@okhdfcbank and the buyer stopped answering. The matter was reported to the cyber cell. [SYNTHETIC RECORD]"
CASE0043,HFIR-CASE0043,customs_parcel,"Complainant Meenakshi Sundaram, resident of Salt Lake, Kolkata, reported that on 2024-12-18 the complainant got a call from +919869198006; the caller claimed to be from the courier company and then transferred the call to a 'customs official' and demanded a clearance fee to avoid legal action. Rs. 268,200 was sent to UPI ID amitpay70@upi before the complainant realised it was a fraud. The matter was reported to the cyber cell. [SYNTHETIC RECORD]"
CASE0044,HFIR-CASE0044,loan_app_extortion,"Complainant Manoj Tiwari, resident of Kothrud, Pune, reported that on 2023-05-25 the complainant installed an instant-loan app and later started getting abusive calls from +919832881660 demanding repayment far beyond the amount borrowed. The complainant ended up paying Rs. 348,800 to citypay14@paytm in several instalments. The matter was reported to the cyber cell. [SYNTHETIC RECORD]"
CASE0045,HFIR-CASE0045,investment_scheme,"Complainant Manoj Tiwari, resident of Kothrud, Pune, reported that on 2023-04-24 the complainant was approached on +919886726217 by a so-called portfolio manager of a crypto trading platform who showed fake screenshots of profits made by other members. Over several days Rs. 396,300 was paid to anita.r47@paytm, after which the group admin stopped responding. The matter was reported to the cyber cell. [SYNTHETIC RECORD]"
CASE0046,HFIR-CASE0046,loan_app_extortion,"Complainant Harish Rao, resident of Anna Nagar, Chennai, reported that on 2024-02-28 the complainant took a small loan through a mobile lending app and was then harassed from +919811383581 who accessed the phone's contact list and threatened to shame the complainant. Under pressure the complainant paid Rs. 171,900 to UPI ID nikhil.j73@upi. The matter was reported to the cyber cell. [SYNTHETIC RECORD]"
CASE0047,HFIR-CASE0047,investment_scheme,"Complainant Pallavi Deshmukh, resident of Connaught Place, Delhi, reported that on 2024-12-03 the complainant was added to a messaging group promoting a stock-trading scheme and later contacted from +919805403443 who assured fixed daily returns of five percent. Over several days Rs. 131,100 was paid to freshmart19@icb, after which the group admin stopped responding. The matter was reported to the cyber cell. [SYNTHETIC RECORD]"
CASE0048,HFIR-CASE0048,investment_scheme,"Complainant Arvind Joshi, resident of Salt Lake, Kolkata, reported that on 2023-05-15 the complainant was approached on +919816894606 by a so-called portfolio manager of a crypto trading platform who assured fixed daily returns of five percent. The complainant invested Rs. 209,700 through UPI ID anita.r40@ybl; the dashboard showed profits but withdrawals were never allowed. The matter was reported to the cyber cell. [SYNTHETIC RECORD]"
CASE0049,HFIR-CASE0049,marketplace_buyer,"Complainant Suresh Patil, resident of Cyber City, Gurugram, reported that on 2023-08-24 the complainant received a call from +919855064330 from a buyer who wanted to pay in advance who insisted on a small test transaction first. The complainant lost Rs. 345,900, credited to UPI ID pooja.b17@paytm. The matter was reported to the cyber cell. [SYNTHETIC RECORD]"
CASE0050,HFIR-CASE0050,loan_app_extortion,"Complainant Joseph Mathew, resident of Cyber City, Gurugram, reported that on 2025-03-20 the complainant installed an instant-loan app and later started getting abusive calls from +919805712978 who threatened to send morphed photos to the complainant's contacts. The complainant ended up paying Rs. 232,500 to traders2475@upi in several instalments. The matter was reported to the cyber cell. [SYNTHETIC RECORD]"
CASE0051,HFIR-CASE0051,investment_scheme,"Complainant Rekha Iyer, resident of Connaught Place, Delhi, reported that on 2025-01-15 the complainant was approached on +919877168348 by a so-called portfolio manager of a crypto trading platform with the promise of doubling the money within a few weeks. Believing the returns were real, the complainant transferred Rs. 194,000 to UPI ID pooja.b33@ybl and the platform then vanished. The matter was reported to the cyber cell. [SYNTHETIC RECORD]"
CASE0052,HFIR-CASE0052,investment_scheme,"Complainant Farhan Qureshi, resident of Sector 15, Gurugram, reported that on 2024-08-05 the complainant received a message and then a call from +919843880306 offering guaranteed returns on an investment plan with the promise of doubling the money within a few weeks. Believing the returns were real, the complainant transferred Rs. 393,900 to UPI ID nikhil.j65@okhdfcbank and the platform then vanished. The matter was reported to the cyber cell. [SYNTHETIC RECORD]"
CASE0053,HFIR-CASE0053,customs_parcel,"Complainant Farhan Qureshi, resident of Salt Lake, Kolkata, reported that on 2024-04-25 the complainant got a call from +919880512214; the caller claimed to be from the courier company and then transferred the call to a 'customs official' who threatened a police case unless a penalty was paid immediately. Out of fear the complainant paid Rs. 136,700 to UPI ID sunita.d41@upi. The matter was reported to the cyber cell. [SYNTHETIC RECORD]"
CASE0054,HFIR-CASE0054,customs_parcel,"Complainant Gurpreet Kaur, resident of Kothrud, Pune, reported that on 2025-04-13 the complainant received a call from +919820907986 from a person posing as a customs officer and demanded a clearance fee to avoid legal action. The complainant transferred Rs. 409,600 to anita.r87@icb as the so-called customs duty. The matter was reported to the cyber cell. [SYNTHETIC RECORD]"
CASE0055,HFIR-CASE0055,kyc_bank_impersonation,"Complainant Shabnam Ali, resident of Whitefield, Bengaluru, reported that on 2023-05-23 the complainant received a call from +919808828733 from a person claiming to be a bank official and was told the debit card would be suspended because KYC documents had expired. The caller asked the complainant to install a screen-sharing application and transfer Rs. 256,200 to UPI ID meera.s30@okhdfcbank for 'verification'. The matter was reported to the cyber cell. [SYNTHETIC RECORD]"
CASE0056,HFIR-CASE0056,electricity_bill,"Complainant Arvind Joshi, resident of Salt Lake, Kolkata, reported that on 2024-02-27 the complainant received an SMS saying the electricity connection would be cut tonight and to call +919806239692 and the caller insisted that a small verification payment was needed. The complainant lost Rs. 180,900, which went to UPI ID quickcash37@okhdfcbank. The matter was reported to the cyber cell. [SYNTHETIC RECORD]"
CASE0057,HFIR-CASE0057,kyc_bank_impersonation,"Complainant Sangeeta Das, resident of Andheri East, Mumbai, reported that on 2024-11-26 the complainant was contacted on +919891842653 by a caller who said he was from the bank's KYC department who warned that the account would be frozen within the hour for pending KYC verification. The caller asked the complainant to install a screen-sharing application and transfer Rs. 299,200 to UPI ID deepa.v56@ybl for 'verification'. The matter was reported to the cyber cell. [SYNTHETIC RECORD]"
CASE0058,HFIR-CASE0058,investment_scheme,"Complainant Imran Shaikh, resident of Banjara Hills, Hyderabad, reported that on 2025-04-06 the complainant was added to a messaging group promoting a stock-trading scheme and later contacted from +919813790836 with the promise of doubling the money within a few weeks. The complainant invested Rs. 114,500 through UPI ID amitpay5@paytm; the dashboard showed profits but withdrawals were never allowed. The matter was reported to the cyber cell. [SYNTHETIC RECORD]"
CASE0059,HFIR-CASE0059,kyc_bank_impersonation,"Complainant Lakshmi Narayanan, resident of Whitefield, Bengaluru, reported that on 2024-12-13 the complainant was contacted on +919886567533 by a caller who said he was from the bank's KYC department who said the account would be blocked unless the KYC was updated immediately. On the caller's instructions the complainant shared an OTP and moved Rs. 329,100 to ravi.k17@okhdfcbank as a 'refundable verification charge'. The matter was reported to the cyber cell. [SYNTHETIC RECORD]"
CASE0060,HFIR-CASE0060,job_task_fraud,"Complainant Shabnam Ali, resident of Vaishali Nagar, Jaipur, reported that on 2023-07-07 the complainant received a message from +919847887847 about earning money by liking videos and rating hotels after which the tasks required depositing money first. Rs. 276,800 was transferred to UPI ID sanjay.p48@okhdfcbank before the complainant was removed from the group. The matter was reported to the cyber cell. [SYNTHETIC RECORD]"
CASE0061,HFIR-CASE0061,kyc_bank_impersonation,"Complainant Harish Rao, resident of Connaught Place, Delhi, reported that on 2025-02-04 the complainant was contacted on +919884244527 by a caller who said he was from the bank's KYC department who warned that the account would be frozen within the hour for pending KYC verification. On the caller's instructions the complainant shared an OTP and moved Rs. 71,300 to sanjay.p12@upi as a 'refundable verification charge'. The matter was reported to the cyber cell. [SYNTHETIC RECORD]"
CASE0062,HFIR-CASE0062,investment_scheme,"Complainant Lakshmi Narayanan, resident of Banjara Hills, Hyderabad, reported that on 2024-12-17 the complainant was added to a messaging group promoting a stock-trading scheme and later contacted from +919868467823 with the promise of doubling the money within a few weeks. Believing the returns were real, the complainant transferred Rs. 159,700 to UPI ID citypay26@ybl and the platform then vanished. The matter was reported to the cyber cell. [SYNTHETIC RECORD]"
CASE0063,HFIR-CASE0063,lottery_prize,"Complainant Harish Rao, resident of Kothrud, Pune, reported that on 2023-09-15 the complainant was told on a call from +919872982908 that a car had been won in a company lottery but first needed to pay registration and delivery charges. Rs. 285,000 was transferred to amitpay99@paytm for the fees. The matter was reported to the cyber cell. [SYNTHETIC RECORD]"
CASE0064,HFIR-CASE0064,electricity_bill,"Complainant Manoj Tiwari, resident of Salt Lake, Kolkata, reported that on 2024-12-03 the complainant was called from +919888294313 by someone claiming to be from the electricity board and the caller said the last payment had not been updated in the system. Rs. 368,200 was then debited and sent to UPI ID anita.r13@okhdfcbank. The matter was reported to the cyber cell. [SYNTHETIC RECORD]"
CASE0065,HFIR-CASE0065,lottery_prize,"Complainant Vivek Malhotra, resident of Banjara Hills, Hyderabad, reported that on 2024-10-12 the complainant was told on a call from +919828249690 that a car had been won in a company lottery provided a small tax amount was paid upfront. In total Rs. 192,900 went to UPI ID rajesh.m29@paytm. The matter was reported to the cyber cell. [SYNTHETIC RECORD]"
CASE0066,HFIR-CASE0066,investment_scheme,"Complainant Rekha Iyer, resident of Salt Lake, Kolkata, reported that on 2025-04-27 the complainant was added to a messaging group promoting a stock-trading scheme and later contacted from +919868109624 with the promise of doubling the money within a few weeks. Believing the returns were real, the complainant transferred Rs. 313,900 to UPI ID sanjay.p24@okhdfcbank and the platform then vanished. The matter was reported to the cyber cell. [SYNTHETIC RECORD]"
CASE0067,HFIR-CASE0067,marketplace_buyer,"Complainant Neha Bansal, resident of Sector 15, Gurugram, reported that on 2024-01-06 the complainant received a call from +919858858718 from a buyer who wanted to pay in advance who asked the complainant to scan a code to 'receive' the amount. Instead the complainant's account was debited Rs. 80,400 to pooja.b81@icb. The matter was reported to the cyber cell. [SYNTHETIC RECORD]"
CASE0068,HFIR-CASE0068,marketplace_buyer,"Complainant Imran Shaikh, resident of Kothrud, Pune, reported that on 2023-11-19 the complainant listed an item for sale online and was contacted by a 'buyer' using +919868822513 who sent a UPI QR code saying it was to receive payment. Rs. 267,600 went to vikram.t39@paytm and the buyer stopped answering. The matter was reported to the cyber cell. [SYNTHETIC RECORD]"
CASE0069,HFIR-CASE0069,investment_scheme,"Complainant Neha Bansal, resident of Banjara Hills, Hyderabad, reported that on 2024-08-21 the complainant received a message and then a call from +919866148853 offering guaranteed returns on an investment plan who showed fake screenshots of profits made by other members. Over several days Rs. 177,600 was paid to nikhil.j59@paytm, after which the group admin stopped responding. The matter was reported to the cyber cell. [SYNTHETIC RECORD]"
CASE0070,HFIR-CASE0070,customs_parcel,"Complainant Deepak Chauhan, resident of Andheri East, Mumbai, reported that on 2023-03-15 the complainant got a call from +919850342739; the caller claimed to be from the courier company and then transferred the call to a 'customs official' who said the parcel contained contraband and threatened arrest. Out of fear the complainant paid Rs. 178,200 to UPI ID sunita.d33@upi. The matter was reported to the cyber cell. [SYNTHETIC RECORD]"
CASE0071,HFIR-CASE0071,marketplace_buyer,"Complainant Kiran Reddy, resident of Whitefield, Bengaluru, reported that on 2024-09-01 the complainant received a call from +919810064390 from a buyer who wanted to pay in advance who asked the complainant to scan a code to 'receive' the amount. The complainant lost Rs. 360,200, credited to UPI ID sunita.d54@ybl. The matter was reported to the cyber cell. [SYNTHETIC RECORD]"
CASE0072,HFIR-CASE0072,job_task_fraud,"Complainant Vivek Malhotra, resident of Salt Lake, Kolkata, reported that on 2023-08-03 the complainant was offered a part-time online job by a person using +919809732505 after which the tasks required depositing money first. In total Rs. 181,800 was deposited to UPI ID ravi.k77@paytm and none of it was returned. The matter was reported to the cyber cell. [SYNTHETIC RECORD]"
CASE0073,HFIR-CASE0073,marketplace_buyer,"Complainant Farhan Qureshi, resident of Connaught Place, Delhi, reported that on 2023-09-22 the complainant received a call from +919831077644 from a buyer who wanted to pay in advance who asked the complainant to scan a code to 'receive' the amount. Rs. 132,400 went to pooja.b44@icb and the buyer stopped answering. The matter was reported to the cyber cell. [SYNTHETIC RECORD]"
CASE0074,HFIR-CASE0074,investment_scheme,"Complainant Rekha Iyer, resident of Sector 15, Gurugram, reported that on 2025-02-26 the complainant received a message and then a call from +919808863367 offering guaranteed returns on an investment plan who showed fake screenshots of profits made by other members. Over several days Rs. 123,900 was paid to quickcash37@paytm, after which the group admin stopped responding. The matter was reported to the cyber cell. [SYNTHETIC RECORD]"
CASE0075,HFIR-CASE0075,loan_app_extortion,"Complainant Kiran Reddy, resident of Vaishali Nagar, Jaipur, reported that on 2024-07-03 the complainant was threatened by recovery agents calling from +919825336035 after using a loan app demanding repayment far beyond the amount borrowed. Rs. 305,700 was extorted through UPI ID nikhil.j99@paytm. The matter was reported to the cyber cell. [SYNTHETIC RECORD]"
CASE0076,HFIR-CASE0076,marketplace_buyer,"Complainant Imran Shaikh, resident of Banjara Hills, Hyderabad, reported that on 2024-02-19 the complainant was approached on +919851802995 by a person claiming to be an army officer interested in buying furniture who sent a UPI QR code saying it was to receive payment. Instead the complainant's account was debited Rs. 137,000 to sunita.d80@paytm. The matter was reported to the cyber cell. [SYNTHETIC RECORD]"
CASE0077,HFIR-CASE0077,job_task_fraud,"Complainant Imran Shaikh, resident of Anna Nagar, Chennai, reported that on 2024-12-27 the complainant was contacted from +919803658870 with a work-from-home task offer and was asked to complete prepaid 'merchant tasks' to unlock higher commissions. The complainant paid Rs. 152,100 to vikram.t38@paytm for tasks and the promised commission never came. The matter was reported to the cyber cell. [SYNTHETIC RECORD]"
CASE0078,HFIR-CASE0078,customs_parcel,"Complainant Joseph Mathew, resident of Salt Lake, Kolkata, reported that on 2023-03-04 the complainant got a call from +919810622740; the caller claimed to be from the courier company and then transferred the call to a 'customs official' who said the parcel contained contraband and threatened arrest. The complainant transferred Rs. 136,500 to amitpay75@ybl as the so-called customs duty. The matter was reported to the cyber cell. [SYNTHETIC RECORD]"
CASE0079,HFIR-CASE0079,customs_parcel,"Complainant Sangeeta Das, resident of Anna Nagar, Chennai, reported that on 2024-02-02 the complainant was told on a call from +919856977720 that a parcel in the complainant's name had been seized at the airport who threatened a police case unless a penalty was paid immediately. The complainant transferred Rs. 132,900 to ravi.k94@icb as the so-called customs duty. The matter was reported to the cyber cell. [SYNTHETIC RECORD]"
CASE0080,HFIR-CASE0080,customs_parcel,"Complainant Farhan Qureshi, resident of Cyber City, Gurugram, reported that on 2023-06-25 the complainant received a call from +919812720362 from a person posing as a customs officer who threatened a police case unless a penalty was paid immediately. Rs. 106,900 was sent to UPI ID sanjay.p1@ybl before the complainant realised it was a fraud. The matter was reported to the cyber cell. [SYNTHETIC RECORD]"
CASE0081,HFIR-CASE0081,loan_app_extortion,"Complainant Farhan Qureshi, resident of Anna Nagar, Chennai, reported that on 2025-05-18 the complainant was threatened by recovery agents calling from +919817898878 after using a loan app who threatened to send morphed photos to the complainant's contacts. The complainant ended up paying Rs. 349,100 to traders2466@okhdfcbank in several instalments. The matter was reported to the cyber cell. [SYNTHETIC RECORD]"
CASE0082,HFIR-CASE0082,job_task_fraud,"Complainant Arvind Joshi, resident of Vaishali Nagar, Jaipur, reported that on 2023-04-21 the complainant was contacted from +919832620270 with a work-from-home task offer and was asked to complete prepaid 'merchant tasks' to unlock higher commissions. In total Rs. 177,900 was deposited to UPI ID vikram.t39@okhdfcbank and none of it was returned. The matter was reported to the cyber cell. [SYNTHETIC RECORD]"
CASE0083,HFIR-CASE0083,investment_scheme,"Complainant Deepak Chauhan, resident of Anna Nagar, Chennai, reported that on 2023-06-17 the complainant received a message and then a call from +919883997682 offering guaranteed returns on an investment plan with the promise of doubling the money within a few weeks. Believing the returns were real, the complainant transferred Rs. 223,600 to UPI ID meera.s26@paytm and the platform then vanished. The matter was reported to the cyber cell. [SYNTHETIC RECORD]"
CASE0084,HFIR-CASE0084,marketplace_buyer,"Complainant Pallavi Deshmukh, resident of Banjara Hills, Hyderabad, reported that on 2024-07-15 the complainant listed an item for sale online and was contacted by a 'buyer' using +919822346530 who asked the complainant to scan a code to 'receive' the amount. Rs. 174,700 went to rajesh.m41@paytm and the buyer stopped answering. The matter was reported to the cyber cell. [SYNTHETIC RECORD]"
CASE0085,HFIR-CASE0085,loan_app_extortion,"Complainant Gurpreet Kaur, resident of Whitefield, Bengaluru, reported that on 2024-09-15 the complainant installed an instant-loan app and later started getting abusive calls from +919828658414 who threatened to send morphed photos to the complainant's contacts. Under pressure the complainant paid Rs. 212,900 to UPI ID deepa.v70@ybl. The matter was reported to the cyber cell. [SYNTHETIC RECORD]"
CASE0086,HFIR-CASE0086,kyc_bank_impersonation,"Complainant Neha Bansal, resident of Connaught Place, Delhi, reported that on 2024-04-15 the complainant was contacted on +919847187163 by a caller who said he was from the bank's KYC department who said the account would be blocked unless the KYC was updated immediately. The caller asked the complainant to install a screen-sharing application and transfer Rs. 113,400 to UPI ID pooja.b51@upi for 'verification'. The matter was reported to the cyber cell. [SYNTHETIC RECORD]"
CASE0087,HFIR-CASE0087,investment_scheme,"Complainant Deepak Chauhan, resident of Whitefield, Bengaluru, reported that on 2023-08-11 the complainant was approached on +919866810952 by a so-called portfolio manager of a crypto trading platform with the promise of doubling the money within a few weeks. Believing the returns were real, the complainant transferred Rs. 389,800 to UPI ID sanjay.p41@upi and the platform then vanished. The matter was reported to the cyber cell. [SYNTHETIC RECORD]"
CASE0088,HFIR-CASE0088,electricity_bill,"Complainant Sangeeta Das, resident of Salt Lake, Kolkata, reported that on 2023-07-19 the complainant got a message about an unpaid electricity bill with the number +919885204566 to contact and the caller said the last payment had not been updated in the system. Soon after, Rs. 332,100 was transferred to traders2484@paytm without consent. The matter was reported to the cyber cell. [SYNTHETIC RECORD]"
CASE0089,HFIR-CASE0089,loan_app_extortion,"Complainant Arvind Joshi, resident of Andheri East, Mumbai, reported that on 2024-01-13 the complainant was threatened by recovery agents calling from +919820383826 after using a loan app demanding repayment far beyond the amount borrowed. Under pressure the complainant paid Rs. 172,100 to UPI ID citypay6@okhdfcbank. The matter was reported to the cyber cell. [SYNTHETIC RECORD]"
CASE0090,HFIR-CASE0090,customs_parcel,"Complainant Shabnam Ali, resident of Sector 15, Gurugram, reported that on 2023-06-10 the complainant got a call from +919818859256; the caller claimed to be from the courier company and then transferred the call to a 'customs official' who said the parcel contained contraband and threatened arrest. Rs. 154,400 was sent to UPI ID kavita.n99@okhdfcbank before the complainant realised it was a fraud. The matter was reported to the cyber cell. [SYNTHETIC RECORD]"
CASE0091,HFIR-CASE0091,job_task_fraud,"Complainant Lakshmi Narayanan, resident of Kothrud, Pune, reported that on 2025-06-14 the complainant was contacted from +919888800361 with a work-from-home task offer and was asked to complete prepaid 'merchant tasks' to unlock higher commissions. Rs. 269,200 was transferred to UPI ID rajesh.m25@okhdfcbank before the complainant was removed from the group. The matter was reported to the cyber cell. [SYNTHETIC RECORD]"
CASE0092,HFIR-CASE0092,investment_scheme,"Complainant Shabnam Ali, resident of Kothrud, Pune, reported that on 2024-04-04 the complainant was approached on +919869186750 by a so-called portfolio manager of a crypto trading platform with the promise of doubling the money within a few weeks. Over several days Rs. 247,900 was paid to sunita.d83@okhdfcbank, after which the group admin stopped responding. The matter was reported to the cyber cell. [SYNTHETIC RECORD]"
CASE0093,HFIR-CASE0093,marketplace_buyer,"Complainant Vivek Malhotra, resident of Cyber City, Gurugram, reported that on 2024-01-11 the complainant was approached on +919840540875 by a person claiming to be an army officer interested in buying furniture who asked the complainant to scan a code to 'receive' the amount. Rs. 390,400 went to traders2437@ybl and the buyer stopped answering. The matter was reported to the cyber cell. [SYNTHETIC RECORD]"
CASE0094,HFIR-CASE0094,electricity_bill,"Complainant Meenakshi Sundaram, resident of Salt Lake, Kolkata, reported that on 2023-05-12 the complainant received an SMS saying the electricity connection would be cut tonight and to call +919808658380 and the caller insisted that a small verification payment was needed. Rs. 166,700 was then debited and sent to UPI ID citypay65@paytm. The matter was reported to the cyber cell. [SYNTHETIC RECORD]"
CASE0095,HFIR-CASE0095,kyc_bank_impersonation,"Complainant Imran Shaikh, resident of Vaishali Nagar, Jaipur, reported that on 2024-02-23 the complainant received a call from +919831937271 from a person claiming to be a bank official and was told the debit card would be suspended because KYC documents had expired. The complainant was guided to open a remote-access app, after which Rs. 295,700 was sent to UPI ID traders2463@ybl. The matter was reported to the cyber cell. [SYNTHETIC RECORD]"
CASE0096,HFIR-CASE0096,loan_app_extortion,"Complainant Manoj Tiwari, resident of Banjara Hills, Hyderabad, reported that on 2025-03-01 the complainant was threatened by recovery agents calling from +919875899977 after using a loan app who threatened to send morphed photos to the complainant's contacts. The complainant ended up paying Rs. 126,700 to meera.s78@okhdfcbank in several instalments. The matter was reported to the cyber cell. [SYNTHETIC RECORD]"
CASE0097,HFIR-CASE0097,investment_scheme,"Complainant Imran Shaikh, resident of Vaishali Nagar, Jaipur, reported that on 2024-06-19 the complainant was approached on +919819426685 by a so-called portfolio manager of a crypto trading platform who showed fake screenshots of profits made by other members. Over several days Rs. 281,200 was paid to sanjay.p52@paytm, after which the group admin stopped responding. The matter was reported to the cyber cell. [SYNTHETIC RECORD]"
CASE0098,HFIR-CASE0098,marketplace_buyer,"Complainant Imran Shaikh, resident of Connaught Place, Delhi, reported that on 2023-01-01 the complainant listed an item for sale online and was contacted by a 'buyer' using +919889254813 who asked the complainant to scan a code to 'receive' the amount. The complainant lost Rs. 219,000, credited to UPI ID citypay68@upi. The matter was reported to the cyber cell. [SYNTHETIC RECORD]"
CASE0099,HFIR-CASE0099,electricity_bill,"Complainant Vivek Malhotra, resident of Vaishali Nagar, Jaipur, reported that on 2024-07-25 the complainant received an SMS saying the electricity connection would be cut tonight and to call +919820254291 and the caller insisted that a small verification payment was needed. The complainant lost Rs. 348,400, which went to UPI ID kavita.n10@upi. The matter was reported to the cyber cell. [SYNTHETIC RECORD]"
CASE0100,HFIR-CASE0100,kyc_bank_impersonation,"Complainant Joseph Mathew, resident of Sector 15, Gurugram, reported that on 2023-10-16 the complainant was contacted on +919821958164 by a caller who said he was from the bank's KYC department who warned that the account would be frozen within the hour for pending KYC verification. On the caller's instructions the complainant shared an OTP and moved Rs. 431,900 to sunita.d36@paytm as a 'refundable verification charge'. The matter was reported to the cyber cell. [SYNTHETIC RECORD]"
CASE0101,HFIR-CASE0101,marketplace_buyer,"Complainant Rekha Iyer, resident of Anna Nagar, Chennai, reported that on 2023-03-21 the complainant listed an item for sale online and was contacted by a 'buyer' using +919850881857 who asked the complainant to scan a code to 'receive' the amount. Instead the complainant's account was debited Rs. 173,800 to traders2453@paytm. The matter was reported to the cyber cell. [SYNTHETIC RECORD]"
CASE0102,HFIR-CASE0102,electricity_bill,"Complainant Vivek Malhotra, resident of Whitefield, Bengaluru, reported that on 2025-03-20 the complainant received an SMS saying the electricity connection would be cut tonight and to call +919882842707 and the caller asked the complainant to install an app to update the bill. The complainant lost Rs. 209,400, which went to UPI ID vikram.t14@icb. The matter was reported to the cyber cell. [SYNTHETIC RECORD]"
CASE0103,HFIR-CASE0103,kyc_bank_impersonation,"Complainant Gurpreet Kaur, resident of Sector 15, Gurugram, reported that on 2025-05-02 the complainant was contacted on +919812372983 by a caller who said he was from the bank's KYC department who said the account would be blocked unless the KYC was updated immediately. The caller asked the complainant to install a screen-sharing application and transfer Rs. 189,600 to UPI ID amitpay67@paytm for 'verification'. The matter was reported to the cyber cell. [SYNTHETIC RECORD]"
CASE0104,HFIR-CASE0104,job_task_fraud,"Complainant Arvind Joshi, resident of Kothrud, Pune, reported that on 2024-10-30 the complainant was offered a part-time online job by a person using +919833681352 and was asked to complete prepaid 'merchant tasks' to unlock higher commissions. Rs. 103,400 was transferred to UPI ID citypay58@upi before the complainant was removed from the group. The matter was reported to the cyber cell. [SYNTHETIC RECORD]"
CASE0105,HFIR-CASE0105,electricity_bill,"Complainant Suresh Patil, resident of Andheri East, Mumbai, reported that on 2023-11-12 the complainant got a message about an unpaid electricity bill with the number +919855528653 to contact and the caller said the last payment had not been updated in the system. The complainant lost Rs. 227,700, which went to UPI ID nikhil.j19@okhdfcbank. The matter was reported to the cyber cell. [SYNTHETIC RECORD]"
CASE0106,HFIR-CASE0106,marketplace_buyer,"Complainant Sangeeta Das, resident of Salt Lake, Kolkata, reported that on 2023-09-04 the complainant received a call from +919827005316 from a buyer who wanted to pay in advance who insisted on a small test transaction first. Instead the complainant's account was debited Rs. 237,900 to ravi.k28@okhdfcbank. The matter was reported to the cyber cell. [SYNTHETIC RECORD]"
CASE0107,HFIR-CASE0107,loan_app_extortion,"Complainant Vivek Malhotra, resident of Kothrud, Pune, reported that on 2024-04-04 the complainant was threatened by recovery agents calling from +919895292799 after using a loan app who threatened to send morphed photos to the complainant's contacts. Under pressure the complainant paid Rs. 242,600 to UPI ID nikhil.j93@paytm. The matter was reported to the cyber cell. [SYNTHETIC RECORD]"
CASE0108,HFIR-CASE0108,investment_scheme,"Complainant Deepak Chauhan, resident of Banjara Hills, Hyderabad, reported that on 2024-04-25 the complainant was approached on +919880508962 by a so-called portfolio manager of a crypto trading platform with the promise of doubling the money within a few weeks. Believing the returns were real, the complainant transferred Rs. 134,200 to UPI ID sanjay.p35@ybl and the platform then vanished. The matter was reported to the cyber cell. [SYNTHETIC RECORD]"
CASE0109,HFIR-CASE0109,customs_parcel,"Complainant Harish Rao, resident of Kothrud, Pune, reported that on 2024-09-19 the complainant got a call from +919808604500; the caller claimed to be from the courier company and then transferred the call to a 'customs official' who said the parcel contained contraband and threatened arrest. Rs. 344,000 was sent to UPI ID anita.r76@ybl before the complainant realised it was a fraud. The matter was reported to the cyber cell. [SYNTHETIC RECORD]"
CASE0110,HFIR-CASE0110,electricity_bill,"Complainant Rekha Iyer, resident of Kothrud, Pune, reported that on 2024-07-09 the complainant was called from +919888563774 by someone claiming to be from the electricity board and the caller insisted that a small verification payment was needed. Soon after, Rs. 95,900 was transferred to nikhil.j21@ybl without consent. The matter was reported to the cyber cell. [SYNTHETIC RECORD]"
CASE0111,HFIR-CASE0111,lottery_prize,"Complainant Harish Rao, resident of Anna Nagar, Chennai, reported that on 2024-12-12 the complainant was told on a call from +919801887021 that a car had been won in a company lottery and had to pay processing fees and GST to claim the prize. The complainant paid Rs. 207,100 to UPI ID sunita.d31@icb and never received anything. The matter was reported to the cyber cell. [SYNTHETIC RECORD]"
CASE0112,HFIR-CASE0112,loan_app_extortion,"Complainant Suresh Patil, resident of Banjara Hills, Hyderabad, reported that on 2024-03-05 the complainant was threatened by recovery agents calling from +919893289934 after using a loan app who threatened to send morphed photos to the complainant's contacts. The complainant ended up paying Rs. 247,900 to freshmart67@paytm in several instalments. The matter was reported to the cyber cell. [SYNTHETIC RECORD]"
CASE0113,HFIR-CASE0113,kyc_bank_impersonation,"Complainant Kiran Reddy, resident of Banjara Hills, Hyderabad, reported that on 2024-04-07 the complainant received a call from +919849104000 from a person claiming to be a bank official and was told the debit card would be suspended because KYC documents had expired. The complainant was guided to open a remote-access app, after which Rs. 178,100 was sent to UPI ID rahulk.scam@icb. The matter was reported to the cyber cell. [SYNTHETIC RECORD]"
CASE0114,HFIR-CASE0114,job_task_fraud,"Complainant Vivek Malhotra, resident of Whitefield, Bengaluru, reported that on 2025-06-16 the complainant was contacted from +919853072771 with a work-from-home task offer after which the tasks required depositing money first. Rs. 144,700 was transferred to UPI ID sunita.d9@ybl before the complainant was removed from the group. The matter was reported to the cyber cell. [SYNTHETIC RECORD]"
CASE0115,HFIR-CASE0115,investment_scheme,"Complainant Meenakshi Sundaram, resident of Kothrud, Pune, reported that on 2024-04-05 the complainant was approached on +919821480640 by a so-called portfolio manager of a crypto trading platform who assured fixed daily returns of five percent. Over several days Rs. 158,200 was paid to sanjay.p56@okhdfcbank, after which the group admin stopped responding. The matter was reported to the cyber cell. [SYNTHETIC RECORD]"
CASE0116,HFIR-CASE0116,loan_app_extortion,"Complainant Shabnam Ali, resident of Banjara Hills, Hyderabad, reported that on 2023-06-16 the complainant installed an instant-loan app and later started getting abusive calls from +919860988662 who threatened to send morphed photos to the complainant's contacts. Rs. 154,400 was extorted through UPI ID meera.s53@paytm. The matter was reported to the cyber cell. [SYNTHETIC RECORD]"
CASE0117,HFIR-CASE0117,loan_app_extortion,"Complainant Harish Rao, resident of Whitefield, Bengaluru, reported that on 2024-04-08 the complainant took a small loan through a mobile lending app and was then harassed from +919818250868 who accessed the phone's contact list and threatened to shame the complainant. Under pressure the complainant paid Rs. 257,200 to UPI ID kavita.n62@upi. The matter was reported to the cyber cell. [SYNTHETIC RECORD]"
CASE0118,HFIR-CASE0118,kyc_bank_impersonation,"Complainant Imran Shaikh, resident of Sector 15, Gurugram, reported that on 2025-01-27 the complainant received a call from +919859834185 from a person claiming to be a bank official who said the account would be blocked unless the KYC was updated immediately. The caller asked the complainant to install a screen-sharing application and transfer Rs. 73,600 to UPI ID quickcash71@okhdfcbank for 'verification'. The matter was reported to the cyber cell. [SYNTHETIC RECORD]"
CASE0119,HFIR-CASE0119,investment_scheme,"Complainant Deepak Chauhan, resident of Cyber City, Gurugram, reported that on 2023-08-19 the complainant received a message and then a call from +919827012297 offering guaranteed returns on an investment plan with the promise of doubling the money within a few weeks. The complainant invested Rs. 104,800 through UPI ID freshmart10@upi; the dashboard showed profits but withdrawals were never allowed. The matter was reported to the cyber cell. [SYNTHETIC RECORD]"
CASE0120,HFIR-CASE0120,kyc_bank_impersonation,"Complainant Pallavi Deshmukh, resident of Banjara Hills, Hyderabad, reported that on 2024-01-20 the complainant was contacted on +919803457191 by a caller who said he was from the bank's KYC department who warned that the account would be frozen within the hour for pending KYC verification. The caller asked the complainant to install a screen-sharing application and transfer Rs. 112,100 to UPI ID sanjay.p49@upi for 'verification'. The matter was reported to the cyber cell. [SYNTHETIC RECORD]"
CASE0121,HFIR-CASE0121,customs_parcel,"Complainant Meenakshi Sundaram, resident of Anna Nagar, Chennai, reported that on 2023-07-30 the complainant received a call from +919839194675 from a person posing as a customs officer who said the parcel contained contraband and threatened arrest. Out of fear the complainant paid Rs. 238,100 to UPI ID traders2469@ybl. The matter was reported to the cyber cell. [SYNTHETIC RECORD]"
CASE0122,HFIR-CASE0122,kyc_bank_impersonation,"Complainant Vivek Malhotra, resident of Anna Nagar, Chennai, reported that on 2025-04-05 the complainant was contacted on +919812399127 by a caller who said he was from the bank's KYC department who warned that the account would be frozen within the hour for pending KYC verification. The complainant was guided to open a remote-access app, after which Rs. 93,000 was sent to UPI ID kavita.n3@ybl. The matter was reported to the cyber cell. [SYNTHETIC RECORD]"
CASE0123,HFIR-CASE0123,lottery_prize,"Complainant Sangeeta Das, resident of Andheri East, Mumbai, reported that on 2023-04-23 the complainant received a call from +919863703342 saying the complainant had won a lucky draw but first needed to pay registration and delivery charges. The complainant paid Rs. 215,300 to UPI ID amitpay70@okhdfcbank and never received anything. The matter was reported to the cyber cell. [SYNTHETIC RECORD]"
CASE0124,HFIR-CASE0124,investment_scheme,"Complainant Deepak Chauhan, resident of Banjara Hills, Hyderabad, reported that on 2023-10-23 the complainant received a message and then a call from +919831929581 offering guaranteed returns on an investment plan with the promise of doubling the money within a few weeks. Believing the returns were real, the complainant transferred Rs. 300,300 to UPI ID deepa.v9@paytm and the platform then vanished. The matter was reported to the cyber cell. [SYNTHETIC RECORD]"
CASE0125,HFIR-CASE0125,lottery_prize,"Complainant Suresh Patil, resident of Cyber City, Gurugram, reported that on 2023-10-14 the complainant got a message and call from +919870835827 about a prize from a TV show provided a small tax amount was paid upfront. In total Rs. 295,100 went to UPI ID anita.r89@icb. The matter was reported to the cyber cell. [SYNTHETIC RECORD]"
CASE0126,HFIR-CASE0126,investment_scheme,"Complainant Manoj Tiwari, resident of Anna Nagar, Chennai, reported that on 2023-11-16 the complainant received a message and then a call from +919856950170 offering guaranteed returns on an investment plan who assured fixed daily returns of five percent. Believing the returns were real, the complainant transferred Rs. 125,700 to UPI ID deepa.v35@paytm and the platform then vanished. The matter was reported to the cyber cell. [SYNTHETIC RECORD]"
CASE0127,HFIR-CASE0127,electricity_bill,"Complainant Joseph Mathew, resident of Vaishali Nagar, Jaipur, reported that on 2025-05-02 the complainant was called from +919806755990 by someone claiming to be from the electricity board and the caller said the last payment had not been updated in the system. Rs. 329,400 was then debited and sent to UPI ID amitpay67@paytm. The matter was reported to the cyber cell. [SYNTHETIC RECORD]"
CASE0128,HFIR-CASE0128,job_task_fraud,"Complainant Farhan Qureshi, resident of Connaught Place, Delhi, reported that on 2023-08-11 the complainant was offered a part-time online job by a person using +919840543064 and was initially paid small amounts to build trust. Rs. 314,900 was transferred to UPI ID meera.s73@upi before the complainant was removed from the group. The matter was reported to the cyber cell. [SYNTHETIC RECORD]"
CASE0129,HFIR-CASE0129,investment_scheme,"Complainant Deepak Chauhan, resident of Whitefield, Bengaluru, reported that on 2023-02-17 the complainant received a message and then a call from +919849972949 offering guaranteed returns on an investment plan with the promise of doubling the money within a few weeks. The complainant invested Rs. 156,000 through UPI ID quickcash35@ybl; the dashboard showed profits but withdrawals were never allowed. The matter was reported to the cyber cell. [SYNTHETIC RECORD]"
CASE0130,HFIR-CASE0130,investment_scheme,"Complainant Manoj Tiwari, resident of Anna Nagar, Chennai, reported that on 2024-09-22 the complainant received a message and then a call from +919895252357 offering guaranteed returns on an investment plan who assured fixed daily returns of five percent. The complainant invested Rs. 191,500 through UPI ID pooja.b57@icb; the dashboard showed profits but withdrawals were never allowed. The matter was reported to the cyber cell. [SYNTHETIC RECORD]"
CASE0131,HFIR-CASE0131,marketplace_buyer,"Complainant Suresh Patil, resident of Connaught Place, Delhi, reported that on 2024-05-10 the complainant was approached on +919873668078 by a person claiming to be an army officer interested in buying furniture who sent a UPI QR code saying it was to receive payment. Instead the complainant's account was debited Rs. 136,000 to amitpay34@paytm. The matter was reported to the cyber cell. [SYNTHETIC RECORD]"
CASE0132,HFIR-CASE0132,kyc_bank_impersonation,"Complainant Harish Rao, resident of Anna Nagar, Chennai, reported that on 2023-01-29 the complainant got repeated calls from +919831338123; the caller posed as a customer-care executive of the bank and was told the debit card would be suspended because KYC documents had expired. The caller asked the complainant to install a screen-sharing application and transfer Rs. 57,600 to UPI ID meera.s70@okhdfcbank for 'verification'. The matter was reported to the cyber cell. [SYNTHETIC RECORD]"
CASE0133,HFIR-CASE0133,kyc_bank_impersonation,"Complainant Neha Bansal, resident of Sector 15, Gurugram, reported that on 2023-05-29 the complainant got repeated calls from +919839294570; the caller posed as a customer-care executive of the bank who warned that the account would be frozen within the hour for pending KYC verification. On the caller's instructions the complainant shared an OTP and moved Rs. 173,700 to rajesh.m63@okhdfcbank as a 'refundable verification charge'. The matter was reported to the cyber cell. [SYNTHETIC RECORD]"
CASE0134,HFIR-CASE0134,customs_parcel,"Complainant Sangeeta Das, resident of Connaught Place, Delhi, reported that on 2024-04-01 the complainant got a call from +919819991878; the caller claimed to be from the courier company and then transferred the call to a 'customs official' and demanded a clearance fee to avoid legal action. The complainant transferred Rs. 159,000 to anita.r73@icb as the so-called customs duty. The matter was reported to the cyber cell. [SYNTHETIC RECORD]"
CASE0135,HFIR-CASE0135,job_task_fraud,"Complainant Sangeeta Das, resident of Andheri East, Mumbai, reported that on 2023-03-11 the complainant was offered a part-time online job by a person using +919894796614 and was asked to complete prepaid 'merchant tasks' to unlock higher commissions. In total Rs. 285,000 was deposited to UPI ID anita.r64@upi and none of it was returned. The matter was reported to the cyber cell. [SYNTHETIC RECORD]"
CASE0136,HFIR-CASE0136,investment_scheme,"Complainant Arvind Joshi, resident of Cyber City, Gurugram, reported that on 2023-07-14 the complainant received a message and then a call from +919801077922 offering guaranteed returns on an investment plan who showed fake screenshots of profits made by other members. The complainant invested Rs. 316,900 through UPI ID kavita.n77@okhdfcbank; the dashboard showed profits but withdrawals were never allowed. The matter was reported to the cyber cell. [SYNTHETIC RECORD]"
CASE0137,HFIR-CASE0137,lottery_prize,"Complainant Gurpreet Kaur, resident of Whitefield, Bengaluru, reported that on 2023-11-04 the complainant was told on a call from +919812576231 that a car had been won in a company lottery and had to pay processing fees and GST to claim the prize. Rs. 360,000 was transferred to anita.r86@okhdfcbank for the fees. The matter was reported to the cyber cell. [SYNTHETIC RECORD]"
CASE0138,HFIR-CASE0138,kyc_bank_impersonation,"Complainant Suresh Patil, resident of Andheri East, Mumbai, reported that on 2023-08-26 the complainant got repeated calls from +919833193885; the caller posed as a customer-care executive of the bank who said the account would be blocked unless the KYC was updated immediately. The complainant was guided to open a remote-access app, after which Rs. 155,600 was sent to UPI ID amitpay55@upi. The matter was reported to the cyber cell. [SYNTHETIC RECORD]"
CASE0139,HFIR-CASE0139,lottery_prize,"Complainant Shabnam Ali, resident of Sector 15, Gurugram, reported that on 2024-04-28 the complainant received a call from +919875124784 saying the complainant had won a lucky draw but first needed to pay registration and delivery charges. Rs. 333,700 was transferred to kavita.n16@okhdfcbank for the fees. The matter was reported to the cyber cell. [SYNTHETIC RECORD]"
CASE0140,HFIR-CASE0140,job_task_fraud,"Complainant Manoj Tiwari, resident of Whitefield, Bengaluru, reported that on 2024-03-25 the complainant received a message from +919870728112 about earning money by liking videos and rating hotels and was asked to complete prepaid 'merchant tasks' to unlock higher commissions. In total Rs. 253,200 was deposited to UPI ID deepa.v71@icb and none of it was returned. The matter was reported to the cyber cell. [SYNTHETIC RECORD]"
CASE0141,HFIR-CASE0141,marketplace_buyer,"Complainant Bhavna Trivedi, resident of Sector 15, Gurugram, reported that on 2024-01-14 the complainant was approached on +919855916949 by a person claiming to be an army officer interested in buying furniture who sent a UPI QR code saying it was to receive payment. Instead the complainant's account was debited Rs. 148,200 to rajesh.m83@okhdfcbank. The matter was reported to the cyber cell. [SYNTHETIC RECORD]"
CASE0142,HFIR-CASE0142,investment_scheme,"Complainant Imran Shaikh, resident of Cyber City, Gurugram, reported that on 2025-01-19 the complainant was added to a messaging group promoting a stock-trading scheme and later contacted from +919820930235 with the promise of doubling the money within a few weeks. The complainant invested Rs. 178,600 through UPI ID nikhil.j79@paytm; the dashboard showed profits but withdrawals were never allowed. The matter was reported to the cyber cell. [SYNTHETIC RECORD]"
CASE0143,HFIR-CASE0143,investment_scheme,"Complainant Meenakshi Sundaram, resident of Andheri East, Mumbai, reported that on 2023-10-01 the complainant was added to a messaging group promoting a stock-trading scheme and later contacted from +919817430452 who assured fixed daily returns of five percent. Over several days Rs. 296,800 was paid to amitpay29@icb, after which the group admin stopped responding. The matter was reported to the cyber cell. [SYNTHETIC RECORD]"
CASE0144,HFIR-CASE0144,customs_parcel,"Complainant Bhavna Trivedi, resident of Andheri East, Mumbai, reported that on 2024-12-10 the complainant received a call from +919865856823 from a person posing as a customs officer who said the parcel contained contraband and threatened arrest. Out of fear the complainant paid Rs. 416,100 to UPI ID sanjay.p84@okhdfcbank. The matter was reported to the cyber cell. [SYNTHETIC RECORD]"
CASE0145,HFIR-CASE0145,lottery_prize,"Complainant Imran Shaikh, resident of Andheri East, Mumbai, reported that on 2023-09-29 the complainant was told on a call from +919875538546 that a car had been won in a company lottery provided a small tax amount was paid upfront. In total Rs. 120,200 went to UPI ID sanjay.p69@paytm. The matter was reported to the cyber cell. [SYNTHETIC RECORD]"
CASE0146,HFIR-CASE0146,kyc_bank_impersonation,"Complainant Vivek Malhotra, resident of Sector 15, Gurugram, reported that on 2023-04-20 the complainant was contacted on +919896255608 by a caller who said he was from the bank's KYC department who warned that the account would be frozen within the hour for pending KYC verification. The caller asked the complainant to install a screen-sharing application and transfer Rs. 221,600 to UPI ID freshmart57@okhdfcbank for 'verification'. The matter was reported to the cyber cell. [SYNTHETIC RECORD]"
CASE0147,HFIR-CASE0147,lottery_prize,"Complainant Imran Shaikh, resident of Vaishali Nagar, Jaipur, reported that on 2024-01-27 the complainant got a message and call from +919888322204 about a prize from a TV show but first needed to pay registration and delivery charges. The complainant paid Rs. 196,000 to UPI ID meera.s63@paytm and never received anything. The matter was reported to the cyber cell. [SYNTHETIC RECORD]"
CASE0148,HFIR-CASE0148,lottery_prize,"Complainant Arvind Joshi, resident of Vaishali Nagar, Jaipur, reported that on 2023-03-31 the complainant got a message and call from +919874234126 about a prize from a TV show provided a small tax amount was paid upfront. Rs. 118,900 was transferred to amitpay37@ybl for the fees. The matter was reported to the cyber cell. [SYNTHETIC RECORD]"
CASE0149,HFIR-CASE0149,job_task_fraud,"Complainant Joseph Mathew, resident of Connaught Place, Delhi, reported that on 2024-05-02 the complainant was offered a part-time online job by a person using +919824605307 and was initially paid small amounts to build trust. In total Rs. 292,100 was deposited to UPI ID anita.r98@upi and none of it was returned. The matter was reported to the cyber cell. [SYNTHETIC RECORD]"
CASE0150,HFIR-CASE0150,customs_parcel,"Complainant Shabnam Ali, resident of Andheri East, Mumbai, reported that on 2025-02-17 the complainant got a call from +919869431911; the caller claimed to be from the courier company and then transferred the call to a 'customs official' and demanded a clearance fee to avoid legal action. Rs. 157,500 was sent to UPI ID amitpay41@okhdfcbank before the complainant realised it was a fraud. The matter was reported to the cyber cell. [SYNTHETIC RECORD]"
CASE0151,HFIR-CASE0151,lottery_prize,"Complainant Vivek Malhotra, resident of Kothrud, Pune, reported that on 2023-02-28 the complainant got a message and call from +919840725433 about a prize from a TV show provided a small tax amount was paid upfront. The complainant paid Rs. 390,700 to UPI ID vikram.t11@paytm and never received anything. The matter was reported to the cyber cell. [SYNTHETIC RECORD]"
CASE0152,HFIR-CASE0152,marketplace_buyer,"Complainant Lakshmi Narayanan, resident of Banjara Hills, Hyderabad, reported that on 2023-01-22 the complainant listed an item for sale online and was contacted by a 'buyer' using +919813673603 who sent a UPI QR code saying it was to receive payment. Instead the complainant's account was debited Rs. 372,700 to meera.s41@paytm. The matter was reported to the cyber cell. [SYNTHETIC RECORD]"
CASE0153,HFIR-CASE0153,loan_app_extortion,"Complainant Gurpreet Kaur, resident of Connaught Place, Delhi, reported that on 2024-04-07 the complainant installed an instant-loan app and later started getting abusive calls from +919847505300 who threatened to send morphed photos to the complainant's contacts. Under pressure the complainant paid Rs. 281,400 to UPI ID traders2435@ybl. The matter was reported to the cyber cell. [SYNTHETIC RECORD]"
CASE0154,HFIR-CASE0154,job_task_fraud,"Complainant Pallavi Deshmukh, resident of Salt Lake, Kolkata, reported that on 2024-01-15 the complainant was contacted from +919811007815 with a work-from-home task offer after which the tasks required depositing money first. Rs. 193,200 was transferred to UPI ID meera.s81@ybl before the complainant was removed from the group. The matter was reported to the cyber cell. [SYNTHETIC RECORD]"
CASE0155,HFIR-CASE0155,kyc_bank_impersonation,"Complainant Manoj Tiwari, resident of Banjara Hills, Hyderabad, reported that on 2023-07-25 the complainant got repeated calls from +919804040613; the caller posed as a customer-care executive of the bank and was told the debit card would be suspended because KYC documents had expired. On the caller's instructions the complainant shared an OTP and moved Rs. 114,200 to ravi.k61@ybl as a 'refundable verification charge'. The matter was reported to the cyber cell. [SYNTHETIC RECORD]"
CASE0156,HFIR-CASE0156,electricity_bill,"Complainant Lakshmi Narayanan, resident of Banjara Hills, Hyderabad, reported that on 2023-07-14 the complainant got a message about an unpaid electricity bill with the number +919800558603 to contact and the caller insisted that a small verification payment was needed. Rs. 223,500 was then debited and sent to UPI ID traders2465@okhdfcbank. The matter was reported to the cyber cell. [SYNTHETIC RECORD]"
CASE0157,HFIR-CASE0157,job_task_fraud,"Complainant Vivek Malhotra, resident of Anna Nagar, Chennai, reported that on 2023-12-17 the complainant was contacted from +919838653481 with a work-from-home task offer and was asked to complete prepaid 'merchant tasks' to unlock higher commissions. In total Rs. 198,700 was deposited to UPI ID meera.s31@ybl and none of it was returned. The matter was reported to the cyber cell. [SYNTHETIC RECORD]"
CASE0158,HFIR-CASE0158,lottery_prize,"Complainant Deepak Chauhan, resident of Kothrud, Pune, reported that on 2024-05-18 the complainant was told on a call from +919811356315 that a car had been won in a company lottery but first needed to pay registration and delivery charges. The complainant paid Rs. 72,400 to UPI ID anita.r34@okhdfcbank and never received anything. The matter was reported to the cyber cell. [SYNTHETIC RECORD]"
CASE0159,HFIR-CASE0159,electricity_bill,"Complainant Lakshmi Narayanan, resident of Whitefield, Bengaluru, reported that on 2024-04-11 the complainant received an SMS saying the electricity connection would be cut tonight and to call +919859158407 and the caller said the last payment had not been updated in the system. Rs. 282,400 was then debited and sent to UPI ID amitpay21@upi. The matter was reported to the cyber cell. [SYNTHETIC RECORD]"
CASE0160,HFIR-CASE0160,electricity_bill,"Complainant Farhan Qureshi, resident of Andheri East, Mumbai, reported that on 2024-01-29 the complainant received an SMS saying the electricity connection would be cut tonight and to call +919896125545 and the caller said the last payment had not been updated in the system. Soon after, Rs. 103,400 was transferred to rajesh.m79@icb without consent. The matter was reported to the cyber cell. [SYNTHETIC RECORD]"
CASE0161,HFIR-CASE0161,electricity_bill,"Complainant Pallavi Deshmukh, resident of Banjara Hills, Hyderabad, reported that on 2023-06-16 the complainant received an SMS saying the electricity connection would be cut tonight and to call +919808695749 and the caller insisted that a small verification payment was needed. The complainant lost Rs. 291,900, which went to UPI ID quickcash6@upi. The matter was reported to the cyber cell. [SYNTHETIC RECORD]"
CASE0162,HFIR-CASE0162,electricity_bill,"Complainant Shabnam Ali, resident of Sector 15, Gurugram, reported that on 2025-04-02 the complainant got a message about an unpaid electricity bill with the number +919809512120 to contact and the caller insisted that a small verification payment was needed. The complainant lost Rs. 252,200, which went to UPI ID ravi.k62@upi. The matter was reported to the cyber cell. [SYNTHETIC RECORD]"
CASE0163,HFIR-CASE0163,kyc_bank_impersonation,"Complainant Gurpreet Kaur, resident of Andheri East, Mumbai, reported that on 2023-06-24 the complainant received a call from +919814170564 from a person claiming to be a bank official who warned that the account would be frozen within the hour for pending KYC verification. On the caller's instructions the complainant shared an OTP and moved Rs. 262,400 to vikram.t30@icb as a 'refundable verification charge'. The matter was reported to the cyber cell. [SYNTHETIC RECORD]"
CASE0164,HFIR-CASE0164,electricity_bill,"Complainant Shabnam Ali, resident of Cyber City, Gurugram, reported that on 2023-10-28 the complainant got a message about an unpaid electricity bill with the number +919889862592 to contact and the caller insisted that a small verification payment was needed. Soon after, Rs. 160,100 was transferred to sunita.d76@upi without consent. The matter was reported to the cyber cell. [SYNTHETIC RECORD]"
CASE0165,HFIR-CASE0165,customs_parcel,"Complainant Kiran Reddy, resident of Vaishali Nagar, Jaipur, reported that on 2023-04-23 the complainant got a call from +919843564402; the caller claimed to be from the courier company and then transferred the call to a 'customs official' who threatened a police case unless a penalty was paid immediately. Rs. 315,700 was sent to UPI ID ravi.k24@icb before the complainant realised it was a fraud. The matter was reported to the cyber cell. [SYNTHETIC RECORD]"
CASE0166,HFIR-CASE0166,loan_app_extortion,"Complainant Meenakshi Sundaram, resident of Whitefield, Bengaluru, reported that on 2023-07-10 the complainant was threatened by recovery agents calling from +919804770625 after using a loan app who threatened to send morphed photos to the complainant's contacts. The complainant ended up paying Rs. 182,900 to freshmart27@paytm in several instalments. The matter was reported to the cyber cell. [SYNTHETIC RECORD]"
CASE0167,HFIR-CASE0167,kyc_bank_impersonation,"Complainant Suresh Patil, resident of Andheri East, Mumbai, reported that on 2024-04-27 the complainant was contacted on +919893118850 by a caller who said he was from the bank's KYC department who warned that the account would be frozen within the hour for pending KYC verification. On the caller's instructions the complainant shared an OTP and moved Rs. 281,100 to kavita.n37@ybl as a 'refundable verification charge'. The matter was reported to the cyber cell. [SYNTHETIC RECORD]"
CASE0168,HFIR-CASE0168,lottery_prize,"Complainant Manoj Tiwari, resident of Whitefield, Bengaluru, reported that on 2024-09-11 the complainant received a call from +919875049267 saying the complainant had won a lucky draw but first needed to pay registration and delivery charges. The complainant paid Rs. 396,200 to UPI ID quickcash62@okhdfcbank and never received anything. The matter was reported to the cyber cell. [SYNTHETIC RECORD]"
CASE0169,HFIR-CASE0169,investment_scheme,"Complainant Imran Shaikh, resident of Andheri East, Mumbai, reported that on 2025-03-02 the complainant was approached on +919865137300 by a so-called portfolio manager of a crypto trading platform with the promise of doubling the money within a few weeks. Believing the returns were real, the complainant transferred Rs. 184,300 to UPI ID amitpay90@ybl and the platform then vanished. The matter was reported to the cyber cell. [SYNTHETIC RECORD]"
CASE0170,HFIR-CASE0170,lottery_prize,"Complainant Suresh Patil, resident of Vaishali Nagar, Jaipur, reported that on 2024-06-12 the complainant was told on a call from +919893288326 that a car had been won in a company lottery provided a small tax amount was paid upfront. Rs. 259,500 was transferred to anita.r14@upi for the fees. The matter was reported to the cyber cell. [SYNTHETIC RECORD]"
CASE0171,HFIR-CASE0171,investment_scheme,"Complainant Gurpreet Kaur, resident of Whitefield, Bengaluru, reported that on 2023-01-08 the complainant was approached on +919875580256 by a so-called portfolio manager of a crypto trading platform with the promise of doubling the money within a few weeks. Believing the returns were real, the complainant transferred Rs. 219,400 to UPI ID ravi.k32@okhdfcbank and the platform then vanished. The matter was reported to the cyber cell. [SYNTHETIC RECORD]"
CASE0172,HFIR-CASE0172,marketplace_buyer,"Complainant Deepak Chauhan, resident of Connaught Place, Delhi, reported that on 2023-11-10 the complainant listed an item for sale online and was contacted by a 'buyer' using +919873912336 who asked the complainant to scan a code to 'receive' the amount. The complainant lost Rs. 219,600, credited to UPI ID anita.r12@okhdfcbank. The matter was reported to the cyber cell. [SYNTHETIC RECORD]"
CASE0173,HFIR-CASE0173,lottery_prize,"Complainant Suresh Patil, resident of Whitefield, Bengaluru, reported that on 2023-07-04 the complainant was told on a call from +919871729032 that a car had been won in a company lottery and had to pay processing fees and GST to claim the prize. The complainant paid Rs. 139,800 to UPI ID nikhil.j54@ybl and never received anything. The matter was reported to the cyber cell. [SYNTHETIC RECORD]"
CASE0174,HFIR-CASE0174,loan_app_extortion,"Complainant Kiran Reddy, resident of Whitefield, Bengaluru, reported that on 2025-04-07 the complainant took a small loan through a mobile lending app and was then harassed from +919863733915 demanding repayment far beyond the amount borrowed. Rs. 118,900 was extorted through UPI ID anita.r89@upi. The matter was reported to the cyber cell. [SYNTHETIC RECORD]"
CASE0175,HFIR-CASE0175,marketplace_buyer,"Complainant Meenakshi Sundaram, resident of Salt Lake, Kolkata, reported that on 2024-07-05 the complainant listed an item for sale online and was contacted by a 'buyer' using +919866990426 who sent a UPI QR code saying it was to receive payment. Rs. 390,900 went to ravi.k57@okhdfcbank and the buyer stopped answering. The matter was reported to the cyber cell. [SYNTHETIC RECORD]"
CASE0176,HFIR-CASE0176,kyc_bank_impersonation,"Complainant Pallavi Deshmukh, resident of Vaishali Nagar, Jaipur, reported that on 2023-12-10 the complainant got repeated calls from +919872203782; the caller posed as a customer-care executive of the bank who warned that the account would be frozen within the hour for pending KYC verification. The complainant was guided to open a remote-access app, after which Rs. 129,700 was sent to UPI ID pooja.b27@upi. The matter was reported to the cyber cell. [SYNTHETIC RECORD]"
CASE0177,HFIR-CASE0177,investment_scheme,"Complainant Gurpreet Kaur, resident of Vaishali Nagar, Jaipur, reported that on 2024-10-11 the complainant was added to a messaging group promoting a stock-trading scheme and later contacted from +919845506607 who assured fixed daily returns of five percent. The complainant invested Rs. 211,400 through UPI ID anita.r30@icb; the dashboard showed profits but withdrawals were never allowed. The matter was reported to the cyber cell. [SYNTHETIC RECORD]"
CASE0178,HFIR-CASE0178,kyc_bank_impersonation,"Complainant Harish Rao, resident of Andheri East, Mumbai, reported that on 2023-01-16 the complainant received a call from +919894429413 from a person claiming to be a bank official who said the account would be blocked unless the KYC was updated immediately. The complainant was guided to open a remote-access app, after which Rs. 249,000 was sent to UPI ID amitpay95@okhdfcbank. The matter was reported to the cyber cell. [SYNTHETIC RECORD]"
CASE0179,HFIR-CASE0179,lottery_prize,"Complainant Rekha Iyer, resident of Banjara Hills, Hyderabad, reported that on 2024-01-02 the complainant was told on a call from +919880767729 that a car had been won in a company lottery and had to pay processing fees and GST to claim the prize. Rs. 60,200 was transferred to nikhil.j31@ybl for the fees. The matter was reported to the cyber cell. [SYNTHETIC RECORD]"
CASE0180,HFIR-CASE0180,loan_app_extortion,"Complainant Deepak Chauhan, resident of Whitefield, Bengaluru, reported that on 2024-10-27 the complainant was threatened by recovery agents calling from +919866550594 after using a loan app who threatened to send morphed photos to the complainant's contacts. The complainant ended up paying Rs. 256,800 to amitpay95@ybl in several instalments. The matter was reported to the cyber cell. [SYNTHETIC RECORD]"
CASE0181,HFIR-CASE0181,marketplace_buyer,"Complainant Shabnam Ali, resident of Banjara Hills, Hyderabad, reported that on 2024-07-26 the complainant received a call from +919868582785 from a buyer who wanted to pay in advance who insisted on a small test transaction first. Instead the complainant's account was debited Rs. 167,900 to sunita.d64@upi. The matter was reported to the cyber cell. [SYNTHETIC RECORD]"
CASE0182,HFIR-CASE0182,loan_app_extortion,"Complainant Suresh Patil, resident of Salt Lake, Kolkata, reported that on 2023-11-17 the complainant took a small loan through a mobile lending app and was then harassed from +919830208270 demanding repayment far beyond the amount borrowed. The complainant ended up paying Rs. 367,700 to pooja.b53@paytm in several instalments. The matter was reported to the cyber cell. [SYNTHETIC RECORD]"
CASE0183,HFIR-CASE0183,customs_parcel,"Complainant Anjali Mehta, resident of Sector 15, Gurugram, reported that on 2024-01-21 the complainant received a call from +919864951595 from a person posing as a customs officer who said the parcel contained contraband and threatened arrest. The complainant transferred Rs. 160,700 to amitpay98@paytm as the so-called customs duty. The matter was reported to the cyber cell. [SYNTHETIC RECORD]"
CASE0184,HFIR-CASE0184,lottery_prize,"Complainant Neha Bansal, resident of Anna Nagar, Chennai, reported that on 2023-05-01 the complainant received a call from +919859685664 saying the complainant had won a lucky draw and had to pay processing fees and GST to claim the prize. Rs. 313,000 was transferred to freshmart77@okhdfcbank for the fees. The matter was reported to the cyber cell. [SYNTHETIC RECORD]"
CASE0185,HFIR-CASE0185,loan_app_extortion,"Complainant Joseph Mathew, resident of Salt Lake, Kolkata, reported that on 2024-09-07 the complainant installed an instant-loan app and later started getting abusive calls from +919800184307 demanding repayment far beyond the amount borrowed. Rs. 288,700 was extorted through UPI ID pooja.b75@paytm. The matter was reported to the cyber cell. [SYNTHETIC RECORD]"
CASE0186,HFIR-CASE0186,job_task_fraud,"Complainant Deepak Chauhan, resident of Anna Nagar, Chennai, reported that on 2024-11-02 the complainant was offered a part-time online job by a person using +919815475174 and was initially paid small amounts to build trust. Rs. 251,500 was transferred to UPI ID meera.s24@icb before the complainant was removed from the group. The matter was reported to the cyber cell. [SYNTHETIC RECORD]"
CASE0187,HFIR-CASE0187,job_task_fraud,"Complainant Shabnam Ali, resident of Vaishali Nagar, Jaipur, reported that on 2024-08-11 the complainant received a message from +919834780801 about earning money by liking videos and rating hotels and was initially paid small amounts to build trust. In total Rs. 46,400 was deposited to UPI ID citypay96@paytm and none of it was returned. The matter was reported to the cyber cell. [SYNTHETIC RECORD]"
CASE0188,HFIR-CASE0188,job_task_fraud,"Complainant Gurpreet Kaur, resident of Banjara Hills, Hyderabad, reported that on 2023-10-18 the complainant was offered a part-time online job by a person using +919863533881 and was asked to complete prepaid 'merchant tasks' to unlock higher commissions. The complainant paid Rs. 366,400 to anita.r78@okhdfcbank for tasks and the promised commission never came. The matter was reported to the cyber cell. [SYNTHETIC RECORD]"
CASE0189,HFIR-CASE0189,kyc_bank_impersonation,"Complainant Meenakshi Sundaram, resident of Banjara Hills, Hyderabad, reported that on 2024-08-12 the complainant got repeated calls from +919834759472; the caller posed as a customer-care executive of the bank and was told the debit card would be suspended because KYC documents had expired. The complainant was guided to open a remote-access app, after which Rs. 294,200 was sent to UPI ID rajesh.m15@paytm. The matter was reported to the cyber cell. [SYNTHETIC RECORD]"
CASE0190,HFIR-CASE0190,lottery_prize,"Complainant Lakshmi Narayanan, resident of Andheri East, Mumbai, reported that on 2024-04-19 the complainant got a message and call from +919843271355 about a prize from a TV show provided a small tax amount was paid upfront. Rs. 85,100 was transferred to quickcash94@ybl for the fees. The matter was reported to the cyber cell. [SYNTHETIC RECORD]"
CASE0191,HFIR-CASE0191,kyc_bank_impersonation,"Complainant Sangeeta Das, resident of Sector 15, Gurugram, reported that on 2023-09-14 the complainant received a call from +919809284315 from a person claiming to be a bank official who warned that the account would be frozen within the hour for pending KYC verification. On the caller's instructions the complainant shared an OTP and moved Rs. 215,200 to pooja.b36@ybl as a 'refundable verification charge'. The matter was reported to the cyber cell. [SYNTHETIC RECORD]"
CASE0192,HFIR-CASE0192,investment_scheme,"Complainant Arvind Joshi, resident of Kothrud, Pune, reported that on 2024-03-01 the complainant received a message and then a call from +919878800489 offering guaranteed returns on an investment plan who assured fixed daily returns of five percent. The complainant invested Rs. 261,200 through UPI ID nikhil.j53@paytm; the dashboard showed profits but withdrawals were never allowed. The matter was reported to the cyber cell. [SYNTHETIC RECORD]"
CASE0193,HFIR-CASE0193,kyc_bank_impersonation,"Complainant Joseph Mathew, resident of Connaught Place, Delhi, reported that on 2024-11-08 the complainant was contacted on +919826915295 by a caller who said he was from the bank's KYC department who said the account would be blocked unless the KYC was updated immediately. The complainant was guided to open a remote-access app, after which Rs. 277,600 was sent to UPI ID sanjay.p62@okhdfcbank. The matter was reported to the cyber cell. [SYNTHETIC RECORD]"
CASE0194,HFIR-CASE0194,lottery_prize,"Complainant Rekha Iyer, resident of Banjara Hills, Hyderabad, reported that on 2024-03-31 the complainant got a message and call from +919828739984 about a prize from a TV show but first needed to pay registration and delivery charges. In total Rs. 148,400 went to UPI ID citypay2@paytm. The matter was reported to the cyber cell. [SYNTHETIC RECORD]"
CASE0195,HFIR-CASE0195,marketplace_buyer,"Complainant Farhan Qureshi, resident of Anna Nagar, Chennai, reported that on 2024-12-29 the complainant received a call from +919820899171 from a buyer who wanted to pay in advance who insisted on a small test transaction first. Rs. 269,300 went to rajesh.m40@icb and the buyer stopped answering. The matter was reported to the cyber cell. [SYNTHETIC RECORD]"
CASE0196,HFIR-CASE0196,job_task_fraud,"Complainant Deepak Chauhan, resident of Anna Nagar, Chennai, reported that on 2023-03-21 the complainant received a message from +919826660104 about earning money by liking videos and rating hotels and was initially paid small amounts to build trust. In total Rs. 125,600 was deposited to UPI ID vikram.t85@ybl and none of it was returned. The matter was reported to the cyber cell. [SYNTHETIC RECORD]"
CASE0197,HFIR-CASE0197,job_task_fraud,"Complainant Lakshmi Narayanan, resident of Kothrud, Pune, reported that on 2024-04-02 the complainant received a message from +919868909466 about earning money by liking videos and rating hotels and was asked to complete prepaid 'merchant tasks' to unlock higher commissions. In total Rs. 136,600 was deposited to UPI ID ravi.k14@upi and none of it was returned. The matter was reported to the cyber cell. [SYNTHETIC RECORD]"
CASE0198,HFIR-CASE0198,kyc_bank_impersonation,"Complainant Manoj Tiwari, resident of Salt Lake, Kolkata, reported that on 2023-08-17 the complainant got repeated calls from +919854605697; the caller posed as a customer-care executive of the bank and was told the debit card would be suspended because KYC documents had expired. On the caller's instructions the complainant shared an OTP and moved Rs. 253,800 to kavita.n57@paytm as a 'refundable verification charge'. The matter was reported to the cyber cell. [SYNTHETIC RECORD]"
CASE0199,HFIR-CASE0199,job_task_fraud,"Complainant Pallavi Deshmukh, resident of Kothrud, Pune, reported that on 2023-11-19 the complainant was contacted from +919884787705 with a work-from-home task offer after which the tasks required depositing money first. Rs. 116,400 was transferred to UPI ID sunita.d24@upi before the complainant was removed from the group. The matter was reported to the cyber cell. [SYNTHETIC RECORD]"
CASE0200,HFIR-CASE0200,kyc_bank_impersonation,"Complainant Anjali Mehta, resident of Andheri East, Mumbai, reported that on 2024-12-25 the complainant was contacted on +919843555685 by a caller who said he was from the bank's KYC department who said the account would be blocked unless the KYC was updated immediately. The caller asked the complainant to install a screen-sharing application and transfer Rs. 377,300 to UPI ID kavita.n9@okhdfcbank for 'verification'. The matter was reported to the cyber cell. [SYNTHETIC RECORD]"
CASE0201,HFIR-CASE0201,job_task_fraud,"Complainant Arvind Joshi, resident of Andheri East, Mumbai, reported that on 2023-08-10 the complainant was offered a part-time online job by a person using +919860043551 and was initially paid small amounts to build trust. In total Rs. 133,900 was deposited to UPI ID sanjay.p58@ybl and none of it was returned. The matter was reported to the cyber cell. [SYNTHETIC RECORD]"
CASE0202,HFIR-CASE0202,marketplace_buyer,"Complainant Joseph Mathew, resident of Anna Nagar, Chennai, reported that on 2024-10-03 the complainant received a call from +919864870197 from a buyer who wanted to pay in advance who sent a UPI QR code saying it was to receive payment. Rs. 95,600 went to vikram.t5@paytm and the buyer stopped answering. The matter was reported to the cyber cell. [SYNTHETIC RECORD]"
CASE0203,HFIR-CASE0203,investment_scheme,"Complainant Arvind Joshi, resident of Andheri East, Mumbai, reported that on 2023-12-14 the complainant was added to a messaging group promoting a stock-trading scheme and later contacted from +919820961541 who assured fixed daily returns of five percent. Over several days Rs. 140,500 was paid to freshmart56@okhdfcbank, after which the group admin stopped responding. The matter was reported to the cyber cell. [SYNTHETIC RECORD]"
CASE0204,HFIR-CASE0204,job_task_fraud,"Complainant Pallavi Deshmukh, resident of Banjara Hills, Hyderabad, reported that on 2023-04-14 the complainant received a message from +919860222623 about earning money by liking videos and rating hotels after which the tasks required depositing money first. In total Rs. 253,800 was deposited to UPI ID deepa.v68@paytm and none of it was returned. The matter was reported to the cyber cell. [SYNTHETIC RECORD]"
CASE0205,HFIR-CASE0205,lottery_prize,"Complainant Rekha Iyer, resident of Andheri East, Mumbai, reported that on 2023-04-11 the complainant got a message and call from +919816297794 about a prize from a TV show and had to pay processing fees and GST to claim the prize. Rs. 228,700 was transferred to pooja.b68@icb for the fees. The matter was reported to the cyber cell. [SYNTHETIC RECORD]"
CASE0206,HFIR-CASE0206,electricity_bill,"Complainant Shabnam Ali, resident of Vaishali Nagar, Jaipur, reported that on 2024-02-21 the complainant got a message about an unpaid electricity bill with the number +919804015348 to contact and the caller said the last payment had not been updated in the system. Rs. 206,200 was then debited and sent to UPI ID amitpay30@ybl. The matter was reported to the cyber cell. [SYNTHETIC RECORD]"
CASE0207,HFIR-CASE0207,job_task_fraud,"Complainant Joseph Mathew, resident of Banjara Hills, Hyderabad, reported that on 2023-12-03 the complainant received a message from +919870626515 about earning money by liking videos and rating hotels after which the tasks required depositing money first. In total Rs. 98,200 was deposited to UPI ID pooja.b38@paytm and none of it was returned. The matter was reported to the cyber cell. [SYNTHETIC RECORD]"
CASE0208,HFIR-CASE0208,loan_app_extortion,"Complainant Pallavi Deshmukh, resident of Anna Nagar, Chennai, reported that on 2023-07-09 the complainant took a small loan through a mobile lending app and was then harassed from +919836736151 demanding repayment far beyond the amount borrowed. Under pressure the complainant paid Rs. 142,700 to UPI ID ravi.k59@upi. The matter was reported to the cyber cell. [SYNTHETIC RECORD]"
CASE0209,HFIR-CASE0209,loan_app_extortion,"Complainant Imran Shaikh, resident of Anna Nagar, Chennai, reported that on 2024-01-08 the complainant took a small loan through a mobile lending app and was then harassed from +919878887780 demanding repayment far beyond the amount borrowed. Rs. 229,200 was extorted through UPI ID deepa.v83@upi. The matter was reported to the cyber cell. [SYNTHETIC RECORD]"
CASE0210,HFIR-CASE0210,kyc_bank_impersonation,"Complainant Kiran Reddy, resident of Vaishali Nagar, Jaipur, reported that on 2023-03-11 the complainant received a call from +919817384930 from a person claiming to be a bank official who warned that the account would be frozen within the hour for pending KYC verification. The caller asked the complainant to install a screen-sharing application and transfer Rs. 206,100 to UPI ID deepa.v32@upi for 'verification'. The matter was reported to the cyber cell. [SYNTHETIC RECORD]"
CASE0211,HFIR-CASE0211,customs_parcel,"Complainant Manoj Tiwari, resident of Vaishali Nagar, Jaipur, reported that on 2023-10-05 the complainant received a call from +919891220950 from a person posing as a customs officer who said the parcel contained contraband and threatened arrest. Rs. 150,400 was sent to UPI ID sanjay.p1@ybl before the complainant realised it was a fraud. The matter was reported to the cyber cell. [SYNTHETIC RECORD]"
CASE0212,HFIR-CASE0212,investment_scheme,"Complainant Farhan Qureshi, resident of Anna Nagar, Chennai, reported that on 2024-07-31 the complainant was added to a messaging group promoting a stock-trading scheme and later contacted from +919803111781 with the promise of doubling the money within a few weeks. Over several days Rs. 124,700 was paid to meera.s99@icb, after which the group admin stopped responding. The matter was reported to the cyber cell. [SYNTHETIC RECORD]"
CASE0213,HFIR-CASE0213,customs_parcel,"Complainant Bhavna Trivedi, resident of Anna Nagar, Chennai, reported that on 2025-02-16 the complainant received a call from +919865725734 from a person posing as a customs officer and demanded a clearance fee to avoid legal action. Rs. 265,100 was sent to UPI ID nikhil.j85@upi before the complainant realised it was a fraud. The matter was reported to the cyber cell. [SYNTHETIC RECORD]"
CASE0214,HFIR-CASE0214,electricity_bill,"Complainant Farhan Qureshi, resident of Connaught Place, Delhi, reported that on 2024-09-20 the complainant received an SMS saying the electricity connection would be cut tonight and to call +919845916882 and the caller insisted that a small verification payment was needed. Soon after, Rs. 403,700 was transferred to ravi.k37@upi without consent. The matter was reported to the cyber cell. [SYNTHETIC RECORD]"
CASE0215,HFIR-CASE0215,investment_scheme,"Complainant Manoj Tiwari, resident of Andheri East, Mumbai, reported that on 2025-03-01 the complainant was added to a messaging group promoting a stock-trading scheme and later contacted from +919896332747 who assured fixed daily returns of five percent. Believing the returns were real, the complainant transferred Rs. 325,100 to UPI ID ravi.k61@icb and the platform then vanished. The matter was reported to the cyber cell. [SYNTHETIC RECORD]"
CASE0216,HFIR-CASE0216,customs_parcel,"Complainant Neha Bansal, resident of Vaishali Nagar, Jaipur, reported that on 2024-04-22 the complainant got a call from +919801250441; the caller claimed to be from the courier company and then transferred the call to a 'customs official' and demanded a clearance fee to avoid legal action. The complainant transferred Rs. 202,400 to pooja.b94@icb as the so-called customs duty. The matter was reported to the cyber cell. [SYNTHETIC RECORD]"
CASE0217,HFIR-CASE0217,lottery_prize,"Complainant Vivek Malhotra, resident of Whitefield, Bengaluru, reported that on 2023-01-04 the complainant was told on a call from +919828479975 that a car had been won in a company lottery provided a small tax amount was paid upfront. In total Rs. 200,500 went to UPI ID vikram.t20@okhdfcbank. The matter was reported to the cyber cell. [SYNTHETIC RECORD]"
CASE0218,HFIR-CASE0218,kyc_bank_impersonation,"Complainant Rekha Iyer, resident of Connaught Place, Delhi, reported that on 2024-07-13 the complainant got repeated calls from +919836698651; the caller posed as a customer-care executive of the bank and was told the debit card would be suspended because KYC documents had expired. The caller asked the complainant to install a screen-sharing application and transfer Rs. 266,500 to UPI ID freshmart9@paytm for 'verification'. The matter was reported to the cyber cell. [SYNTHETIC RECORD]"
CASE0219,HFIR-CASE0219,lottery_prize,"Complainant Gurpreet Kaur, resident of Connaught Place, Delhi, reported that on 2024-02-11 the complainant received a call from +919814028665 saying the complainant had won a lucky draw but first needed to pay registration and delivery charges. In total Rs. 285,100 went to UPI ID quickcash94@paytm. The matter was reported to the cyber cell. [SYNTHETIC RECORD]"
CASE0220,HFIR-CASE0220,electricity_bill,"Complainant Joseph Mathew, resident of Kothrud, Pune, reported that on 2023-10-08 the complainant received an SMS saying the electricity connection would be cut tonight and to call +919848204313 and the caller asked the complainant to install an app to update the bill. Rs. 168,300 was then debited and sent to UPI ID ravi.k31@paytm. The matter was reported to the cyber cell. [SYNTHETIC RECORD]"
