record_id,case_id,record_type,timestamp,source_id,dest_id,device_or_ref,value,location
REC000001,CASE0001,CDR,2023-06-04 03:00:00,+919860181590,+919878657975,356938083016613,440,"Anna Nagar, Chennai"
REC000002,CASE0001,CDR,2023-06-04 05:00:00,+919860181590,+919878657975,356938083016613,196,"Cyber City, Gurugram"
REC000003,CASE0001,CDR,2023-06-04 15:00:00,+919860181590,+919875749118,356938083016613,374,"Whitefield, Bengaluru"
REC000004,CASE0001,UPI,2023-06-04 17:00:00,amitpay71@paytm,traders2444@ybl,TXN270187,500,N/A
REC000005,CASE0001,UPI,2023-06-04 18:00:00,amitpay71@paytm,traders2444@ybl,TXN255766,22000,N/A
REC000006,CASE0001,UPI,2023-06-05 02:00:00,amitpay71@paytm,traders2444@ybl,TXN165271,1200,N/A
REC000007,CASE0001,UPI,2023-06-05 05:00:00,amitpay71@paytm,traders2444@ybl,TXN603730,7500,N/A
REC000008,CASE0001,CDR,2023-06-05 13:00:00,+919860181590,+919878657975,356938083016613,288,"Salt Lake, Kolkata"
REC000009,CASE0001,UPI,2023-06-05 13:00:00,amitpay71@paytm,citypay22@ybl,TXN894970,15000,N/A
REC000010,CASE0001,CDR,2023-06-05 14:00:00,+919860181590,+919894821993,356938083016613,352,"Andheri East, Mumbai"
REC000011,CASE0001,UPI,2023-06-05 14:00:00,amitpay71@paytm,sunita.d86@icb,TXN743550,500,N/A
REC000012,CASE0001,UPI,2023-06-05 17:00:00,amitpay71@paytm,vikram.t63@paytm,TXN653918,3000,N/A
REC000013,CASE0001,CDR,2023-06-05 18:00:00,+919860181590,+919878657975,356938083016613,220,"Kothrud, Pune"
REC000014,CASE0001,CDR,2023-06-05 22:00:00,+919860181590,+919851819093,356938083016613,159,"Sector 15, Gurugram"
REC000015,CASE0001,CDR,2023-06-06 07:00:00,+919860181590,+919809139099,356938083016613,162,"Cyber City, Gurugram"
REC000016,CASE0001,UPI,2023-06-06 09:00:00,amitpay71@paytm,sunita.d86@icb,TXN767357,1200,N/A
REC000017,CASE0001,CDR,2023-06-06 11:00:00,+919860181590,+919894821993,356938083016613,57,"Cyber City, Gurugram"
REC000018,CASE0001,UPI,2023-06-06 16:00:00,amitpay71@paytm,sunita.d86@icb,TXN597183,500,N/A
REC000019,CASE0001,UPI,2023-06-06 18:00:00,amitpay71@paytm,vikram.t63@paytm,TXN472974,48000,N/A
REC000020,CASE0001,CDR,2023-06-06 23:00:00,+919860181590,+919894821993,356938083016613,434,"Banjara Hills, Hyderabad"
REC000021,CASE0001,CDR,2023-06-07 00:00:00,+919860181590,+919875749118,356938083016613,212,"Salt Lake, Kolkata"
REC000022,CASE0001,UPI,2023-06-07 04:00:00,amitpay71@paytm,citypay22@ybl,TXN830015,48000,N/A
REC000023,CASE0001,UPI,2023-06-07 07:00:00,freshmart7@upi,amitpay71@paytm,TXN207151,22000,N/A
REC000024,CASE0001,UPI,2023-06-07 15:00:00,amitpay71@paytm,citypay22@ybl,TXN100244,15000,N/A
REC000025,CASE0001,UPI,2023-06-07 15:00:00,amitpay71@paytm,traders2444@ybl,TXN969117,22000,N/A
REC000026,CASE0001,CDR,2023-06-07 19:00:00,+919860181590,+919875749118,356938083016613,467,"Banjara Hills, Hyderabad"
REC000027,CASE0001,CDR,2023-06-08 04:00:00,+919860181590,+919878657975,356938083016613,219,"Banjara Hills, Hyderabad"
REC000028,CASE0001,CDR,2023-06-08 20:00:00,+919860181590,+919809139099,356938083016613,414,"Kothrud, Pune"
REC000029,CASE0001,CDR,2023-06-09 01:00:00,+919860181590,+919875749118,356938083016613,355,"Connaught Place, Delhi"
REC000030,CASE0001,CDR,2023-06-10 04:00:00,+919860181590,+919809139099,356938083016613,248,"Connaught Place, Delhi"
REC000031,CASE0001,CDR,2023-06-10 12:00:00,+919860181590,+919808246281,356938083016613,267,"Sector 15, Gurugram"
REC000032,CASE0001,CDR,2023-06-10 12:00:00,+919860181590,+919843231948,356938083016613,178,"Cyber City, Gurugram"
REC000033,CASE0001,UPI,2023-06-10 12:00:00,amitpay71@paytm,vikram.t63@paytm,TXN945234,1200,N/A
REC000034,CASE0001,CDR,2023-06-10 21:00:00,+919860181590,+919843231948,356938083016613,363,"Vaishali Nagar, Jaipur"
REC000035,CASE0001,CDR,2023-06-10 23:00:00,+919860181590,+919875749118,356938083016613,393,"Sector 15, Gurugram"
REC000036,CASE0001,CDR,2023-06-11 08:00:00,+919860181590,+919809139099,356938083016613,278,"Anna Nagar, Chennai"
REC000037,CASE0001,CDR,2023-06-11 21:00:00,+919860181590,+919894821993,356938083016613,218,"Banjara Hills, Hyderabad"
REC000038,CASE0001,CDR,2023-06-12 23:00:00,+919860181590,+919808246281,356938083016613,498,"Whitefield, Bengaluru"
REC000039,CASE0001,CDR,2023-06-13 05:00:00,+919860181590,+919843231948,356938083016613,157,"Banjara Hills, Hyderabad"
REC000040,CASE0001,CDR,2023-06-13 18:00:00,+919860181590,+919809139099,356938083016613,269,"Connaught Place, Delhi"
REC000041,CASE0002,CDR,2025-01-27 01:00:00,+919833875004,+919837353799,356938074395755,424,"Cyber City, Gurugram"
REC000042,CASE0002,UPI,2025-01-27 22:00:00,ravi.k62@ybl,amitpay29@icb,TXN938428,22000,N/A
REC000043,CASE0002,UPI,2025-01-28 07:00:00,amitpay29@icb,citypay65@upi,TXN679929,7500,N/A
REC000044,CASE0002,CDR,2025-01-28 11:00:00,+919833875004,+919852882001,356938074395755,77,"Banjara Hills, Hyderabad"
REC000045,CASE0002,CDR,2025-01-28 12:00:00,+919833875004,+919802972997,356938074395755,467,"Cyber City, Gurugram"
REC000046,CASE0002,UPI,2025-01-28 17:00:00,amitpay29@icb,vikram.t68@okhdfcbank,TXN455589,7500,N/A
REC000047,CASE0002,CDR,2025-01-28 20:00:00,+919833875004,+919816761222,356938074395755,257,"Anna Nagar, Chennai"
REC000048,CASE0002,UPI,2025-01-28 22:00:00,amitpay29@icb,vikram.t8@ybl,TXN381986,500,N/A
REC000049,CASE0002,CDR,2025-01-29 00:00:00,+919833875004,+919802972997,356938074395755,36,"Connaught Place, Delhi"
REC000050,CASE0002,UPI,2025-01-29 02:00:00,ravi.k62@ybl,amitpay29@icb,TXN196672,22000,N/A
REC000051,CASE0002,CDR,2025-01-29 03:00:00,+919833875004,+919848395486,356938074395755,156,"Vaishali Nagar, Jaipur"
REC000052,CASE0002,UPI,2025-01-29 19:00:00,ravi.k62@ybl,amitpay29@icb,TXN311569,3000,N/A
REC000053,CASE0002,UPI,2025-01-29 21:00:00,ravi.k62@ybl,amitpay29@icb,TXN916838,1200,N/A
REC000054,CASE0002,UPI,2025-01-29 21:00:00,amitpay29@icb,vikram.t68@okhdfcbank,TXN990857,22000,N/A
REC000055,CASE0002,UPI,2025-01-30 02:00:00,amitpay29@icb,nikhil.j85@okhdfcbank,TXN383663,3000,N/A
REC000056,CASE0002,CDR,2025-01-30 11:00:00,+919833875004,+919848395486,356938074395755,280,"Kothrud, Pune"
REC000057,CASE0002,UPI,2025-01-30 21:00:00,ravi.k62@ybl,amitpay29@icb,TXN680963,7500,N/A
REC000058,CASE0002,CDR,2025-01-31 05:00:00,+919833875004,+919852882001,356938074395755,98,"Andheri East, Mumbai"
REC000059,CASE0002,CDR,2025-01-31 13:00:00,+919833875004,+919811637265,356938074395755,123,"Whitefield, Bengaluru"
REC000060,CASE0002,CDR,2025-01-31 16:00:00,+919833875004,+919837353799,356938074395755,108,"Anna Nagar, Chennai"
REC000061,CASE0002,UPI,2025-01-31 16:00:00,amitpay29@icb,vikram.t68@okhdfcbank,TXN447600,15000,N/A
REC000062,CASE0002,CDR,2025-01-31 17:00:00,+919833875004,+919802972997,356938074395755,52,"Andheri East, Mumbai"
REC000063,CASE0002,CDR,2025-01-31 23:00:00,+919833875004,+919816761222,356938074395755,397,"Connaught Place, Delhi"
REC000064,CASE0002,CDR,2025-02-01 09:00:00,+919833875004,+919852882001,356938074395755,302,"Sector 15, Gurugram"
REC000065,CASE0002,CDR,2025-02-01 09:00:00,+919833875004,+919816761222,356938074395755,372,"Kothrud, Pune"
REC000066,CASE0002,CDR,2025-02-01 10:00:00,+919833875004,+919882633043,356938074395755,428,"Vaishali Nagar, Jaipur"
REC000067,CASE0002,CDR,2025-02-01 22:00:00,+919833875004,+919852882001,356938074395755,416,"Connaught Place, Delhi"
REC000068,CASE0002,UPI,2025-02-02 11:00:00,amitpay29@icb,vikram.t8@ybl,TXN377296,48000,N/A
REC000069,CASE0002,CDR,2025-02-02 12:00:00,+919833875004,+919882633043,356938074395755,325,"Kothrud, Pune"
REC000070,CASE0002,UPI,2025-02-02 15:00:00,ravi.k62@ybl,amitpay29@icb,TXN167413,500,N/A
REC000071,CASE0002,UPI,2025-02-02 16:00:00,ravi.k62@ybl,amitpay29@icb,TXN896391,1200,N/A
REC000072,CASE0002,UPI,2025-02-02 18:00:00,ravi.k62@ybl,amitpay29@icb,TXN373208,500,N/A
REC000073,CASE0002,UPI,2025-02-03 13:00:00,ravi.k62@ybl,amitpay29@icb,TXN214768,1200,N/A
REC000074,CASE0002,CDR,2025-02-03 17:00:00,+919833875004,+919811637265,356938074395755,299,"Sector 15, Gurugram"
REC000075,CASE0002,CDR,2025-02-04 02:00:00,+919833875004,+919811637265,356938074395755,241,"Salt Lake, Kolkata"
REC000076,CASE0002,CDR,2025-02-04 08:00:00,+919833875004,+919811637265,356938074395755,474,"Cyber City, Gurugram"
REC000077,CASE0002,UPI,2025-02-04 13:00:00,ravi.k62@ybl,amitpay29@icb,TXN362614,500,N/A
REC000078,CASE0002,UPI,2025-02-04 17:00:00,amitpay29@icb,vikram.t68@okhdfcbank,TXN256623,15000,N/A
REC000079,CASE0002,CDR,2025-02-05 08:00:00,+919833875004,+919802972997,356938074395755,487,"Kothrud, Pune"
REC000080,CASE0002,CDR,2025-02-05 10:00:00,+919833875004,+919882633043,356938074395755,44,"Andheri East, Mumbai"
REC000081,CASE0002,CDR,2025-02-05 12:00:00,+919833875004,+919816761222,356938074395755,445,"Vaishali Nagar, Jaipur"
REC000082,CASE0002,UPI,2025-02-05 19:00:00,amitpay29@icb,vikram.t8@ybl,TXN188144,3000,N/A
REC000083,CASE0002,UPI,2025-02-05 19:00:00,amitpay29@icb,vikram.t68@okhdfcbank,TXN834440,3000,N/A
REC000084,CASE0002,UPI,2025-02-05 21:00:00,amitpay29@icb,nikhil.j85@okhdfcbank,TXN145304,15000,N/A
REC000085,CASE0002,CDR,2025-02-06 00:00:00,+919833875004,+919848395486,356938074395755,344,"Salt Lake, Kolkata"
REC000086,CASE0003,CDR,2023-01-19 00:00:00,+919888387371,+919805617483,356938067868433,423,"Connaught Place, Delhi"
REC000087,CASE0003,UPI,2023-01-19 03:00:00,traders2426@upi,vikram.t6@okhdfcbank,TXN381828,22000,N/A
REC000088,CASE0003,CDR,2023-01-19 21:00:00,+919888387371,+919868493407,356938067868433,36,"Cyber City, Gurugram"
REC000089,CASE0003,CDR,2023-01-19 23:00:00,+919888387371,+919890604431,356938067868433,284,"Connaught Place, Delhi"
REC000090,CASE0003,CDR,2023-01-20 11:00:00,+919888387371,+919838014126,356938067868433,400,"Kothrud, Pune"
REC000091,CASE0003,UPI,2023-01-20 13:00:00,anita.r8@icb,traders2426@upi,TXN783183,22000,N/A
REC000092,CASE0003,UPI,2023-01-21 04:00:00,anita.r8@icb,traders2426@upi,TXN781503,7500,N/A
REC000093,CASE0003,UPI,2023-01-22 01:00:00,traders2426@upi,freshmart98@ybl,TXN181235,15000,N/A
REC000094,CASE0003,UPI,2023-01-24 06:00:00,traders2426@upi,vikram.t85@okhdfcbank,TXN602278,22000,N/A
REC000095,CASE0003,CDR,2023-01-25 01:00:00,+919888387371,+919865020146,356938067868433,431,"Sector 15, Gurugram"
REC000096,CASE0003,CDR,2023-01-25 16:00:00,+919888387371,+919868493407,356938067868433,335,"Kothrud, Pune"
REC000097,CASE0003,CDR,2023-01-25 19:00:00,+919888387371,+919885304352,356938067868433,68,"Banjara Hills, Hyderabad"
REC000098,CASE0003,CDR,2023-01-26 06:00:00,+919888387371,+919822470455,356938067868433,265,"Whitefield, Bengaluru"
REC000099,CASE0003,UPI,2023-01-26 09:00:00,anita.r8@icb,traders2426@upi,TXN695341,1200,N/A
REC000100,CASE0003,CDR,2023-01-26 19:00:00,+919888387371,+919890604431,356938067868433,430,"Kothrud, Pune"
REC000101,CASE0003,UPI,2023-01-26 22:00:00,traders2426@upi,pooja.b20@ybl,TXN948527,500,N/A
REC000102,CASE0003,CDR,2023-01-26 23:00:00,+919888387371,+919838014126,356938067868433,474,"Kothrud, Pune"
REC000103,CASE0003,CDR,2023-01-27 19:00:00,+919888387371,+919890604431,356938067868433,314,"Andheri East, Mumbai"
REC000104,CASE0003,CDR,2023-01-27 21:00:00,+919888387371,+919805617483,356938067868433,300,"Sector 15, Gurugram"
REC000105,CASE0003,UPI,2023-01-28 00:00:00,anita.r8@icb,traders2426@upi,TXN864763,48000,N/A
REC000106,CASE0004,CDR,2024-12-09 12:00:00,+919837484777,+919804451669,356938018341704,80,"Cyber City, Gurugram"
REC000107,CASE0004,CDR,2024-12-09 19:00:00,+919837484777,+919837760207,356938018341704,271,"Vaishali Nagar, Jaipur"
REC000108,CASE0004,CDR,2024-12-10 06:00:00,+919837484777,+919837760207,356938018341704,344,"Cyber City, Gurugram"
REC000109,CASE0004,CDR,2024-12-10 20:00:00,+919837484777,+919876426565,356938018341704,299,"Connaught Place, Delhi"
REC000110,CASE0004,CDR,2024-12-12 04:00:00,+919837484777,+919876426565,356938018341704,393,"Whitefield, Bengaluru"
REC000111,CASE0004,CDR,2024-12-12 09:00:00,+919837484777,+919837760207,356938018341704,203,"Whitefield, Bengaluru"
REC000112,CASE0004,UPI,2024-12-12 20:00:00,vikram.t96@okhdfcbank,nikhil.j10@okhdfcbank,TXN627848,15000,N/A
REC000113,CASE0004,CDR,2024-12-13 07:00:00,+919837484777,+919815640410,356938018341704,137,"Whitefield, Bengaluru"
REC000114,CASE0004,UPI,2024-12-13 18:00:00,nikhil.j10@okhdfcbank,traders2425@ybl,TXN989909,48000,N/A
REC000115,CASE0004,CDR,2024-12-13 19:00:00,+919837484777,+919804451669,356938018341704,400,"Cyber City, Gurugram"
REC000116,CASE0004,CDR,2024-12-14 00:00:00,+919837484777,+919815055613,356938018341704,190,"Whitefield, Bengaluru"
REC000117,CASE0004,CDR,2024-12-14 03:00:00,+919837484777,+919804451669,356938018341704,357,"Banjara Hills, Hyderabad"
REC000118,CASE0004,UPI,2024-12-14 14:00:00,vikram.t96@okhdfcbank,nikhil.j10@okhdfcbank,TXN383367,3000,N/A
REC000119,CASE0004,CDR,2024-12-14 20:00:00,+919837484777,+919837760207,356938018341704,246,"Salt Lake, Kolkata"
REC000120,CASE0004,CDR,2024-12-14 20:00:00,+919837484777,+919837760207,356938018341704,139,"Connaught Place, Delhi"
REC000121,CASE0004,UPI,2024-12-15 17:00:00,nikhil.j10@okhdfcbank,kavita.n35@paytm,TXN197096,3000,N/A
REC000122,CASE0004,CDR,2024-12-15 20:00:00,+919837484777,+919874633191,356938018341704,161,"Vaishali Nagar, Jaipur"
REC000123,CASE0004,UPI,2024-12-16 13:00:00,nikhil.j10@okhdfcbank,citypay4@paytm,TXN715699,7500,N/A
REC000124,CASE0004,CDR,2024-12-16 16:00:00,+919837484777,+919845298415,356938018341704,40,"Banjara Hills, Hyderabad"
REC000125,CASE0004,UPI,2024-12-16 23:00:00,nikhil.j10@okhdfcbank,citypay4@paytm,TXN533988,22000,N/A
REC000126,CASE0004,UPI,2024-12-17 00:00:00,vikram.t96@okhdfcbank,nikhil.j10@okhdfcbank,TXN390996,15000,N/A
REC000127,CASE0004,CDR,2024-12-17 02:00:00,+919837484777,+919815055613,356938018341704,233,"Cyber City, Gurugram"
REC000128,CASE0004,CDR,2024-12-17 15:00:00,+919837484777,+919804451669,356938018341704,118,"Sector 15, Gurugram"
REC000129,CASE0004,UPI,2024-12-18 07:00:00,nikhil.j10@okhdfcbank,kavita.n35@paytm,TXN133809,7500,N/A
REC000130,CASE0004,UPI,2024-12-18 13:00:00,vikram.t96@okhdfcbank,nikhil.j10@okhdfcbank,TXN519175,22000,N/A
REC000131,CASE0004,CDR,2024-12-19 00:00:00,+919837484777,+919804451669,356938018341704,296,"Andheri East, Mumbai"
REC000132,CASE0005,CDR,2023-03-16 00:00:00,+919868773132,+919893643900,356938028171800,158,"Connaught Place, Delhi"
REC000133,CASE0005,CDR,2023-03-16 06:00:00,+919868773132,+919837056563,356938028171800,87,"Banjara Hills, Hyderabad"
REC000134,CASE0005,UPI,2023-03-16 07:00:00,vikram.t30@okhdfcbank,kavita.n34@ybl,TXN951259,22000,N/A
REC000135,CASE0005,CDR,2023-03-16 13:00:00,+919868773132,+919804813734,356938028171800,45,"Cyber City, Gurugram"
REC000136,CASE0005,UPI,2023-03-16 16:00:00,vikram.t30@okhdfcbank,rajesh.m30@paytm,TXN369500,1200,N/A
REC000137,CASE0005,CDR,2023-03-17 13:00:00,+919868773132,+919837614365,356938028171800,42,"Andheri East, Mumbai"
REC000138,CASE0005,UPI,2023-03-18 01:00:00,amitpay39@okhdfcbank,vikram.t30@okhdfcbank,TXN873135,7500,N/A
REC000139,CASE0005,CDR,2023-03-19 12:00:00,+919868773132,+919884745378,356938028171800,109,"Kothrud, Pune"
REC000140,CASE0005,CDR,2023-03-19 12:00:00,+919868773132,+919837614365,356938028171800,101,"Connaught Place, Delhi"
REC000141,CASE0005,CDR,2023-03-19 17:00:00,+919868773132,+919837614365,356938028171800,468,"Connaught Place, Delhi"
REC000142,CASE0005,CDR,2023-03-20 04:00:00,+919868773132,+919837614365,356938028171800,474,"Salt Lake, Kolkata"
REC000143,CASE0005,UPI,2023-03-21 23:00:00,vikram.t30@okhdfcbank,kavita.n34@ybl,TXN498594,3000,N/A
REC000144,CASE0005,CDR,2023-03-23 02:00:00,+919868773132,+919893643900,356938028171800,500,"Anna Nagar, Chennai"
REC000145,CASE0005,CDR,2023-03-23 02:00:00,+919868773132,+919804813734,356938028171800,208,"Salt Lake, Kolkata"
REC000146,CASE0005,UPI,2023-03-23 12:00:00,vikram.t30@okhdfcbank,meera.s80@paytm,TXN667834,7500,N/A
REC000147,CASE0005,CDR,2023-03-23 19:00:00,+919868773132,+919893643900,356938028171800,55,"Cyber City, Gurugram"
REC000148,CASE0005,CDR,2023-03-23 23:00:00,+919868773132,+919837614365,356938028171800,31,"Whitefield, Bengaluru"
REC000149,CASE0005,UPI,2023-03-23 23:00:00,amitpay39@okhdfcbank,vikram.t30@okhdfcbank,TXN735034,3000,N/A
REC000150,CASE0005,UPI,2023-03-24 04:00:00,vikram.t30@okhdfcbank,anita.r29@paytm,TXN192023,500,N/A
REC000151,CASE0005,UPI,2023-03-24 04:00:00,vikram.t30@okhdfcbank,anita.r29@paytm,TXN136547,7500,N/A
REC000152,CASE0006,CDR,2023-10-06 04:00:00,+919859045440,+919827204293,356938091031776,407,"Salt Lake, Kolkata"
REC000153,CASE0006,CDR,2023-10-06 08:00:00,+919859045440,+919827204293,356938091031776,268,"Kothrud, Pune"
REC000154,CASE0006,CDR,2023-10-06 09:00:00,+919859045440,+919859183623,356938091031776,17,"Vaishali Nagar, Jaipur"
REC000155,CASE0006,CDR,2023-10-07 03:00:00,+919859045440,+919845443732,356938091031776,320,"Anna Nagar, Chennai"
REC000156,CASE0006,UPI,2023-10-07 03:00:00,traders2441@paytm,sanjay.p56@paytm,TXN890160,48000,N/A
REC000157,CASE0006,UPI,2023-10-07 09:00:00,traders2441@paytm,sanjay.p56@paytm,TXN678339,1200,N/A
REC000158,CASE0006,CDR,2023-10-07 15:00:00,+919859045440,+919845443732,356938091031776,288,"Connaught Place, Delhi"
REC000159,CASE0006,UPI,2023-10-07 16:00:00,traders2441@paytm,sanjay.p56@paytm,TXN229034,1200,N/A
REC000160,CASE0006,CDR,2023-10-08 04:00:00,+919859045440,+919859183623,356938091031776,237,"Cyber City, Gurugram"
REC000161,CASE0006,CDR,2023-10-08 11:00:00,+919859045440,+919859183623,356938091031776,40,"Andheri East, Mumbai"
REC000162,CASE0006,UPI,2023-10-08 15:00:00,sanjay.p56@paytm,deepa.v75@upi,TXN143095,15000,N/A
REC000163,CASE0006,CDR,2023-10-08 17:00:00,+919859045440,+919859183623,356938091031776,321,"Andheri East, Mumbai"
REC000164,CASE0006,CDR,2023-10-08 18:00:00,+919859045440,+919827204293,356938091031776,413,"Sector 15, Gurugram"
REC000165,CASE0006,UPI,2023-10-09 00:00:00,traders2441@paytm,sanjay.p56@paytm,TXN280129,500,N/A
REC000166,CASE0006,CDR,2023-10-09 15:00:00,+919859045440,+919861078852,356938091031776,37,"Andheri East, Mumbai"
REC000167,CASE0006,CDR,2023-10-09 17:00:00,+919859045440,+919861078852,356938091031776,34,"Salt Lake, Kolkata"
REC000168,CASE0006,CDR,2023-10-10 08:00:00,+919859045440,+919845443732,356938091031776,205,"Cyber City, Gurugram"
REC000169,CASE0006,CDR,2023-10-10 08:00:00,+919859045440,+919861149131,356938091031776,356,"Whitefield, Bengaluru"
REC000170,CASE0006,CDR,2023-10-10 10:00:00,+919859045440,+919859183623,356938091031776,174,"Anna Nagar, Chennai"
REC000171,CASE0006,UPI,2023-10-10 12:00:00,traders2441@paytm,sanjay.p56@paytm,TXN194883,7500,N/A
REC000172,CASE0006,CDR,2023-10-11 03:00:00,+919859045440,+919859183623,356938091031776,223,"Connaught Place, Delhi"
REC000173,CASE0006,UPI,2023-10-12 00:00:00,traders2441@paytm,sanjay.p56@paytm,TXN519163,15000,N/A
REC000174,CASE0006,UPI,2023-10-12 03:00:00,sanjay.p56@paytm,sanjay.p32@okhdfcbank,TXN910606,1200,N/A
REC000175,CASE0006,CDR,2023-10-12 09:00:00,+919859045440,+919827204293,356938091031776,313,"Andheri East, Mumbai"
REC000176,CASE0006,UPI,2023-10-12 11:00:00,sanjay.p56@paytm,sanjay.p32@okhdfcbank,TXN190486,22000,N/A
REC000177,CASE0006,CDR,2023-10-12 14:00:00,+919859045440,+919861149131,356938091031776,54,"Andheri East, Mumbai"
REC000178,CASE0006,UPI,2023-10-12 14:00:00,sanjay.p56@paytm,deepa.v75@upi,TXN771428,48000,N/A
REC000179,CASE0006,UPI,2023-10-12 15:00:00,sanjay.p56@paytm,deepa.v75@upi,TXN252973,3000,N/A
REC000180,CASE0006,CDR,2023-10-12 20:00:00,+919859045440,+919861078852,356938091031776,215,"Banjara Hills, Hyderabad"
REC000181,CASE0006,UPI,2023-10-12 20:00:00,sanjay.p56@paytm,sanjay.p32@okhdfcbank,TXN193355,15000,N/A
REC000182,CASE0006,CDR,2023-10-12 22:00:00,+919859045440,+919827204293,356938091031776,66,"Vaishali Nagar, Jaipur"
REC000183,CASE0006,CDR,2023-10-12 23:00:00,+919859045440,+919861078852,356938091031776,218,"Whitefield, Bengaluru"
REC000184,CASE0006,UPI,2023-10-14 10:00:00,sanjay.p56@paytm,deepa.v75@upi,TXN416266,1200,N/A
REC000185,CASE0006,CDR,2023-10-14 11:00:00,+919859045440,+919867723267,356938091031776,354,"Kothrud, Pune"
REC000186,CASE0006,CDR,2023-10-14 16:00:00,+919859045440,+919859183623,356938091031776,434,"Salt Lake, Kolkata"
REC000187,CASE0006,UPI,2023-10-14 22:00:00,sanjay.p56@paytm,sanjay.p32@okhdfcbank,TXN429804,500,N/A
REC000188,CASE0006,UPI,2023-10-15 00:00:00,traders2441@paytm,sanjay.p56@paytm,TXN595929,1200,N/A
REC000189,CASE0006,UPI,2023-10-15 03:00:00,traders2441@paytm,sanjay.p56@paytm,TXN524132,15000,N/A
REC000190,CASE0006,CDR,2023-10-15 05:00:00,+919859045440,+919861078852,356938091031776,244,"Anna Nagar, Chennai"
REC000191,CASE0006,CDR,2023-10-15 10:00:00,+919859045440,+919827204293,356938091031776,133,"Vaishali Nagar, Jaipur"
REC000192,CASE0006,CDR,2023-10-15 10:00:00,+919859045440,+919861149131,356938091031776,227,"Banjara Hills, Hyderabad"
REC000193,CASE0006,CDR,2023-10-15 18:00:00,+919859045440,+919861149131,356938091031776,35,"Whitefield, Bengaluru"
REC000194,CASE0006,CDR,2023-10-15 22:00:00,+919859045440,+919859183623,356938091031776,205,"Kothrud, Pune"
REC000195,CASE0007,UPI,2024-11-14 05:00:00,anita.r61@paytm,nikhil.j23@icb,TXN694669,3000,N/A
REC000196,CASE0007,CDR,2024-11-14 12:00:00,+919851697846,+919824873949,356938049366578,454,"Salt Lake, Kolkata"
REC000197,CASE0007,UPI,2024-11-15 16:00:00,anita.r61@paytm,nikhil.j23@icb,TXN940436,1200,N/A
REC000198,CASE0007,UPI,2024-11-16 04:00:00,anita.r61@paytm,nikhil.j23@icb,TXN968715,7500,N/A
REC000199,CASE0007,CDR,2024-11-16 08:00:00,+919851697846,+919888002158,356938049366578,163,"Anna Nagar, Chennai"
REC000200,CASE0007,UPI,2024-11-16 09:00:00,nikhil.j23@icb,freshmart21@ybl,TXN717707,1200,N/A
REC000201,CASE0007,CDR,2024-11-16 16:00:00,+919851697846,+919859425947,356938049366578,337,"Banjara Hills, Hyderabad"
REC000202,CASE0007,CDR,2024-11-16 16:00:00,+919851697846,+919810862019,356938049366578,342,"Anna Nagar, Chennai"
REC000203,CASE0007,CDR,2024-11-16 19:00:00,+919851697846,+919811256517,356938049366578,408,"Kothrud, Pune"
REC000204,CASE0007,UPI,2024-11-17 05:00:00,anita.r61@paytm,nikhil.j23@icb,TXN474500,15000,N/A
REC000205,CASE0007,CDR,2024-11-17 20:00:00,+919851697846,+919810862019,356938049366578,406,"Connaught Place, Delhi"
REC000206,CASE0007,CDR,2024-11-18 00:00:00,+919851697846,+919810862019,356938049366578,310,"Cyber City, Gurugram"
REC000207,CASE0007,CDR,2024-11-18 17:00:00,+919851697846,+919888002158,356938049366578,105,"Anna Nagar, Chennai"
REC000208,CASE0007,UPI,2024-11-19 05:00:00,anita.r61@paytm,nikhil.j23@icb,TXN784833,500,N/A
REC000209,CASE0007,CDR,2024-11-20 04:00:00,+919851697846,+919824873949,356938049366578,466,"Connaught Place, Delhi"
REC000210,CASE0007,UPI,2024-11-20 16:00:00,nikhil.j23@icb,freshmart21@ybl,TXN150097,1200,N/A
REC000211,CASE0007,UPI,2024-11-21 13:00:00,anita.r61@paytm,nikhil.j23@icb,TXN200458,500,N/A
REC000212,CASE0007,CDR,2024-11-21 19:00:00,+919851697846,+919811256517,356938049366578,397,"Sector 15, Gurugram"
REC000213,CASE0007,CDR,2024-11-21 20:00:00,+919851697846,+919809773797,356938049366578,205,"Whitefield, Bengaluru"
REC000214,CASE0007,CDR,2024-11-21 22:00:00,+919851697846,+919811256517,356938049366578,166,"Kothrud, Pune"
REC000215,CASE0007,CDR,2024-11-23 07:00:00,+919851697846,+919813274231,356938049366578,299,"Kothrud, Pune"
REC000216,CASE0007,CDR,2024-11-23 21:00:00,+919851697846,+919824873949,356938049366578,473,"Salt Lake, Kolkata"
REC000217,CASE0008,CDR,2023-05-29 01:00:00,+919846400859,+919867172314,356938097987320,266,"Connaught Place, Delhi"
REC000218,CASE0008,CDR,2023-05-29 07:00:00,+919846400859,+919838986928,356938097987320,85,"Sector 15, Gurugram"
REC000219,CASE0008,CDR,2023-05-29 07:00:00,+919846400859,+919830154048,356938097987320,280,"Connaught Place, Delhi"
REC000220,CASE0008,CDR,2023-05-29 16:00:00,+919846400859,+919806232010,356938097987320,317,"Salt Lake, Kolkata"
REC000221,CASE0008,CDR,2023-05-30 03:00:00,+919846400859,+919868443180,356938097987320,490,"Cyber City, Gurugram"
REC000222,CASE0008,CDR,2023-05-30 03:00:00,+919846400859,+919841407806,356938097987320,120,"Andheri East, Mumbai"
REC000223,CASE0008,CDR,2023-05-30 04:00:00,+919846400859,+919838986928,356938097987320,32,"Connaught Place, Delhi"
REC000224,CASE0008,CDR,2023-05-30 13:00:00,+919846400859,+919838986928,356938097987320,28,"Connaught Place, Delhi"
REC000225,CASE0008,UPI,2023-05-30 14:00:00,sunita.d8@okhdfcbank,pooja.b61@okhdfcbank,TXN868913,3000,N/A
REC000226,CASE0008,UPI,2023-05-30 18:00:00,sunita.d8@okhdfcbank,traders2477@upi,TXN304925,7500,N/A
REC000227,CASE0008,CDR,2023-05-31 03:00:00,+919846400859,+919806232010,356938097987320,434,"Kothrud, Pune"
REC000228,CASE0008,CDR,2023-05-31 04:00:00,+919846400859,+919867172314,356938097987320,149,"Banjara Hills, Hyderabad"
REC000229,CASE0008,CDR,2023-05-31 11:00:00,+919846400859,+919868443180,356938097987320,467,"Whitefield, Bengaluru"
REC000230,CASE0008,CDR,2023-05-31 18:00:00,+919846400859,+919838986928,356938097987320,194,"Whitefield, Bengaluru"
REC000231,CASE0008,CDR,2023-05-31 18:00:00,+919846400859,+919868443180,356938097987320,498,"Cyber City, Gurugram"
REC000232,CASE0008,UPI,2023-05-31 20:00:00,rajesh.m19@paytm,sunita.d8@okhdfcbank,TXN837323,48000,N/A
REC000233,CASE0008,CDR,2023-06-01 00:00:00,+919846400859,+919806232010,356938097987320,124,"Andheri East, Mumbai"
REC000234,CASE0008,CDR,2023-06-01 01:00:00,+919846400859,+919806232010,356938097987320,399,"Sector 15, Gurugram"
REC000235,CASE0008,CDR,2023-06-01 03:00:00,+919846400859,+919867172314,356938097987320,187,"Banjara Hills, Hyderabad"
REC000236,CASE0008,UPI,2023-06-01 03:00:00,sunita.d8@okhdfcbank,freshmart81@okhdfcbank,TXN369707,15000,N/A
REC000237,CASE0008,UPI,2023-06-01 11:00:00,sunita.d8@okhdfcbank,ravi.k4@paytm,TXN794262,15000,N/A
REC000238,CASE0008,UPI,2023-06-01 11:00:00,sunita.d8@okhdfcbank,pooja.b61@okhdfcbank,TXN268741,1200,N/A
REC000239,CASE0008,UPI,2023-06-01 11:00:00,sunita.d8@okhdfcbank,pooja.b61@okhdfcbank,TXN864131,500,N/A
REC000240,CASE0008,CDR,2023-06-01 16:00:00,+919846400859,+919841407806,356938097987320,373,"Sector 15, Gurugram"
REC000241,CASE0008,CDR,2023-06-01 16:00:00,+919846400859,+919830154048,356938097987320,375,"Sector 15, Gurugram"
REC000242,CASE0008,CDR,2023-06-01 19:00:00,+919846400859,+919838986928,356938097987320,220,"Banjara Hills, Hyderabad"
REC000243,CASE0008,UPI,2023-06-02 01:00:00,sunita.d8@okhdfcbank,freshmart81@okhdfcbank,TXN583297,1200,N/A
REC000244,CASE0008,CDR,2023-06-02 15:00:00,+919846400859,+919838986928,356938097987320,283,"Andheri East, Mumbai"
REC000245,CASE0008,UPI,2023-06-02 15:00:00,rajesh.m19@paytm,sunita.d8@okhdfcbank,TXN214587,22000,N/A
REC000246,CASE0008,UPI,2023-06-02 22:00:00,sunita.d8@okhdfcbank,freshmart81@okhdfcbank,TXN632365,1200,N/A
REC000247,CASE0008,UPI,2023-06-02 22:00:00,rajesh.m19@paytm,sunita.d8@okhdfcbank,TXN518403,48000,N/A
REC000248,CASE0008,CDR,2023-06-03 02:00:00,+919846400859,+919838986928,356938097987320,82,"Connaught Place, Delhi"
REC000249,CASE0008,CDR,2023-06-03 05:00:00,+919846400859,+919824332536,356938097987320,422,"Cyber City, Gurugram"
REC000250,CASE0008,CDR,2023-06-03 05:00:00,+919846400859,+919806232010,356938097987320,371,"Kothrud, Pune"
REC000251,CASE0008,CDR,2023-06-03 06:00:00,+919846400859,+919868443180,356938097987320,192,"Kothrud, Pune"
REC000252,CASE0008,CDR,2023-06-03 07:00:00,+919846400859,+919841407806,356938097987320,71,"Connaught Place, Delhi"
REC000253,CASE0008,CDR,2023-06-03 08:00:00,+919846400859,+919830154048,356938097987320,450,"Whitefield, Bengaluru"
REC000254,CASE0008,UPI,2023-06-03 16:00:00,sunita.d8@okhdfcbank,traders2477@upi,TXN465413,15000,N/A
REC000255,CASE0008,CDR,2023-06-03 17:00:00,+919846400859,+919868443180,356938097987320,125,"Connaught Place, Delhi"
REC000256,CASE0008,CDR,2023-06-04 03:00:00,+919846400859,+919806232010,356938097987320,162,"Cyber City, Gurugram"
REC000257,CASE0008,CDR,2023-06-04 05:00:00,+919846400859,+919838986928,356938097987320,304,"Cyber City, Gurugram"
REC000258,CASE0008,CDR,2023-06-04 14:00:00,+919846400859,+919824332536,356938097987320,30,"Banjara Hills, Hyderabad"
REC000259,CASE0008,UPI,2023-06-05 08:00:00,sunita.d8@okhdfcbank,freshmart81@okhdfcbank,TXN232180,3000,N/A
REC000260,CASE0008,CDR,2023-06-05 10:00:00,+919846400859,+919838986928,356938097987320,392,"Sector 15, Gurugram"
REC000261,CASE0008,UPI,2023-06-05 11:00:00,sunita.d8@okhdfcbank,ravi.k4@paytm,TXN987088,1200,N/A
REC000262,CASE0008,UPI,2023-06-05 20:00:00,sunita.d8@okhdfcbank,freshmart81@okhdfcbank,TXN994321,7500,N/A
REC000263,CASE0008,UPI,2023-06-05 21:00:00,rajesh.m19@paytm,sunita.d8@okhdfcbank,TXN585655,7500,N/A
REC000264,CASE0008,CDR,2023-06-06 09:00:00,+919846400859,+919838986928,356938097987320,336,"Salt Lake, Kolkata"
REC000265,CASE0008,CDR,2023-06-06 10:00:00,+919846400859,+919841407806,356938097987320,215,"Anna Nagar, Chennai"
REC000266,CASE0008,CDR,2023-06-06 10:00:00,+919846400859,+919806232010,356938097987320,345,"Andheri East, Mumbai"
REC000267,CASE0008,UPI,2023-06-06 10:00:00,sunita.d8@okhdfcbank,freshmart81@okhdfcbank,TXN624798,22000,N/A
REC000268,CASE0008,CDR,2023-06-06 19:00:00,+919846400859,+919806232010,356938097987320,338,"Whitefield, Bengaluru"
REC000269,CASE0008,UPI,2023-06-06 23:00:00,sunita.d8@okhdfcbank,freshmart81@okhdfcbank,TXN359607,22000,N/A
REC000270,CASE0008,CDR,2023-06-07 11:00:00,+919846400859,+919824332536,356938097987320,27,"Salt Lake, Kolkata"
REC000271,CASE0008,CDR,2023-06-07 12:00:00,+919846400859,+919824332536,356938097987320,48,"Banjara Hills, Hyderabad"
REC000272,CASE0008,CDR,2023-06-07 12:00:00,+919846400859,+919824332536,356938097987320,59,"Banjara Hills, Hyderabad"
REC000273,CASE0008,CDR,2023-06-07 14:00:00,+919846400859,+919868443180,356938097987320,271,"Cyber City, Gurugram"
REC000274,CASE0008,CDR,2023-06-07 17:00:00,+919846400859,+919867172314,356938097987320,408,"Anna Nagar, Chennai"
REC000275,CASE0008,UPI,2023-06-07 17:00:00,rajesh.m19@paytm,sunita.d8@okhdfcbank,TXN316472,7500,N/A
REC000276,CASE0008,CDR,2023-06-07 22:00:00,+919846400859,+919867172314,356938097987320,39,"Salt Lake, Kolkata"
REC000277,CASE0009,CDR,2025-05-22 00:00:00,+919832176541,+919882506710,356938063624677,384,"Whitefield, Bengaluru"
REC000278,CASE0009,CDR,2025-05-22 03:00:00,+919832176541,+919868367322,356938063624677,20,"Andheri East, Mumbai"
REC000279,CASE0009,CDR,2025-05-22 05:00:00,+919832176541,+919866594134,356938063624677,38,"Salt Lake, Kolkata"
REC000280,CASE0009,UPI,2025-05-22 08:00:00,sanjay.p70@upi,ravi.k80@paytm,TXN535779,22000,N/A
REC000281,CASE0009,CDR,2025-05-22 14:00:00,+919832176541,+919823851978,356938063624677,438,"Anna Nagar, Chennai"
REC000282,CASE0009,CDR,2025-05-22 18:00:00,+919832176541,+919868367322,356938063624677,165,"Whitefield, Bengaluru"
REC000283,CASE0009,UPI,2025-05-22 22:00:00,ravi.k80@paytm,amitpay82@upi,TXN518254,22000,N/A
REC000284,CASE0009,UPI,2025-05-23 03:00:00,sanjay.p70@upi,ravi.k80@paytm,TXN299167,48000,N/A
REC000285,CASE0009,UPI,2025-05-23 08:00:00,sanjay.p70@upi,ravi.k80@paytm,TXN791036,3000,N/A
REC000286,CASE0009,CDR,2025-05-23 15:00:00,+919832176541,+919873268195,356938063624677,452,"Banjara Hills, Hyderabad"
REC000287,CASE0009,CDR,2025-05-23 17:00:00,+919832176541,+919882506710,356938063624677,179,"Vaishali Nagar, Jaipur"
REC000288,CASE0009,CDR,2025-05-23 18:00:00,+919832176541,+919866594134,356938063624677,471,"Anna Nagar, Chennai"
REC000289,CASE0009,CDR,2025-05-23 18:00:00,+919832176541,+919866594134,356938063624677,321,"Sector 15, Gurugram"
REC000290,CASE0009,UPI,2025-05-23 22:00:00,ravi.k80@paytm,citypay60@ybl,TXN912158,500,N/A
REC000291,CASE0009,CDR,2025-05-24 02:00:00,+919832176541,+919804466001,356938063624677,369,"Andheri East, Mumbai"
REC000292,CASE0009,UPI,2025-05-24 04:00:00,ravi.k80@paytm,amitpay82@upi,TXN446969,1200,N/A
REC000293,CASE0009,CDR,2025-05-24 19:00:00,+919832176541,+919804466001,356938063624677,134,"Cyber City, Gurugram"
REC000294,CASE0009,CDR,2025-05-24 20:00:00,+919832176541,+919868367322,356938063624677,207,"Whitefield, Bengaluru"
REC000295,CASE0009,UPI,2025-05-25 02:00:00,sanjay.p70@upi,ravi.k80@paytm,TXN617713,7500,N/A
REC000296,CASE0009,UPI,2025-05-25 09:00:00,ravi.k80@paytm,pooja.b83@okhdfcbank,TXN714938,22000,N/A
REC000297,CASE0009,CDR,2025-05-25 10:00:00,+919832176541,+919804466001,356938063624677,263,"Banjara Hills, Hyderabad"
REC000298,CASE0009,UPI,2025-05-25 13:00:00,ravi.k80@paytm,kavita.n19@ybl,TXN631024,3000,N/A
REC000299,CASE0009,UPI,2025-05-25 15:00:00,ravi.k80@paytm,pooja.b83@okhdfcbank,TXN397953,7500,N/A
REC000300,CASE0009,UPI,2025-05-25 15:00:00,ravi.k80@paytm,amitpay82@upi,TXN966883,3000,N/A
REC000301,CASE0009,CDR,2025-05-25 16:00:00,+919832176541,+919882506710,356938063624677,93,"Andheri East, Mumbai"
REC000302,CASE0009,CDR,2025-05-25 18:00:00,+919832176541,+919882506710,356938063624677,450,"Andheri East, Mumbai"
REC000303,CASE0009,CDR,2025-05-25 19:00:00,+919832176541,+919837805856,356938063624677,350,"Whitefield, Bengaluru"
REC000304,CASE0009,CDR,2025-05-26 11:00:00,+919832176541,+919868367322,356938063624677,53,"Cyber City, Gurugram"
REC000305,CASE0009,UPI,2025-05-26 11:00:00,sanjay.p70@upi,ravi.k80@paytm,TXN121382,7500,N/A
REC000306,CASE0009,CDR,2025-05-26 13:00:00,+919832176541,+919868367322,356938063624677,110,"Vaishali Nagar, Jaipur"
REC000307,CASE0009,CDR,2025-05-27 01:00:00,+919832176541,+919804466001,356938063624677,300,"Sector 15, Gurugram"
REC000308,CASE0009,CDR,2025-05-27 03:00:00,+919832176541,+919804466001,356938063624677,478,"Cyber City, Gurugram"
REC000309,CASE0009,CDR,2025-05-27 04:00:00,+919832176541,+919882506710,356938063624677,474,"Cyber City, Gurugram"
REC000310,CASE0009,CDR,2025-05-27 15:00:00,+919832176541,+919882506710,356938063624677,191,"Anna Nagar, Chennai"
REC000311,CASE0009,CDR,2025-05-27 15:00:00,+919832176541,+919823851978,356938063624677,394,"Vaishali Nagar, Jaipur"
REC000312,CASE0009,UPI,2025-05-27 21:00:00,ravi.k80@paytm,amitpay82@upi,TXN517838,3000,N/A
REC000313,CASE0009,CDR,2025-05-28 11:00:00,+919832176541,+919823851978,356938063624677,311,"Cyber City, Gurugram"
REC000314,CASE0009,CDR,2025-05-28 15:00:00,+919832176541,+919868367322,356938063624677,58,"Salt Lake, Kolkata"
REC000315,CASE0009,UPI,2025-05-28 16:00:00,ravi.k80@paytm,amitpay82@upi,TXN322823,500,N/A
REC000316,CASE0009,CDR,2025-05-28 19:00:00,+919832176541,+919873268195,356938063624677,340,"Sector 15, Gurugram"
REC000317,CASE0009,CDR,2025-05-28 22:00:00,+919832176541,+919837805856,356938063624677,414,"Vaishali Nagar, Jaipur"
REC000318,CASE0009,UPI,2025-05-29 02:00:00,ravi.k80@paytm,pooja.b83@okhdfcbank,TXN206285,22000,N/A
REC000319,CASE0009,CDR,2025-05-29 03:00:00,+919832176541,+919823851978,356938063624677,299,"Connaught Place, Delhi"
REC000320,CASE0009,CDR,2025-05-29 10:00:00,+919832176541,+919866594134,356938063624677,269,"Whitefield, Bengaluru"
REC000321,CASE0009,CDR,2025-05-29 11:00:00,+919832176541,+919804466001,356938063624677,141,"Vaishali Nagar, Jaipur"
REC000322,CASE0009,UPI,2025-05-29 13:00:00,sanjay.p70@upi,ravi.k80@paytm,TXN416712,1200,N/A
REC000323,CASE0009,CDR,2025-05-30 08:00:00,+919832176541,+919823851978,356938063624677,357,"Kothrud, Pune"
REC000324,CASE0009,CDR,2025-05-30 09:00:00,+919832176541,+919868367322,356938063624677,444,"Whitefield, Bengaluru"
REC000325,CASE0009,CDR,2025-05-30 15:00:00,+919832176541,+919823851978,356938063624677,276,"Vaishali Nagar, Jaipur"
REC000326,CASE0009,UPI,2025-05-30 18:00:00,sanjay.p70@upi,ravi.k80@paytm,TXN424372,15000,N/A
REC000327,CASE0009,CDR,2025-05-30 23:00:00,+919832176541,+919804466001,356938063624677,206,"Banjara Hills, Hyderabad"
REC000328,CASE0009,CDR,2025-05-31 02:00:00,+919832176541,+919837805856,356938063624677,110,"Vaishali Nagar, Jaipur"
REC000329,CASE0009,CDR,2025-05-31 15:00:00,+919832176541,+919873268195,356938063624677,416,"Cyber City, Gurugram"
REC000330,CASE0009,CDR,2025-05-31 15:00:00,+919832176541,+919804466001,356938063624677,420,"Kothrud, Pune"
REC000331,CASE0009,UPI,2025-05-31 16:00:00,ravi.k80@paytm,citypay60@ybl,TXN746655,1200,N/A
REC000332,CASE0009,UPI,2025-05-31 18:00:00,ravi.k80@paytm,amitpay82@upi,TXN486787,48000,N/A
REC000333,CASE0009,UPI,2025-05-31 19:00:00,ravi.k80@paytm,amitpay82@upi,TXN927354,15000,N/A
REC000334,CASE0010,CDR,2024-10-19 05:00:00,+919890798016,+919813127049,356938096710699,32,"Andheri East, Mumbai"
REC000335,CASE0010,UPI,2024-10-19 05:00:00,vikram.t61@paytm,traders2478@icb,TXN456284,3000,N/A
REC000336,CASE0010,UPI,2024-10-19 13:00:00,ravi.k2@icb,vikram.t61@paytm,TXN487588,48000,N/A
REC000337,CASE0010,UPI,2024-10-19 15:00:00,vikram.t61@paytm,nikhil.j35@okhdfcbank,TXN977886,500,N/A
REC000338,CASE0010,UPI,2024-10-19 19:00:00,vikram.t61@paytm,sunita.d80@okhdfcbank,TXN885475,1200,N/A
REC000339,CASE0010,CDR,2024-10-19 23:00:00,+919890798016,+919837205214,356938096710699,427,"Whitefield, Bengaluru"
REC000340,CASE0010,CDR,2024-10-20 00:00:00,+919890798016,+919809164492,356938096710699,407,"Anna Nagar, Chennai"
REC000341,CASE0010,UPI,2024-10-20 02:00:00,vikram.t61@paytm,sunita.d80@okhdfcbank,TXN369495,7500,N/A
REC000342,CASE0010,UPI,2024-10-20 07:00:00,ravi.k2@icb,vikram.t61@paytm,TXN498087,1200,N/A
REC000343,CASE0010,CDR,2024-10-20 13:00:00,+919890798016,+919887740000,356938096710699,450,"Kothrud, Pune"
REC000344,CASE0010,UPI,2024-10-20 13:00:00,ravi.k2@icb,vikram.t61@paytm,TXN106058,1200,N/A
REC000345,CASE0010,CDR,2024-10-20 15:00:00,+919890798016,+919887740000,356938096710699,320,"Sector 15, Gurugram"
REC000346,CASE0010,CDR,2024-10-20 16:00:00,+919890798016,+919879055977,356938096710699,486,"Sector 15, Gurugram"
REC000347,CASE0010,UPI,2024-10-20 16:00:00,ravi.k2@icb,vikram.t61@paytm,TXN346550,22000,N/A
REC000348,CASE0010,CDR,2024-10-20 22:00:00,+919890798016,+919809164492,356938096710699,57,"Sector 15, Gurugram"
REC000349,CASE0010,CDR,2024-10-21 03:00:00,+919890798016,+919881173206,356938096710699,399,"Andheri East, Mumbai"
REC000350,CASE0010,CDR,2024-10-21 03:00:00,+919890798016,+919837205214,356938096710699,123,"Andheri East, Mumbai"
REC000351,CASE0010,UPI,2024-10-21 08:00:00,ravi.k2@icb,vikram.t61@paytm,TXN368290,3000,N/A
REC000352,CASE0010,CDR,2024-10-21 11:00:00,+919890798016,+919809164492,356938096710699,311,"Kothrud, Pune"
REC000353,CASE0010,CDR,2024-10-21 15:00:00,+919890798016,+919813127049,356938096710699,487,"Vaishali Nagar, Jaipur"
REC000354,CASE0010,UPI,2024-10-21 18:00:00,vikram.t61@paytm,traders2478@icb,TXN158476,500,N/A
REC000355,CASE0010,CDR,2024-10-22 01:00:00,+919890798016,+919881173206,356938096710699,87,"Anna Nagar, Chennai"
REC000356,CASE0010,CDR,2024-10-22 07:00:00,+919890798016,+919879055977,356938096710699,44,"Banjara Hills, Hyderabad"
REC000357,CASE0010,CDR,2024-10-22 10:00:00,+919890798016,+919887740000,356938096710699,152,"Banjara Hills, Hyderabad"
REC000358,CASE0010,CDR,2024-10-22 10:00:00,+919890798016,+919809164492,356938096710699,274,"Anna Nagar, Chennai"
REC000359,CASE0010,CDR,2024-10-22 16:00:00,+919890798016,+919879055977,356938096710699,58,"Kothrud, Pune"
REC000360,CASE0010,CDR,2024-10-22 16:00:00,+919890798016,+919887740000,356938096710699,280,"Anna Nagar, Chennai"
REC000361,CASE0010,CDR,2024-10-22 20:00:00,+919890798016,+919879055977,356938096710699,303,"Salt Lake, Kolkata"
REC000362,CASE0010,CDR,2024-10-22 23:00:00,+919890798016,+919881173206,356938096710699,69,"Salt Lake, Kolkata"
REC000363,CASE0010,UPI,2024-10-23 05:00:00,vikram.t61@paytm,nikhil.j35@okhdfcbank,TXN369687,3000,N/A
REC000364,CASE0010,CDR,2024-10-23 07:00:00,+919890798016,+919881173206,356938096710699,279,"Cyber City, Gurugram"
REC000365,CASE0010,CDR,2024-10-23 13:00:00,+919890798016,+919837205214,356938096710699,207,"Banjara Hills, Hyderabad"
REC000366,CASE0010,UPI,2024-10-23 16:00:00,ravi.k2@icb,vikram.t61@paytm,TXN250102,22000,N/A
REC000367,CASE0010,CDR,2024-10-23 21:00:00,+919890798016,+919879055977,356938096710699,59,"Kothrud, Pune"
REC000368,CASE0010,CDR,2024-10-23 23:00:00,+919890798016,+919822152676,356938096710699,120,"Whitefield, Bengaluru"
REC000369,CASE0010,UPI,2024-10-24 09:00:00,ravi.k2@icb,vikram.t61@paytm,TXN570122,48000,N/A
REC000370,CASE0010,CDR,2024-10-24 21:00:00,+919890798016,+919809164492,356938096710699,423,"Banjara Hills, Hyderabad"
REC000371,CASE0010,UPI,2024-10-25 00:00:00,ravi.k2@icb,vikram.t61@paytm,TXN194144,22000,N/A
REC000372,CASE0010,CDR,2024-10-25 06:00:00,+919890798016,+919881173206,356938096710699,19,"Banjara Hills, Hyderabad"
REC000373,CASE0010,CDR,2024-10-25 06:00:00,+919890798016,+919879055977,356938096710699,124,"Whitefield, Bengaluru"
REC000374,CASE0010,CDR,2024-10-25 09:00:00,+919890798016,+919881173206,356938096710699,173,"Anna Nagar, Chennai"
REC000375,CASE0010,CDR,2024-10-25 17:00:00,+919890798016,+919809164492,356938096710699,418,"Connaught Place, Delhi"
REC000376,CASE0010,UPI,2024-10-26 05:00:00,vikram.t61@paytm,traders2478@icb,TXN894713,22000,N/A
REC000377,CASE0010,CDR,2024-10-26 07:00:00,+919890798016,+919809164492,356938096710699,323,"Andheri East, Mumbai"
REC000378,CASE0010,CDR,2024-10-26 07:00:00,+919890798016,+919881173206,356938096710699,482,"Vaishali Nagar, Jaipur"
REC000379,CASE0010,UPI,2024-10-26 12:00:00,vikram.t61@paytm,nikhil.j35@okhdfcbank,TXN727119,22000,N/A
REC000380,CASE0010,UPI,2024-10-27 07:00:00,vikram.t61@paytm,nikhil.j35@okhdfcbank,TXN503784,48000,N/A
REC000381,CASE0010,UPI,2024-10-27 12:00:00,ravi.k2@icb,vikram.t61@paytm,TXN973292,1200,N/A
REC000382,CASE0010,CDR,2024-10-27 14:00:00,+919890798016,+919809164492,356938096710699,160,"Sector 15, Gurugram"
REC000383,CASE0010,CDR,2024-10-27 14:00:00,+919890798016,+919887740000,356938096710699,410,"Connaught Place, Delhi"
REC000384,CASE0010,CDR,2024-10-27 17:00:00,+919890798016,+919879055977,356938096710699,82,"Whitefield, Bengaluru"
REC000385,CASE0010,CDR,2024-10-27 23:00:00,+919890798016,+919813127049,356938096710699,188,"Andheri East, Mumbai"
REC000386,CASE0010,CDR,2024-10-28 06:00:00,+919890798016,+919881173206,356938096710699,304,"Vaishali Nagar, Jaipur"
REC000387,CASE0010,UPI,2024-10-28 12:00:00,ravi.k2@icb,vikram.t61@paytm,TXN852066,1200,N/A
REC000388,CASE0010,CDR,2024-10-28 13:00:00,+919890798016,+919887740000,356938096710699,468,"Kothrud, Pune"
REC000389,CASE0010,CDR,2024-10-28 20:00:00,+919890798016,+919881173206,356938096710699,158,"Banjara Hills, Hyderabad"
REC000390,CASE0011,CDR,2024-05-03 09:00:00,+919815253027,+919843564331,356938082724663,374,"Salt Lake, Kolkata"
REC000391,CASE0011,CDR,2024-05-03 16:00:00,+919815253027,+919892228323,356938082724663,390,"Kothrud, Pune"
REC000392,CASE0011,CDR,2024-05-03 23:00:00,+919815253027,+919828038741,356938082724663,224,"Vaishali Nagar, Jaipur"
REC000393,CASE0011,UPI,2024-05-04 07:00:00,vikram.t4@ybl,pooja.b98@ybl,TXN667906,15000,N/A
REC000394,CASE0011,CDR,2024-05-04 10:00:00,+919815253027,+919894524715,356938082724663,355,"Whitefield, Bengaluru"
REC000395,CASE0011,UPI,2024-05-04 21:00:00,nikhil.j62@icb,vikram.t4@ybl,TXN229026,7500,N/A
REC000396,CASE0011,CDR,2024-05-04 22:00:00,+919815253027,+919843564331,356938082724663,67,"Whitefield, Bengaluru"
REC000397,CASE0011,UPI,2024-05-05 10:00:00,vikram.t4@ybl,pooja.b98@ybl,TXN801262,15000,N/A
REC000398,CASE0011,CDR,2024-05-05 14:00:00,+919815253027,+919828038741,356938082724663,129,"Anna Nagar, Chennai"
REC000399,CASE0011,CDR,2024-05-05 15:00:00,+919815253027,+919843564331,356938082724663,303,"Salt Lake, Kolkata"
REC000400,CASE0011,UPI,2024-05-05 16:00:00,vikram.t4@ybl,amitpay12@okhdfcbank,TXN120396,500,N/A
REC000401,CASE0011,CDR,2024-05-06 00:00:00,+919815253027,+919894524715,356938082724663,342,"Vaishali Nagar, Jaipur"
REC000402,CASE0011,CDR,2024-05-06 02:00:00,+919815253027,+919894524715,356938082724663,70,"Vaishali Nagar, Jaipur"
REC000403,CASE0011,UPI,2024-05-06 13:00:00,vikram.t4@ybl,anita.r27@upi,TXN954634,7500,N/A
REC000404,CASE0011,CDR,2024-05-06 19:00:00,+919815253027,+919842560634,356938082724663,492,"Vaishali Nagar, Jaipur"
REC000405,CASE0011,UPI,2024-05-06 20:00:00,nikhil.j62@icb,vikram.t4@ybl,TXN352053,48000,N/A
REC000406,CASE0011,CDR,2024-05-07 08:00:00,+919815253027,+919894524715,356938082724663,384,"Sector 15, Gurugram"
REC000407,CASE0011,CDR,2024-05-07 18:00:00,+919815253027,+919842560634,356938082724663,28,"Kothrud, Pune"
REC000408,CASE0011,UPI,2024-05-07 22:00:00,vikram.t4@ybl,pooja.b98@ybl,TXN966138,500,N/A
REC000409,CASE0011,UPI,2024-05-08 06:00:00,vikram.t4@ybl,anita.r27@upi,TXN215385,500,N/A
REC000410,CASE0011,CDR,2024-05-08 12:00:00,+919815253027,+919894524715,356938082724663,192,"Salt Lake, Kolkata"
REC000411,CASE0011,CDR,2024-05-08 12:00:00,+919815253027,+919828038741,356938082724663,76,"Salt Lake, Kolkata"
REC000412,CASE0011,CDR,2024-05-09 03:00:00,+919815253027,+919842560634,356938082724663,454,"Sector 15, Gurugram"
REC000413,CASE0011,CDR,2024-05-09 03:00:00,+919815253027,+919894524715,356938082724663,474,"Sector 15, Gurugram"
REC000414,CASE0011,UPI,2024-05-09 10:00:00,vikram.t4@ybl,rajesh.m75@ybl,TXN154490,48000,N/A
REC000415,CASE0011,UPI,2024-05-10 06:00:00,vikram.t4@ybl,pooja.b98@ybl,TXN542641,22000,N/A
REC000416,CASE0011,UPI,2024-05-10 11:00:00,vikram.t4@ybl,anita.r27@upi,TXN198467,22000,N/A
REC000417,CASE0011,CDR,2024-05-10 14:00:00,+919815253027,+919843564331,356938082724663,433,"Salt Lake, Kolkata"
REC000418,CASE0011,CDR,2024-05-11 07:00:00,+919815253027,+919892228323,356938082724663,459,"Banjara Hills, Hyderabad"
REC000419,CASE0011,CDR,2024-05-11 13:00:00,+919815253027,+919842560634,356938082724663,83,"Sector 15, Gurugram"
REC000420,CASE0011,UPI,2024-05-11 22:00:00,vikram.t4@ybl,rajesh.m75@ybl,TXN648312,1200,N/A
REC000421,CASE0011,UPI,2024-05-12 00:00:00,vikram.t4@ybl,anita.r27@upi,TXN642506,1200,N/A
REC000422,CASE0011,UPI,2024-05-12 21:00:00,vikram.t4@ybl,pooja.b98@ybl,TXN374118,500,N/A
REC000423,CASE0011,UPI,2024-05-13 00:00:00,vikram.t4@ybl,rajesh.m75@ybl,TXN726042,48000,N/A
REC000424,CASE0012,CDR,2023-01-12 01:00:00,+919851821563,+919849480914,356938080326670,396,"Vaishali Nagar, Jaipur"
REC000425,CASE0012,UPI,2023-01-12 02:00:00,sunita.d5@okhdfcbank,ravi.k46@upi,TXN845157,22000,N/A
REC000426,CASE0012,CDR,2023-01-12 06:00:00,+919851821563,+919863041452,356938080326670,146,"Anna Nagar, Chennai"
REC000427,CASE0012,UPI,2023-01-12 07:00:00,meera.s67@icb,sunita.d5@okhdfcbank,TXN622045,48000,N/A
REC000428,CASE0012,CDR,2023-01-13 00:00:00,+919851821563,+919884977403,356938080326670,453,"Vaishali Nagar, Jaipur"
REC000429,CASE0012,UPI,2023-01-13 04:00:00,sunita.d5@okhdfcbank,ravi.k46@upi,TXN823399,3000,N/A
REC000430,CASE0012,CDR,2023-01-13 06:00:00,+919851821563,+919894431847,356938080326670,218,"Anna Nagar, Chennai"
REC000431,CASE0012,CDR,2023-01-13 11:00:00,+919851821563,+919884977403,356938080326670,118,"Anna Nagar, Chennai"
REC000432,CASE0012,CDR,2023-01-13 14:00:00,+919851821563,+919894431847,356938080326670,450,"Whitefield, Bengaluru"
REC000433,CASE0012,CDR,2023-01-13 16:00:00,+919851821563,+919899363857,356938080326670,49,"Anna Nagar, Chennai"
REC000434,CASE0012,UPI,2023-01-13 19:00:00,sunita.d5@okhdfcbank,kavita.n42@okhdfcbank,TXN963125,7500,N/A
REC000435,CASE0012,CDR,2023-01-14 11:00:00,+919851821563,+919863041452,356938080326670,435,"Salt Lake, Kolkata"
REC000436,CASE0012,UPI,2023-01-14 12:00:00,meera.s67@icb,sunita.d5@okhdfcbank,TXN277644,500,N/A
REC000437,CASE0012,CDR,2023-01-14 20:00:00,+919851821563,+919849480914,356938080326670,337,"Cyber City, Gurugram"
REC000438,CASE0012,UPI,2023-01-14 20:00:00,sunita.d5@okhdfcbank,traders2429@upi,TXN465841,1200,N/A
REC000439,CASE0012,CDR,2023-01-14 21:00:00,+919851821563,+919882718246,356938080326670,464,"Andheri East, Mumbai"
REC000440,CASE0012,CDR,2023-01-15 01:00:00,+919851821563,+919884977403,356938080326670,195,"Whitefield, Bengaluru"
REC000441,CASE0012,CDR,2023-01-15 03:00:00,+919851821563,+919863041452,356938080326670,410,"Sector 15, Gurugram"
REC000442,CASE0012,CDR,2023-01-15 10:00:00,+919851821563,+919849480914,356938080326670,326,"Andheri East, Mumbai"
REC000443,CASE0012,CDR,2023-01-15 11:00:00,+919851821563,+919810984179,356938080326670,233,"Sector 15, Gurugram"
REC000444,CASE0012,CDR,2023-01-15 18:00:00,+919851821563,+919884977403,356938080326670,405,"Connaught Place, Delhi"
REC000445,CASE0012,CDR,2023-01-15 18:00:00,+919851821563,+919894431847,356938080326670,284,"Kothrud, Pune"
REC000446,CASE0012,UPI,2023-01-15 21:00:00,sunita.d5@okhdfcbank,ravi.k46@upi,TXN637493,1200,N/A
REC000447,CASE0012,CDR,2023-01-16 01:00:00,+919851821563,+919849480914,356938080326670,246,"Vaishali Nagar, Jaipur"
REC000448,CASE0012,CDR,2023-01-16 01:00:00,+919851821563,+919894431847,356938080326670,168,"Cyber City, Gurugram"
REC000449,CASE0012,UPI,2023-01-16 08:00:00,meera.s67@icb,sunita.d5@okhdfcbank,TXN520367,22000,N/A
REC000450,CASE0012,CDR,2023-01-16 09:00:00,+919851821563,+919849480914,356938080326670,67,"Sector 15, Gurugram"
REC000451,CASE0012,CDR,2023-01-16 09:00:00,+919851821563,+919849480914,356938080326670,296,"Anna Nagar, Chennai"
REC000452,CASE0012,UPI,2023-01-16 09:00:00,sunita.d5@okhdfcbank,freshmart75@paytm,TXN264386,15000,N/A
REC000453,CASE0012,CDR,2023-01-16 10:00:00,+919851821563,+919882718246,356938080326670,357,"Salt Lake, Kolkata"
REC000454,CASE0012,CDR,2023-01-16 15:00:00,+919851821563,+919899363857,356938080326670,208,"Anna Nagar, Chennai"
REC000455,CASE0012,CDR,2023-01-16 15:00:00,+919851821563,+919899363857,356938080326670,437,"Kothrud, Pune"
REC000456,CASE0012,UPI,2023-01-16 19:00:00,sunita.d5@okhdfcbank,traders2429@upi,TXN157334,1200,N/A
REC000457,CASE0012,CDR,2023-01-16 22:00:00,+919851821563,+919882718246,356938080326670,35,"Anna Nagar, Chennai"
REC000458,CASE0012,UPI,2023-01-17 04:00:00,sunita.d5@okhdfcbank,ravi.k46@upi,TXN825172,15000,N/A
REC000459,CASE0012,UPI,2023-01-17 09:00:00,sunita.d5@okhdfcbank,kavita.n42@okhdfcbank,TXN291270,500,N/A
REC000460,CASE0012,CDR,2023-01-17 12:00:00,+919851821563,+919894431847,356938080326670,442,"Vaishali Nagar, Jaipur"
REC000461,CASE0012,CDR,2023-01-17 13:00:00,+919851821563,+919810984179,356938080326670,361,"Cyber City, Gurugram"
REC000462,CASE0012,UPI,2023-01-17 14:00:00,meera.s67@icb,sunita.d5@okhdfcbank,TXN636457,1200,N/A
REC000463,CASE0012,CDR,2023-01-17 17:00:00,+919851821563,+919882718246,356938080326670,426,"Cyber City, Gurugram"
REC000464,CASE0012,UPI,2023-01-17 21:00:00,meera.s67@icb,sunita.d5@okhdfcbank,TXN419245,7500,N/A
REC000465,CASE0012,UPI,2023-01-17 21:00:00,sunita.d5@okhdfcbank,freshmart75@paytm,TXN702373,1200,N/A
REC000466,CASE0012,UPI,2023-01-17 23:00:00,sunita.d5@okhdfcbank,freshmart75@paytm,TXN297356,7500,N/A
REC000467,CASE0012,CDR,2023-01-18 08:00:00,+919851821563,+919894431847,356938080326670,346,"Salt Lake, Kolkata"
REC000468,CASE0012,CDR,2023-01-18 12:00:00,+919851821563,+919849480914,356938080326670,156,"Kothrud, Pune"
REC000469,CASE0012,UPI,2023-01-18 12:00:00,sunita.d5@okhdfcbank,traders2429@upi,TXN781679,500,N/A
REC000470,CASE0012,UPI,2023-01-18 17:00:00,sunita.d5@okhdfcbank,traders2429@upi,TXN470340,15000,N/A
REC000471,CASE0012,UPI,2023-01-18 17:00:00,sunita.d5@okhdfcbank,traders2429@upi,TXN825341,7500,N/A
REC000472,CASE0012,CDR,2023-01-19 05:00:00,+919851821563,+919882718246,356938080326670,246,"Sector 15, Gurugram"
REC000473,CASE0012,UPI,2023-01-19 05:00:00,meera.s67@icb,sunita.d5@okhdfcbank,TXN340408,500,N/A
REC000474,CASE0012,UPI,2023-01-19 07:00:00,sunita.d5@okhdfcbank,ravi.k46@upi,TXN250918,22000,N/A
REC000475,CASE0012,CDR,2023-01-19 18:00:00,+919851821563,+919884977403,356938080326670,235,"Banjara Hills, Hyderabad"
REC000476,CASE0012,UPI,2023-01-19 23:00:00,sunita.d5@okhdfcbank,freshmart75@paytm,TXN480336,3000,N/A
REC000477,CASE0012,UPI,2023-01-20 02:00:00,sunita.d5@okhdfcbank,traders2429@upi,TXN204966,500,N/A
REC000478,CASE0012,CDR,2023-01-20 06:00:00,+919851821563,+919882718246,356938080326670,290,"Anna Nagar, Chennai"
REC000479,CASE0012,UPI,2023-01-20 18:00:00,sunita.d5@okhdfcbank,kavita.n42@okhdfcbank,TXN761757,1200,N/A
REC000480,CASE0012,UPI,2023-01-20 23:00:00,meera.s67@icb,sunita.d5@okhdfcbank,TXN116191,22000,N/A
REC000481,CASE0012,CDR,2023-01-21 07:00:00,+919851821563,+919882718246,356938080326670,240,"Sector 15, Gurugram"
REC000482,CASE0012,CDR,2023-01-21 07:00:00,+919851821563,+919899363857,356938080326670,325,"Connaught Place, Delhi"
REC000483,CASE0012,CDR,2023-01-21 13:00:00,+919851821563,+919894431847,356938080326670,168,"Kothrud, Pune"
REC000484,CASE0013,CDR,2024-08-19 07:00:00,+919807093330,+919828773255,356938029250746,382,"Anna Nagar, Chennai"
REC000485,CASE0013,CDR,2024-08-19 17:00:00,+919807093330,+919852321348,356938029250746,482,"Salt Lake, Kolkata"
REC000486,CASE0013,CDR,2024-08-19 22:00:00,+919807093330,+919885158656,356938029250746,162,"Cyber City, Gurugram"
REC000487,CASE0013,UPI,2024-08-20 04:00:00,ravi.k32@icb,sanjay.p64@icb,TXN434025,1200,N/A
REC000488,CASE0013,CDR,2024-08-20 08:00:00,+919807093330,+919836936467,356938029250746,399,"Connaught Place, Delhi"
REC000489,CASE0013,CDR,2024-08-20 13:00:00,+919807093330,+919811658363,356938029250746,22,"Banjara Hills, Hyderabad"
REC000490,CASE0013,CDR,2024-08-20 15:00:00,+919807093330,+919874536040,356938029250746,393,"Sector 15, Gurugram"
REC000491,CASE0013,UPI,2024-08-20 19:00:00,ravi.k32@icb,sanjay.p64@icb,TXN531633,500,N/A
REC000492,CASE0013,CDR,2024-08-21 00:00:00,+919807093330,+919828773255,356938029250746,471,"Connaught Place, Delhi"
REC000493,CASE0013,UPI,2024-08-21 00:00:00,ravi.k32@icb,sanjay.p64@icb,TXN836876,48000,N/A
REC000494,CASE0013,CDR,2024-08-21 01:00:00,+919807093330,+919822562046,356938029250746,382,"Whitefield, Bengaluru"
REC000495,CASE0013,CDR,2024-08-21 15:00:00,+919807093330,+919836936467,356938029250746,220,"Salt Lake, Kolkata"
REC000496,CASE0013,UPI,2024-08-21 17:00:00,sanjay.p64@icb,rajesh.m39@paytm,TXN101018,500,N/A
REC000497,CASE0013,CDR,2024-08-22 02:00:00,+919807093330,+919822562046,356938029250746,153,"Anna Nagar, Chennai"
REC000498,CASE0013,UPI,2024-08-22 17:00:00,sanjay.p64@icb,rajesh.m30@paytm,TXN564054,3000,N/A
REC000499,CASE0013,CDR,2024-08-22 19:00:00,+919807093330,+919874536040,356938029250746,447,"Vaishali Nagar, Jaipur"
REC000500,CASE0013,CDR,2024-08-22 21:00:00,+919807093330,+919828773255,356938029250746,424,"Salt Lake, Kolkata"
REC000501,CASE0013,CDR,2024-08-23 07:00:00,+919807093330,+919852321348,356938029250746,276,"Andheri East, Mumbai"
REC000502,CASE0013,CDR,2024-08-23 07:00:00,+919807093330,+919822562046,356938029250746,326,"Cyber City, Gurugram"
REC000503,CASE0013,CDR,2024-08-23 14:00:00,+919807093330,+919885158656,356938029250746,402,"Whitefield, Bengaluru"
REC000504,CASE0013,CDR,2024-08-24 21:00:00,+919807093330,+919811658363,356938029250746,337,"Cyber City, Gurugram"
REC000505,CASE0013,UPI,2024-08-25 00:00:00,sanjay.p64@icb,rajesh.m30@paytm,TXN851445,15000,N/A
REC000506,CASE0013,UPI,2024-08-25 05:00:00,sanjay.p64@icb,rajesh.m93@paytm,TXN356331,22000,N/A
REC000507,CASE0013,CDR,2024-08-25 06:00:00,+919807093330,+919811658363,356938029250746,288,"Andheri East, Mumbai"
REC000508,CASE0013,CDR,2024-08-26 05:00:00,+919807093330,+919852321348,356938029250746,61,"Kothrud, Pune"
REC000509,CASE0013,UPI,2024-08-26 05:00:00,sanjay.p64@icb,rajesh.m30@paytm,TXN805818,15000,N/A
REC000510,CASE0013,UPI,2024-08-26 09:00:00,sanjay.p64@icb,rajesh.m30@paytm,TXN633366,500,N/A
REC000511,CASE0013,CDR,2024-08-26 12:00:00,+919807093330,+919811658363,356938029250746,320,"Vaishali Nagar, Jaipur"
REC000512,CASE0013,CDR,2024-08-26 13:00:00,+919807093330,+919822562046,356938029250746,370,"Cyber City, Gurugram"
REC000513,CASE0013,CDR,2024-08-26 19:00:00,+919807093330,+919885158656,356938029250746,379,"Sector 15, Gurugram"
REC000514,CASE0013,UPI,2024-08-26 22:00:00,ravi.k32@icb,sanjay.p64@icb,TXN883875,15000,N/A
REC000515,CASE0013,CDR,2024-08-27 06:00:00,+919807093330,+919836936467,356938029250746,133,"Salt Lake, Kolkata"
REC000516,CASE0013,CDR,2024-08-27 06:00:00,+919807093330,+919828773255,356938029250746,466,"Cyber City, Gurugram"
REC000517,CASE0013,UPI,2024-08-27 06:00:00,sanjay.p64@icb,rajesh.m93@paytm,TXN537503,22000,N/A
REC000518,CASE0013,UPI,2024-08-27 07:00:00,sanjay.p64@icb,rajesh.m39@paytm,TXN361819,500,N/A
REC000519,CASE0013,CDR,2024-08-27 14:00:00,+919807093330,+919852321348,356938029250746,403,"Whitefield, Bengaluru"
REC000520,CASE0013,UPI,2024-08-27 14:00:00,sanjay.p64@icb,freshmart81@okhdfcbank,TXN672945,1200,N/A
REC000521,CASE0013,CDR,2024-08-27 17:00:00,+919807093330,+919828773255,356938029250746,219,"Whitefield, Bengaluru"
REC000522,CASE0013,UPI,2024-08-27 20:00:00,ravi.k32@icb,sanjay.p64@icb,TXN652939,500,N/A
REC000523,CASE0013,UPI,2024-08-27 21:00:00,sanjay.p64@icb,rajesh.m39@paytm,TXN145046,48000,N/A
REC000524,CASE0013,UPI,2024-08-28 00:00:00,sanjay.p64@icb,freshmart81@okhdfcbank,TXN613288,48000,N/A
REC000525,CASE0013,CDR,2024-08-28 02:00:00,+919807093330,+919811658363,356938029250746,391,"Banjara Hills, Hyderabad"
REC000526,CASE0013,CDR,2024-08-28 13:00:00,+919807093330,+919874536040,356938029250746,27,"Vaishali Nagar, Jaipur"
REC000527,CASE0013,CDR,2024-08-28 15:00:00,+919807093330,+919828773255,356938029250746,65,"Cyber City, Gurugram"
REC000528,CASE0013,CDR,2024-08-28 23:00:00,+919807093330,+919811658363,356938029250746,105,"Sector 15, Gurugram"
REC000529,CASE0014,CDR,2024-10-13 00:00:00,+919842277330,+919805730044,356938087254229,445,"Anna Nagar, Chennai"
REC000530,CASE0014,CDR,2024-10-13 02:00:00,+919842277330,+919814943120,356938087254229,437,"Cyber City, Gurugram"
REC000531,CASE0014,CDR,2024-10-13 14:00:00,+919842277330,+919805730044,356938087254229,69,"Anna Nagar, Chennai"
REC000532,CASE0014,UPI,2024-10-13 21:00:00,kavita.n43@icb,traders2449@upi,TXN549183,15000,N/A
REC000533,CASE0014,CDR,2024-10-13 22:00:00,+919842277330,+919805730044,356938087254229,450,"Vaishali Nagar, Jaipur"
REC000534,CASE0014,UPI,2024-10-14 05:00:00,meera.s89@ybl,kavita.n43@icb,TXN312672,15000,N/A
REC000535,CASE0014,CDR,2024-10-14 10:00:00,+919842277330,+919876738505,356938087254229,485,"Salt Lake, Kolkata"
REC000536,CASE0014,CDR,2024-10-14 11:00:00,+919842277330,+919807715941,356938087254229,341,"Banjara Hills, Hyderabad"
REC000537,CASE0014,UPI,2024-10-14 11:00:00,meera.s89@ybl,kavita.n43@icb,TXN460090,15000,N/A
REC000538,CASE0014,CDR,2024-10-14 12:00:00,+919842277330,+919814943120,356938087254229,131,"Cyber City, Gurugram"
REC000539,CASE0014,CDR,2024-10-16 03:00:00,+919842277330,+919805730044,356938087254229,241,"Anna Nagar, Chennai"
REC000540,CASE0014,CDR,2024-10-16 04:00:00,+919842277330,+919876738505,356938087254229,312,"Connaught Place, Delhi"
REC000541,CASE0014,CDR,2024-10-16 19:00:00,+919842277330,+919879542810,356938087254229,132,"Salt Lake, Kolkata"
REC000542,CASE0014,UPI,2024-10-16 20:00:00,kavita.n43@icb,traders2449@upi,TXN515595,3000,N/A
REC000543,CASE0014,UPI,2024-10-17 11:00:00,kavita.n43@icb,traders2449@upi,TXN788387,22000,N/A
REC000544,CASE0014,CDR,2024-10-17 12:00:00,+919842277330,+919831471257,356938087254229,160,"Connaught Place, Delhi"
REC000545,CASE0014,CDR,2024-10-18 02:00:00,+919842277330,+919831471257,356938087254229,126,"Salt Lake, Kolkata"
REC000546,CASE0014,CDR,2024-10-18 06:00:00,+919842277330,+919807715941,356938087254229,270,"Cyber City, Gurugram"
REC000547,CASE0014,UPI,2024-10-19 04:00:00,meera.s89@ybl,kavita.n43@icb,TXN708979,7500,N/A
REC000548,CASE0014,UPI,2024-10-19 14:00:00,meera.s89@ybl,kavita.n43@icb,TXN949026,500,N/A
REC000549,CASE0014,CDR,2024-10-20 01:00:00,+919842277330,+919805730044,356938087254229,278,"Banjara Hills, Hyderabad"
REC000550,CASE0014,UPI,2024-10-20 04:00:00,meera.s89@ybl,kavita.n43@icb,TXN304908,7500,N/A
REC000551,CASE0014,UPI,2024-10-20 17:00:00,kavita.n43@icb,anita.r14@ybl,TXN692469,15000,N/A
REC000552,CASE0014,UPI,2024-10-20 21:00:00,kavita.n43@icb,ravi.k51@upi,TXN254054,22000,N/A
REC000553,CASE0014,CDR,2024-10-21 13:00:00,+919842277330,+919814943120,356938087254229,486,"Banjara Hills, Hyderabad"
REC000554,CASE0014,CDR,2024-10-21 22:00:00,+919842277330,+919886229763,356938087254229,144,"Andheri East, Mumbai"
REC000555,CASE0014,CDR,2024-10-22 02:00:00,+919842277330,+919886229763,356938087254229,417,"Kothrud, Pune"
REC000556,CASE0014,UPI,2024-10-22 10:00:00,kavita.n43@icb,deepa.v48@upi,TXN333290,22000,N/A
REC000557,CASE0014,CDR,2024-10-22 11:00:00,+919842277330,+919879542810,356938087254229,47,"Vaishali Nagar, Jaipur"
REC000558,CASE0014,CDR,2024-10-22 15:00:00,+919842277330,+919805730044,356938087254229,498,"Andheri East, Mumbai"
REC000559,CASE0014,CDR,2024-10-22 15:00:00,+919842277330,+919814943120,356938087254229,99,"Banjara Hills, Hyderabad"
REC000560,CASE0014,UPI,2024-10-22 16:00:00,kavita.n43@icb,deepa.v48@upi,TXN520863,15000,N/A
REC000561,CASE0015,UPI,2023-08-15 01:00:00,nikhil.j88@paytm,amitpay53@icb,TXN606921,3000,N/A
REC000562,CASE0015,UPI,2023-08-15 11:00:00,amitpay53@icb,sanjay.p46@upi,TXN385911,7500,N/A
REC000563,CASE0015,CDR,2023-08-15 18:00:00,+919841384738,+919872888181,356938073891899,147,"Cyber City, Gurugram"
REC000564,CASE0015,CDR,2023-08-15 19:00:00,+919841384738,+919890630500,356938073891899,332,"Anna Nagar, Chennai"
REC000565,CASE0015,CDR,2023-08-15 19:00:00,+919841384738,+919893741261,356938073891899,183,"Kothrud, Pune"
REC000566,CASE0015,CDR,2023-08-16 14:00:00,+919841384738,+919804135885,356938073891899,491,"Whitefield, Bengaluru"
REC000567,CASE0015,CDR,2023-08-16 14:00:00,+919841384738,+919893915255,356938073891899,271,"Vaishali Nagar, Jaipur"
REC000568,CASE0015,CDR,2023-08-16 19:00:00,+919841384738,+919872888181,356938073891899,199,"Vaishali Nagar, Jaipur"
REC000569,CASE0015,CDR,2023-08-17 07:00:00,+919841384738,+919893741261,356938073891899,472,"Cyber City, Gurugram"
REC000570,CASE0015,CDR,2023-08-17 10:00:00,+919841384738,+919872888181,356938073891899,327,"Kothrud, Pune"
REC000571,CASE0015,UPI,2023-08-17 10:00:00,nikhil.j88@paytm,amitpay53@icb,TXN581723,15000,N/A
REC000572,CASE0015,UPI,2023-08-17 21:00:00,nikhil.j88@paytm,amitpay53@icb,TXN374797,3000,N/A
REC000573,CASE0015,UPI,2023-08-18 00:00:00,amitpay53@icb,sanjay.p46@upi,TXN935401,1200,N/A
REC000574,CASE0015,UPI,2023-08-18 12:00:00,amitpay53@icb,nikhil.j15@icb,TXN470862,3000,N/A
REC000575,CASE0015,CDR,2023-08-19 04:00:00,+919841384738,+919872888181,356938073891899,258,"Cyber City, Gurugram"
REC000576,CASE0015,UPI,2023-08-19 13:00:00,amitpay53@icb,meera.s5@upi,TXN480539,48000,N/A
REC000577,CASE0015,CDR,2023-08-19 17:00:00,+919841384738,+919882397125,356938073891899,27,"Salt Lake, Kolkata"
REC000578,CASE0015,CDR,2023-08-20 17:00:00,+919841384738,+919870951585,356938073891899,404,"Whitefield, Bengaluru"
REC000579,CASE0015,UPI,2023-08-21 01:00:00,amitpay53@icb,sanjay.p46@upi,TXN832544,500,N/A
REC000580,CASE0015,CDR,2023-08-21 06:00:00,+919841384738,+919804135885,356938073891899,37,"Andheri East, Mumbai"
REC000581,CASE0015,UPI,2023-08-22 06:00:00,nikhil.j88@paytm,amitpay53@icb,TXN900411,3000,N/A
REC000582,CASE0015,CDR,2023-08-22 09:00:00,+919841384738,+919872888181,356938073891899,244,"Banjara Hills, Hyderabad"
REC000583,CASE0015,UPI,2023-08-22 21:00:00,nikhil.j88@paytm,amitpay53@icb,TXN994648,22000,N/A
REC000584,CASE0015,CDR,2023-08-23 22:00:00,+919841384738,+919890630500,356938073891899,316,"Whitefield, Bengaluru"
REC000585,CASE0015,CDR,2023-08-24 07:00:00,+919841384738,+919870951585,356938073891899,357,"Banjara Hills, Hyderabad"
REC000586,CASE0015,CDR,2023-08-24 07:00:00,+919841384738,+919882397125,356938073891899,424,"Sector 15, Gurugram"
REC000587,CASE0015,UPI,2023-08-24 18:00:00,amitpay53@icb,meera.s5@upi,TXN308922,48000,N/A
REC000588,CASE0016,CDR,2023-12-25 02:00:00,+919886505578,+919848133029,356938053352230,258,"Connaught Place, Delhi"
REC000589,CASE0016,CDR,2023-12-26 14:00:00,+919886505578,+919801195203,356938053352230,131,"Banjara Hills, Hyderabad"
REC000590,CASE0016,CDR,2023-12-26 16:00:00,+919886505578,+919885139192,356938053352230,24,"Cyber City, Gurugram"
REC000591,CASE0016,CDR,2023-12-27 05:00:00,+919886505578,+919849575617,356938053352230,286,"Connaught Place, Delhi"
REC000592,CASE0016,CDR,2023-12-27 18:00:00,+919886505578,+919869429124,356938053352230,379,"Vaishali Nagar, Jaipur"
REC000593,CASE0016,UPI,2023-12-27 18:00:00,nikhil.j52@paytm,traders2442@icb,TXN873426,1200,N/A
REC000594,CASE0016,UPI,2023-12-27 19:00:00,nikhil.j52@paytm,traders244@upi,TXN342620,3000,N/A
REC000595,CASE0016,UPI,2023-12-28 10:00:00,nikhil.j52@paytm,sanjay.p69@icb,TXN213040,22000,N/A
REC000596,CASE0016,CDR,2023-12-28 13:00:00,+919886505578,+919869429124,356938053352230,268,"Anna Nagar, Chennai"
REC000597,CASE0016,CDR,2023-12-28 14:00:00,+919886505578,+919849575617,356938053352230,44,"Banjara Hills, Hyderabad"
REC000598,CASE0016,CDR,2023-12-28 16:00:00,+919886505578,+919848133029,356938053352230,363,"Anna Nagar, Chennai"
REC000599,CASE0016,CDR,2023-12-28 19:00:00,+919886505578,+919869429124,356938053352230,200,"Banjara Hills, Hyderabad"
REC000600,CASE0016,CDR,2023-12-29 06:00:00,+919886505578,+919852448024,356938053352230,496,"Vaishali Nagar, Jaipur"
REC000601,CASE0016,CDR,2023-12-29 10:00:00,+919886505578,+919848133029,356938053352230,378,"Salt Lake, Kolkata"
REC000602,CASE0016,UPI,2023-12-30 08:00:00,deepa.v33@okhdfcbank,nikhil.j52@paytm,TXN915132,1200,N/A
REC000603,CASE0016,CDR,2023-12-30 15:00:00,+919886505578,+919852448024,356938053352230,82,"Whitefield, Bengaluru"
REC000604,CASE0016,CDR,2023-12-30 23:00:00,+919886505578,+919852448024,356938053352230,200,"Kothrud, Pune"
REC000605,CASE0016,CDR,2023-12-31 00:00:00,+919886505578,+919801195203,356938053352230,175,"Sector 15, Gurugram"
REC000606,CASE0016,UPI,2023-12-31 00:00:00,deepa.v33@okhdfcbank,nikhil.j52@paytm,TXN493810,22000,N/A
REC000607,CASE0016,CDR,2023-12-31 03:00:00,+919886505578,+919852448024,356938053352230,132,"Anna Nagar, Chennai"
REC000608,CASE0016,UPI,2023-12-31 15:00:00,deepa.v33@okhdfcbank,nikhil.j52@paytm,TXN163088,15000,N/A
REC000609,CASE0016,UPI,2023-12-31 16:00:00,nikhil.j52@paytm,sanjay.p69@icb,TXN364166,500,N/A
REC000610,CASE0016,UPI,2023-12-31 18:00:00,nikhil.j52@paytm,pooja.b52@okhdfcbank,TXN582448,1200,N/A
REC000611,CASE0016,CDR,2023-12-31 22:00:00,+919886505578,+919869429124,356938053352230,296,"Vaishali Nagar, Jaipur"
REC000612,CASE0016,CDR,2023-12-31 23:00:00,+919886505578,+919869429124,356938053352230,411,"Salt Lake, Kolkata"
REC000613,CASE0016,UPI,2024-01-01 13:00:00,deepa.v33@okhdfcbank,nikhil.j52@paytm,TXN623173,1200,N/A
REC000614,CASE0016,UPI,2024-01-01 19:00:00,deepa.v33@okhdfcbank,nikhil.j52@paytm,TXN945940,22000,N/A
REC000615,CASE0016,CDR,2024-01-02 01:00:00,+919886505578,+919885139192,356938053352230,494,"Sector 15, Gurugram"
REC000616,CASE0016,CDR,2024-01-02 03:00:00,+919886505578,+919885139192,356938053352230,412,"Whitefield, Bengaluru"
REC000617,CASE0016,CDR,2024-01-02 11:00:00,+919886505578,+919885139192,356938053352230,59,"Anna Nagar, Chennai"
REC000618,CASE0016,CDR,2024-01-03 05:00:00,+919886505578,+919848133029,356938053352230,93,"Anna Nagar, Chennai"
REC000619,CASE0016,CDR,2024-01-03 07:00:00,+919886505578,+919885139192,356938053352230,28,"Salt Lake, Kolkata"
REC000620,CASE0016,UPI,2024-01-03 15:00:00,deepa.v33@okhdfcbank,nikhil.j52@paytm,TXN873583,48000,N/A
REC000621,CASE0016,UPI,2024-01-03 17:00:00,nikhil.j52@paytm,traders2442@icb,TXN162899,1200,N/A
REC000622,CASE0016,UPI,2024-01-03 19:00:00,nikhil.j52@paytm,sanjay.p69@icb,TXN467869,48000,N/A
REC000623,CASE0017,CDR,2023-11-30 12:00:00,+919864473927,+919830028939,356938042441507,419,"Kothrud, Pune"
REC000624,CASE0017,UPI,2023-11-30 16:00:00,sunita.d57@upi,kavita.n21@ybl,TXN651822,3000,N/A
REC000625,CASE0017,CDR,2023-11-30 17:00:00,+919864473927,+919862401202,356938042441507,115,"Kothrud, Pune"
REC000626,CASE0017,CDR,2023-11-30 22:00:00,+919864473927,+919899739035,356938042441507,332,"Sector 15, Gurugram"
REC000627,CASE0017,UPI,2023-12-01 12:00:00,sunita.d57@upi,kavita.n21@ybl,TXN894041,15000,N/A
REC000628,CASE0017,UPI,2023-12-01 15:00:00,kavita.n21@ybl,rajesh.m29@icb,TXN207796,3000,N/A
REC000629,CASE0017,CDR,2023-12-01 21:00:00,+919864473927,+919862401202,356938042441507,150,"Whitefield, Bengaluru"
REC000630,CASE0017,UPI,2023-12-02 12:00:00,kavita.n21@ybl,rajesh.m29@icb,TXN472457,22000,N/A
REC000631,CASE0017,CDR,2023-12-02 13:00:00,+919864473927,+919861005111,356938042441507,271,"Whitefield, Bengaluru"
REC000632,CASE0017,CDR,2023-12-02 13:00:00,+919864473927,+919899739035,356938042441507,116,"Connaught Place, Delhi"
REC000633,CASE0017,UPI,2023-12-02 13:00:00,kavita.n21@ybl,meera.s68@ybl,TXN961808,22000,N/A
REC000634,CASE0017,UPI,2023-12-02 19:00:00,sunita.d57@upi,kavita.n21@ybl,TXN981875,7500,N/A
REC000635,CASE0017,CDR,2023-12-03 20:00:00,+919864473927,+919816565093,356938042441507,20,"Salt Lake, Kolkata"
REC000636,CASE0017,UPI,2023-12-03 20:00:00,kavita.n21@ybl,rajesh.m29@icb,TXN229010,7500,N/A
REC000637,CASE0017,UPI,2023-12-03 21:00:00,kavita.n21@ybl,meera.s68@ybl,TXN952862,3000,N/A
REC000638,CASE0017,CDR,2023-12-04 06:00:00,+919864473927,+919830028939,356938042441507,177,"Kothrud, Pune"
REC000639,CASE0017,CDR,2023-12-04 11:00:00,+919864473927,+919830028939,356938042441507,92,"Banjara Hills, Hyderabad"
REC000640,CASE0017,UPI,2023-12-04 21:00:00,sunita.d57@upi,kavita.n21@ybl,TXN967637,48000,N/A
REC000641,CASE0017,UPI,2023-12-05 10:00:00,sunita.d57@upi,kavita.n21@ybl,TXN672711,7500,N/A
REC000642,CASE0017,CDR,2023-12-05 19:00:00,+919864473927,+919816565093,356938042441507,295,"Salt Lake, Kolkata"
REC000643,CASE0017,CDR,2023-12-05 20:00:00,+919864473927,+919872860238,356938042441507,176,"Vaishali Nagar, Jaipur"
REC000644,CASE0017,CDR,2023-12-06 03:00:00,+919864473927,+919862401202,356938042441507,257,"Vaishali Nagar, Jaipur"
REC000645,CASE0017,UPI,2023-12-06 12:00:00,kavita.n21@ybl,pooja.b10@ybl,TXN175492,22000,N/A
REC000646,CASE0017,CDR,2023-12-07 08:00:00,+919864473927,+919862401202,356938042441507,349,"Vaishali Nagar, Jaipur"
REC000647,CASE0017,CDR,2023-12-07 08:00:00,+919864473927,+919830028939,356938042441507,462,"Whitefield, Bengaluru"
REC000648,CASE0017,CDR,2023-12-07 09:00:00,+919864473927,+919861005111,356938042441507,388,"Banjara Hills, Hyderabad"
REC000649,CASE0017,CDR,2023-12-07 09:00:00,+919864473927,+919861005111,356938042441507,181,"Vaishali Nagar, Jaipur"
REC000650,CASE0017,CDR,2023-12-08 02:00:00,+919864473927,+919830028939,356938042441507,466,"Banjara Hills, Hyderabad"
REC000651,CASE0017,UPI,2023-12-08 12:00:00,kavita.n21@ybl,meera.s68@ybl,TXN742271,48000,N/A
REC000652,CASE0017,CDR,2023-12-08 13:00:00,+919864473927,+919842851276,356938042441507,474,"Sector 15, Gurugram"
REC000653,CASE0017,UPI,2023-12-09 03:00:00,kavita.n21@ybl,rajesh.m29@icb,TXN698428,1200,N/A
REC000654,CASE0017,UPI,2023-12-09 12:00:00,kavita.n21@ybl,vikram.t82@okhdfcbank,TXN437602,7500,N/A
REC000655,CASE0017,CDR,2023-12-09 16:00:00,+919864473927,+919872860238,356938042441507,40,"Banjara Hills, Hyderabad"
REC000656,CASE0018,CDR,2024-11-09 01:00:00,+919888471464,+919845434718,356938071772820,290,"Whitefield, Bengaluru"
REC000657,CASE0018,CDR,2024-11-09 22:00:00,+919888471464,+919883958564,356938071772820,400,"Andheri East, Mumbai"
REC000658,CASE0018,UPI,2024-11-10 22:00:00,vikram.t47@paytm,nikhil.j49@paytm,TXN151341,1200,N/A
REC000659,CASE0018,CDR,2024-11-11 03:00:00,+919888471464,+919845434718,356938071772820,41,"Andheri East, Mumbai"
REC000660,CASE0018,UPI,2024-11-11 04:00:00,vikram.t47@paytm,nikhil.j60@paytm,TXN199861,1200,N/A
REC000661,CASE0018,CDR,2024-11-11 08:00:00,+919888471464,+919883958564,356938071772820,54,"Anna Nagar, Chennai"
REC000662,CASE0018,UPI,2024-11-11 09:00:00,vikram.t47@paytm,meera.s76@okhdfcbank,TXN840514,7500,N/A
REC000663,CASE0018,CDR,2024-11-11 15:00:00,+919888471464,+919883958564,356938071772820,209,"Banjara Hills, Hyderabad"
REC000664,CASE0018,CDR,2024-11-12 10:00:00,+919888471464,+919871326495,356938071772820,112,"Kothrud, Pune"
REC000665,CASE0018,UPI,2024-11-12 10:00:00,ravi.k72@upi,vikram.t47@paytm,TXN330364,48000,N/A
REC000666,CASE0018,UPI,2024-11-12 15:00:00,ravi.k72@upi,vikram.t47@paytm,TXN841256,15000,N/A
REC000667,CASE0018,CDR,2024-11-13 02:00:00,+919888471464,+919871326495,356938071772820,354,"Whitefield, Bengaluru"
REC000668,CASE0018,CDR,2024-11-13 06:00:00,+919888471464,+919894536929,356938071772820,35,"Whitefield, Bengaluru"
REC000669,CASE0018,CDR,2024-11-13 16:00:00,+919888471464,+919807650466,356938071772820,266,"Cyber City, Gurugram"
REC000670,CASE0018,UPI,2024-11-13 16:00:00,ravi.k72@upi,vikram.t47@paytm,TXN845072,1200,N/A
REC000671,CASE0018,UPI,2024-11-13 17:00:00,ravi.k72@upi,vikram.t47@paytm,TXN313084,500,N/A
REC000672,CASE0018,CDR,2024-11-14 01:00:00,+919888471464,+919845434718,356938071772820,470,"Connaught Place, Delhi"
REC000673,CASE0018,CDR,2024-11-14 11:00:00,+919888471464,+919883958564,356938071772820,437,"Sector 15, Gurugram"
REC000674,CASE0018,CDR,2024-11-14 13:00:00,+919888471464,+919871326495,356938071772820,59,"Salt Lake, Kolkata"
REC000675,CASE0018,UPI,2024-11-14 16:00:00,ravi.k72@upi,vikram.t47@paytm,TXN692372,48000,N/A
REC000676,CASE0018,UPI,2024-11-14 16:00:00,vikram.t47@paytm,citypay64@icb,TXN915315,22000,N/A
REC000677,CASE0018,CDR,2024-11-14 17:00:00,+919888471464,+919839513511,356938071772820,206,"Vaishali Nagar, Jaipur"
REC000678,CASE0018,CDR,2024-11-14 20:00:00,+919888471464,+919839513511,356938071772820,397,"Banjara Hills, Hyderabad"
REC000679,CASE0018,CDR,2024-11-14 21:00:00,+919888471464,+919871326495,356938071772820,408,"Banjara Hills, Hyderabad"
REC000680,CASE0018,CDR,2024-11-14 22:00:00,+919888471464,+919807650466,356938071772820,276,"Banjara Hills, Hyderabad"
REC000681,CASE0018,CDR,2024-11-15 00:00:00,+919888471464,+919807650466,356938071772820,43,"Andheri East, Mumbai"
REC000682,CASE0018,UPI,2024-11-16 00:00:00,vikram.t47@paytm,citypay64@icb,TXN483493,48000,N/A
REC000683,CASE0018,UPI,2024-11-16 01:00:00,ravi.k72@upi,vikram.t47@paytm,TXN429532,500,N/A
REC000684,CASE0018,CDR,2024-11-16 03:00:00,+919888471464,+919845434718,356938071772820,394,"Andheri East, Mumbai"
REC000685,CASE0018,UPI,2024-11-16 04:00:00,vikram.t47@paytm,meera.s76@okhdfcbank,TXN940883,1200,N/A
REC000686,CASE0018,CDR,2024-11-16 06:00:00,+919888471464,+919809409248,356938071772820,172,"Whitefield, Bengaluru"
REC000687,CASE0018,UPI,2024-11-16 07:00:00,vikram.t47@paytm,nikhil.j49@paytm,TXN829502,1200,N/A
REC000688,CASE0018,CDR,2024-11-16 14:00:00,+919888471464,+919871326495,356938071772820,262,"Sector 15, Gurugram"
REC000689,CASE0018,CDR,2024-11-17 05:00:00,+919888471464,+919807650466,356938071772820,75,"Connaught Place, Delhi"
REC000690,CASE0018,UPI,2024-11-17 08:00:00,ravi.k72@upi,vikram.t47@paytm,TXN152754,7500,N/A
REC000691,CASE0018,UPI,2024-11-17 13:00:00,vikram.t47@paytm,nikhil.j60@paytm,TXN525726,22000,N/A
REC000692,CASE0018,CDR,2024-11-17 17:00:00,+919888471464,+919809409248,356938071772820,67,"Vaishali Nagar, Jaipur"
REC000693,CASE0018,CDR,2024-11-17 17:00:00,+919888471464,+919809409248,356938071772820,461,"Cyber City, Gurugram"
REC000694,CASE0018,CDR,2024-11-17 23:00:00,+919888471464,+919894536929,356938071772820,86,"Banjara Hills, Hyderabad"
REC000695,CASE0018,CDR,2024-11-18 03:00:00,+919888471464,+919894536929,356938071772820,146,"Whitefield, Bengaluru"
REC000696,CASE0018,UPI,2024-11-18 04:00:00,vikram.t47@paytm,nikhil.j60@paytm,TXN288917,500,N/A
REC000697,CASE0018,UPI,2024-11-18 20:00:00,vikram.t47@paytm,citypay64@icb,TXN622418,1200,N/A
REC000698,CASE0019,UPI,2023-06-13 18:00:00,traders2449@upi,meera.s39@icb,TXN143225,1200,N/A
REC000699,CASE0019,CDR,2023-06-14 03:00:00,+919874395824,+919847507137,356938045832360,74,"Cyber City, Gurugram"
REC000700,CASE0019,UPI,2023-06-14 03:00:00,traders2449@upi,freshmart60@icb,TXN930137,48000,N/A
REC000701,CASE0019,CDR,2023-06-14 06:00:00,+919874395824,+919844998132,356938045832360,254,"Andheri East, Mumbai"
REC000702,CASE0019,CDR,2023-06-14 17:00:00,+919874395824,+919810532402,356938045832360,289,"Sector 15, Gurugram"
REC000703,CASE0019,UPI,2023-06-14 19:00:00,citypay43@paytm,traders2449@upi,TXN377006,500,N/A
REC000704,CASE0019,UPI,2023-06-16 00:00:00,traders2449@upi,nikhil.j13@okhdfcbank,TXN233288,1200,N/A
REC000705,CASE0019,UPI,2023-06-16 02:00:00,traders2449@upi,meera.s39@icb,TXN188422,22000,N/A
REC000706,CASE0019,CDR,2023-06-16 05:00:00,+919874395824,+919847507137,356938045832360,148,"Connaught Place, Delhi"
REC000707,CASE0019,CDR,2023-06-16 12:00:00,+919874395824,+919810513881,356938045832360,446,"Vaishali Nagar, Jaipur"
REC000708,CASE0019,CDR,2023-06-16 20:00:00,+919874395824,+919847507137,356938045832360,354,"Connaught Place, Delhi"
REC000709,CASE0019,CDR,2023-06-16 23:00:00,+919874395824,+919855773552,356938045832360,354,"Cyber City, Gurugram"
REC000710,CASE0019,UPI,2023-06-17 12:00:00,citypay43@paytm,traders2449@upi,TXN643284,500,N/A
REC000711,CASE0019,CDR,2023-06-18 07:00:00,+919874395824,+919844998132,356938045832360,289,"Kothrud, Pune"
REC000712,CASE0019,CDR,2023-06-18 09:00:00,+919874395824,+919844998132,356938045832360,202,"Andheri East, Mumbai"
REC000713,CASE0019,CDR,2023-06-18 11:00:00,+919874395824,+919810532402,356938045832360,64,"Banjara Hills, Hyderabad"
REC000714,CASE0019,CDR,2023-06-19 03:00:00,+919874395824,+919843813722,356938045832360,195,"Connaught Place, Delhi"
REC000715,CASE0019,UPI,2023-06-19 04:00:00,citypay43@paytm,traders2449@upi,TXN355390,15000,N/A
REC000716,CASE0019,CDR,2023-06-19 21:00:00,+919874395824,+919855773552,356938045832360,82,"Banjara Hills, Hyderabad"
REC000717,CASE0019,UPI,2023-06-20 11:00:00,traders2449@upi,nikhil.j13@okhdfcbank,TXN191268,48000,N/A
REC000718,CASE0019,UPI,2023-06-20 18:00:00,traders2449@upi,nikhil.j13@okhdfcbank,TXN199608,500,N/A
REC000719,CASE0019,UPI,2023-06-21 06:00:00,traders2449@upi,meera.s39@icb,TXN961264,1200,N/A
REC000720,CASE0020,CDR,2025-03-02 01:00:00,+919824517920,+919840792668,356938056601328,88,"Andheri East, Mumbai"
REC000721,CASE0020,CDR,2025-03-02 08:00:00,+919824517920,+919840792668,356938056601328,262,"Cyber City, Gurugram"
REC000722,CASE0020,CDR,2025-03-02 21:00:00,+919824517920,+919840792668,356938056601328,216,"Vaishali Nagar, Jaipur"
REC000723,CASE0020,CDR,2025-03-02 22:00:00,+919824517920,+919840792668,356938056601328,110,"Vaishali Nagar, Jaipur"
REC000724,CASE0020,CDR,2025-03-03 06:00:00,+919824517920,+919815927724,356938056601328,364,"Sector 15, Gurugram"
REC000725,CASE0020,CDR,2025-03-03 13:00:00,+919824517920,+919840792668,356938056601328,294,"Andheri East, Mumbai"
REC000726,CASE0020,UPI,2025-03-04 19:00:00,anita.r20@ybl,citypay40@icb,TXN675190,500,N/A
REC000727,CASE0020,UPI,2025-03-04 22:00:00,sunita.d64@okhdfcbank,anita.r20@ybl,TXN852144,7500,N/A
REC000728,CASE0020,CDR,2025-03-05 02:00:00,+919824517920,+919823335107,356938056601328,293,"Sector 15, Gurugram"
REC000729,CASE0020,CDR,2025-03-05 03:00:00,+919824517920,+919840792668,356938056601328,171,"Banjara Hills, Hyderabad"
REC000730,CASE0020,CDR,2025-03-05 06:00:00,+919824517920,+919849811433,356938056601328,178,"Kothrud, Pune"
REC000731,CASE0020,UPI,2025-03-05 16:00:00,anita.r20@ybl,deepa.v63@okhdfcbank,TXN641057,48000,N/A
REC000732,CASE0020,CDR,2025-03-05 20:00:00,+919824517920,+919815927724,356938056601328,129,"Salt Lake, Kolkata"
REC000733,CASE0020,UPI,2025-03-05 20:00:00,anita.r20@ybl,ravi.k15@paytm,TXN439950,1200,N/A
REC000734,CASE0020,UPI,2025-03-05 20:00:00,anita.r20@ybl,deepa.v63@okhdfcbank,TXN385579,3000,N/A
REC000735,CASE0020,UPI,2025-03-05 20:00:00,sunita.d64@okhdfcbank,anita.r20@ybl,TXN504243,48000,N/A
REC000736,CASE0020,CDR,2025-03-05 21:00:00,+919824517920,+919866566135,356938056601328,24,"Sector 15, Gurugram"
REC000737,CASE0020,CDR,2025-03-06 00:00:00,+919824517920,+919823335107,356938056601328,474,"Cyber City, Gurugram"
REC000738,CASE0020,CDR,2025-03-06 03:00:00,+919824517920,+919840792668,356938056601328,185,"Cyber City, Gurugram"
REC000739,CASE0020,CDR,2025-03-06 04:00:00,+919824517920,+919839783790,356938056601328,19,"Sector 15, Gurugram"
REC000740,CASE0020,CDR,2025-03-06 04:00:00,+919824517920,+919815927724,356938056601328,397,"Anna Nagar, Chennai"
REC000741,CASE0020,CDR,2025-03-06 08:00:00,+919824517920,+919866566135,356938056601328,290,"Andheri East, Mumbai"
REC000742,CASE0020,CDR,2025-03-06 11:00:00,+919824517920,+919839783790,356938056601328,223,"Connaught Place, Delhi"
REC000743,CASE0020,UPI,2025-03-06 19:00:00,anita.r20@ybl,citypay53@okhdfcbank,TXN768060,1200,N/A
REC000744,CASE0020,CDR,2025-03-06 20:00:00,+919824517920,+919839783790,356938056601328,429,"Whitefield, Bengaluru"
REC000745,CASE0020,UPI,2025-03-07 00:00:00,sunita.d64@okhdfcbank,anita.r20@ybl,TXN313882,15000,N/A
REC000746,CASE0020,UPI,2025-03-07 13:00:00,sunita.d64@okhdfcbank,anita.r20@ybl,TXN427126,500,N/A
REC000747,CASE0020,UPI,2025-03-07 15:00:00,anita.r20@ybl,citypay40@icb,TXN372343,7500,N/A
REC000748,CASE0020,CDR,2025-03-07 21:00:00,+919824517920,+919866566135,356938056601328,456,"Kothrud, Pune"
REC000749,CASE0020,CDR,2025-03-07 22:00:00,+919824517920,+919849811433,356938056601328,244,"Whitefield, Bengaluru"
REC000750,CASE0020,CDR,2025-03-08 06:00:00,+919824517920,+919839783790,356938056601328,275,"Sector 15, Gurugram"
REC000751,CASE0020,UPI,2025-03-08 06:00:00,sunita.d64@okhdfcbank,anita.r20@ybl,TXN501573,48000,N/A
REC000752,CASE0020,CDR,2025-03-08 14:00:00,+919824517920,+919851913056,356938056601328,164,"Salt Lake, Kolkata"
REC000753,CASE0020,CDR,2025-03-08 15:00:00,+919824517920,+919840792668,356938056601328,242,"Whitefield, Bengaluru"
REC000754,CASE0020,CDR,2025-03-08 20:00:00,+919824517920,+919840792668,356938056601328,336,"Andheri East, Mumbai"
REC000755,CASE0020,UPI,2025-03-08 21:00:00,sunita.d64@okhdfcbank,anita.r20@ybl,TXN858036,22000,N/A
REC000756,CASE0020,CDR,2025-03-09 02:00:00,+919824517920,+919849811433,356938056601328,84,"Whitefield, Bengaluru"
REC000757,CASE0020,CDR,2025-03-09 02:00:00,+919824517920,+919849811433,356938056601328,53,"Kothrud, Pune"
REC000758,CASE0020,UPI,2025-03-09 10:00:00,anita.r20@ybl,ravi.k15@paytm,TXN731395,3000,N/A
REC000759,CASE0020,UPI,2025-03-09 14:00:00,sunita.d64@okhdfcbank,anita.r20@ybl,TXN421857,1200,N/A
REC000760,CASE0020,CDR,2025-03-09 18:00:00,+919824517920,+919839783790,356938056601328,398,"Vaishali Nagar, Jaipur"
REC000761,CASE0020,CDR,2025-03-09 20:00:00,+919824517920,+919840792668,356938056601328,361,"Connaught Place, Delhi"
REC000762,CASE0020,UPI,2025-03-09 22:00:00,anita.r20@ybl,citypay53@okhdfcbank,TXN513660,48000,N/A
REC000763,CASE0020,CDR,2025-03-10 00:00:00,+919824517920,+919839783790,356938056601328,471,"Cyber City, Gurugram"
REC000764,CASE0020,UPI,2025-03-10 00:00:00,anita.r20@ybl,citypay53@okhdfcbank,TXN974931,48000,N/A
REC000765,CASE0020,UPI,2025-03-10 01:00:00,anita.r20@ybl,citypay53@okhdfcbank,TXN889191,500,N/A
REC000766,CASE0020,UPI,2025-03-10 05:00:00,sunita.d64@okhdfcbank,anita.r20@ybl,TXN658048,48000,N/A
REC000767,CASE0020,UPI,2025-03-10 07:00:00,anita.r20@ybl,citypay40@icb,TXN259457,3000,N/A
REC000768,CASE0020,CDR,2025-03-10 10:00:00,+919824517920,+919839783790,356938056601328,111,"Cyber City, Gurugram"
REC000769,CASE0020,UPI,2025-03-10 14:00:00,anita.r20@ybl,citypay53@okhdfcbank,TXN616940,22000,N/A
REC000770,CASE0020,UPI,2025-03-10 21:00:00,anita.r20@ybl,citypay40@icb,TXN932213,15000,N/A
REC000771,CASE0020,CDR,2025-03-11 02:00:00,+919824517920,+919815927724,356938056601328,68,"Andheri East, Mumbai"
REC000772,CASE0020,CDR,2025-03-11 08:00:00,+919824517920,+919823335107,356938056601328,469,"Connaught Place, Delhi"
REC000773,CASE0020,UPI,2025-03-11 08:00:00,sunita.d64@okhdfcbank,anita.r20@ybl,TXN422962,22000,N/A
REC000774,CASE0020,CDR,2025-03-11 11:00:00,+919824517920,+919823335107,356938056601328,327,"Banjara Hills, Hyderabad"
REC000775,CASE0020,UPI,2025-03-11 12:00:00,anita.r20@ybl,deepa.v63@okhdfcbank,TXN750867,3000,N/A
REC000776,CASE0020,CDR,2025-03-11 16:00:00,+919824517920,+919866566135,356938056601328,270,"Vaishali Nagar, Jaipur"
REC000777,CASE0020,UPI,2025-03-11 21:00:00,anita.r20@ybl,citypay40@icb,TXN814663,3000,N/A
REC000778,CASE0020,CDR,2025-03-12 00:00:00,+919824517920,+919839783790,356938056601328,429,"Sector 15, Gurugram"
REC000779,CASE0021,CDR,2024-02-14 04:00:00,+919867552288,+919808115307,356938064235161,413,"Andheri East, Mumbai"
REC000780,CASE0021,CDR,2024-02-14 07:00:00,+919867552288,+919894199849,356938064235161,413,"Cyber City, Gurugram"
REC000781,CASE0021,CDR,2024-02-14 07:00:00,+919867552288,+919896639422,356938064235161,273,"Whitefield, Bengaluru"
REC000782,CASE0021,UPI,2024-02-14 11:00:00,kavita.n86@upi,ravi.k74@upi,TXN700660,15000,N/A
REC000783,CASE0021,CDR,2024-02-15 04:00:00,+919867552288,+919808115307,356938064235161,99,"Whitefield, Bengaluru"
REC000784,CASE0021,CDR,2024-02-16 00:00:00,+919867552288,+919833415915,356938064235161,330,"Andheri East, Mumbai"
REC000785,CASE0021,CDR,2024-02-16 04:00:00,+919867552288,+919808115307,356938064235161,21,"Kothrud, Pune"
REC000786,CASE0021,UPI,2024-02-16 06:00:00,ravi.k74@upi,rajesh.m37@okhdfcbank,TXN128944,500,N/A
REC000787,CASE0021,UPI,2024-02-16 16:00:00,ravi.k74@upi,traders2468@okhdfcbank,TXN844714,3000,N/A
REC000788,CASE0021,CDR,2024-02-16 19:00:00,+919867552288,+919827480798,356938064235161,196,"Cyber City, Gurugram"
REC000789,CASE0021,CDR,2024-02-17 06:00:00,+919867552288,+919881406426,356938064235161,37,"Cyber City, Gurugram"
REC000790,CASE0021,CDR,2024-02-18 06:00:00,+919867552288,+919808115307,356938064235161,277,"Anna Nagar, Chennai"
REC000791,CASE0021,CDR,2024-02-18 08:00:00,+919867552288,+919894199849,356938064235161,356,"Sector 15, Gurugram"
REC000792,CASE0021,CDR,2024-02-18 12:00:00,+919867552288,+919833415915,356938064235161,47,"Whitefield, Bengaluru"
REC000793,CASE0021,UPI,2024-02-18 15:00:00,kavita.n86@upi,ravi.k74@upi,TXN113501,500,N/A
REC000794,CASE0021,UPI,2024-02-19 01:00:00,ravi.k74@upi,traders2468@okhdfcbank,TXN991256,500,N/A
REC000795,CASE0021,UPI,2024-02-19 04:00:00,ravi.k74@upi,kavita.n28@okhdfcbank,TXN933355,3000,N/A
REC000796,CASE0021,UPI,2024-02-19 15:00:00,ravi.k74@upi,rajesh.m37@okhdfcbank,TXN319455,3000,N/A
REC000797,CASE0021,CDR,2024-02-20 00:00:00,+919867552288,+919890087173,356938064235161,176,"Salt Lake, Kolkata"
REC000798,CASE0021,CDR,2024-02-20 03:00:00,+919867552288,+919894199849,356938064235161,235,"Vaishali Nagar, Jaipur"
REC000799,CASE0021,UPI,2024-02-20 15:00:00,ravi.k74@upi,rajesh.m37@okhdfcbank,TXN608064,48000,N/A
REC000800,CASE0021,UPI,2024-02-20 19:00:00,ravi.k74@upi,deepa.v81@ybl,TXN355236,1200,N/A
REC000801,CASE0021,CDR,2024-02-21 00:00:00,+919867552288,+919833415915,356938064235161,51,"Vaishali Nagar, Jaipur"
REC000802,CASE0021,CDR,2024-02-21 06:00:00,+919867552288,+919890087173,356938064235161,331,"Vaishali Nagar, Jaipur"
REC000803,CASE0021,CDR,2024-02-21 08:00:00,+919867552288,+919833415915,356938064235161,230,"Sector 15, Gurugram"
REC000804,CASE0021,CDR,2024-02-21 16:00:00,+919867552288,+919881406426,356938064235161,47,"Salt Lake, Kolkata"
REC000805,CASE0021,CDR,2024-02-21 17:00:00,+919867552288,+919881406426,356938064235161,314,"Connaught Place, Delhi"
REC000806,CASE0021,UPI,2024-02-21 17:00:00,kavita.n86@upi,ravi.k74@upi,TXN951306,48000,N/A
REC000807,CASE0021,CDR,2024-02-21 23:00:00,+919867552288,+919896639422,356938064235161,500,"Sector 15, Gurugram"
REC000808,CASE0021,CDR,2024-02-22 01:00:00,+919867552288,+919890087173,356938064235161,444,"Whitefield, Bengaluru"
REC000809,CASE0021,CDR,2024-02-22 02:00:00,+919867552288,+919894199849,356938064235161,54,"Kothrud, Pune"
REC000810,CASE0021,CDR,2024-02-22 05:00:00,+919867552288,+919833415915,356938064235161,118,"Kothrud, Pune"
REC000811,CASE0021,CDR,2024-02-22 10:00:00,+919867552288,+919890087173,356938064235161,395,"Andheri East, Mumbai"
REC000812,CASE0021,CDR,2024-02-22 13:00:00,+919867552288,+919833415915,356938064235161,287,"Salt Lake, Kolkata"
REC000813,CASE0021,UPI,2024-02-22 13:00:00,ravi.k74@upi,deepa.v81@ybl,TXN459596,500,N/A
REC000814,CASE0021,UPI,2024-02-22 16:00:00,ravi.k74@upi,rajesh.m37@okhdfcbank,TXN912032,22000,N/A
REC000815,CASE0021,UPI,2024-02-22 16:00:00,ravi.k74@upi,deepa.v81@ybl,TXN586237,48000,N/A
REC000816,CASE0021,UPI,2024-02-23 03:00:00,kavita.n86@upi,ravi.k74@upi,TXN915236,7500,N/A
REC000817,CASE0021,UPI,2024-02-23 15:00:00,kavita.n86@upi,ravi.k74@upi,TXN209070,500,N/A
REC000818,CASE0021,UPI,2024-02-23 17:00:00,kavita.n86@upi,ravi.k74@upi,TXN439073,3000,N/A
REC000819,CASE0021,CDR,2024-02-23 19:00:00,+919867552288,+919890087173,356938064235161,384,"Anna Nagar, Chennai"
REC000820,CASE0022,UPI,2025-06-17 03:00:00,kavita.n82@icb,vikram.t16@paytm,TXN178101,1200,N/A
REC000821,CASE0022,CDR,2025-06-17 07:00:00,+919823779971,+919827071122,356938090726377,210,"Connaught Place, Delhi"
REC000822,CASE0022,CDR,2025-06-17 19:00:00,+919823779971,+919831300706,356938090726377,73,"Anna Nagar, Chennai"
REC000823,CASE0022,UPI,2025-06-17 19:00:00,kavita.n82@icb,vikram.t16@paytm,TXN170161,15000,N/A
REC000824,CASE0022,CDR,2025-06-17 22:00:00,+919823779971,+919827071122,356938090726377,155,"Whitefield, Bengaluru"
REC000825,CASE0022,UPI,2025-06-17 23:00:00,vikram.t16@paytm,rajesh.m4@upi,TXN772281,3000,N/A
REC000826,CASE0022,UPI,2025-06-18 12:00:00,vikram.t16@paytm,nikhil.j51@icb,TXN501616,3000,N/A
REC000827,CASE0022,CDR,2025-06-18 17:00:00,+919823779971,+919882985186,356938090726377,98,"Vaishali Nagar, Jaipur"
REC000828,CASE0022,UPI,2025-06-18 21:00:00,vikram.t16@paytm,nikhil.j27@icb,TXN417891,7500,N/A
REC000829,CASE0022,CDR,2025-06-18 22:00:00,+919823779971,+919801081889,356938090726377,497,"Whitefield, Bengaluru"
REC000830,CASE0022,CDR,2025-06-19 06:00:00,+919823779971,+919801081889,356938090726377,212,"Vaishali Nagar, Jaipur"
REC000831,CASE0022,CDR,2025-06-19 06:00:00,+919823779971,+919801081889,356938090726377,42,"Kothrud, Pune"
REC000832,CASE0022,CDR,2025-06-19 11:00:00,+919823779971,+919801081889,356938090726377,468,"Salt Lake, Kolkata"
REC000833,CASE0022,CDR,2025-06-19 14:00:00,+919823779971,+919882985186,356938090726377,491,"Kothrud, Pune"
REC000834,CASE0022,CDR,2025-06-19 15:00:00,+919823779971,+919827071122,356938090726377,146,"Sector 15, Gurugram"
REC000835,CASE0022,CDR,2025-06-19 16:00:00,+919823779971,+919896133069,356938090726377,168,"Salt Lake, Kolkata"
REC000836,CASE0022,CDR,2025-06-19 22:00:00,+919823779971,+919896133069,356938090726377,142,"Sector 15, Gurugram"
REC000837,CASE0022,CDR,2025-06-20 07:00:00,+919823779971,+919896133069,356938090726377,166,"Cyber City, Gurugram"
REC000838,CASE0022,UPI,2025-06-20 10:00:00,vikram.t16@paytm,nikhil.j51@icb,TXN506829,48000,N/A
REC000839,CASE0022,CDR,2025-06-20 18:00:00,+919823779971,+919899810894,356938090726377,63,"Connaught Place, Delhi"
REC000840,CASE0022,CDR,2025-06-21 08:00:00,+919823779971,+919801081889,356938090726377,309,"Andheri East, Mumbai"
REC000841,CASE0022,UPI,2025-06-21 08:00:00,vikram.t16@paytm,rajesh.m4@upi,TXN566540,22000,N/A
REC000842,CASE0022,CDR,2025-06-21 09:00:00,+919823779971,+919801081889,356938090726377,25,"Salt Lake, Kolkata"
REC000843,CASE0022,CDR,2025-06-21 14:00:00,+919823779971,+919899810894,356938090726377,75,"Cyber City, Gurugram"
REC000844,CASE0022,CDR,2025-06-21 17:00:00,+919823779971,+919827071122,356938090726377,376,"Cyber City, Gurugram"
REC000845,CASE0022,CDR,2025-06-22 06:00:00,+919823779971,+919801081889,356938090726377,310,"Salt Lake, Kolkata"
REC000846,CASE0022,UPI,2025-06-22 10:00:00,vikram.t16@paytm,nikhil.j27@icb,TXN906811,7500,N/A
REC000847,CASE0022,CDR,2025-06-22 16:00:00,+919823779971,+919833089640,356938090726377,68,"Sector 15, Gurugram"
REC000848,CASE0022,CDR,2025-06-22 17:00:00,+919823779971,+919831300706,356938090726377,249,"Cyber City, Gurugram"
REC000849,CASE0022,UPI,2025-06-22 22:00:00,kavita.n82@icb,vikram.t16@paytm,TXN617674,22000,N/A
REC000850,CASE0022,UPI,2025-06-23 09:00:00,kavita.n82@icb,vikram.t16@paytm,TXN510130,3000,N/A
REC000851,CASE0022,CDR,2025-06-23 12:00:00,+919823779971,+919831300706,356938090726377,294,"Kothrud, Pune"
REC000852,CASE0022,CDR,2025-06-23 12:00:00,+919823779971,+919882985186,356938090726377,329,"Cyber City, Gurugram"
REC000853,CASE0022,UPI,2025-06-23 14:00:00,vikram.t16@paytm,rajesh.m4@upi,TXN787987,500,N/A
REC000854,CASE0022,UPI,2025-06-23 15:00:00,kavita.n82@icb,vikram.t16@paytm,TXN299175,500,N/A
REC000855,CASE0022,CDR,2025-06-23 16:00:00,+919823779971,+919827071122,356938090726377,202,"Connaught Place, Delhi"
REC000856,CASE0022,CDR,2025-06-23 21:00:00,+919823779971,+919833089640,356938090726377,126,"Whitefield, Bengaluru"
REC000857,CASE0022,UPI,2025-06-23 22:00:00,kavita.n82@icb,vikram.t16@paytm,TXN712016,1200,N/A
REC000858,CASE0022,UPI,2025-06-24 01:00:00,vikram.t16@paytm,nikhil.j27@icb,TXN289380,500,N/A
REC000859,CASE0022,CDR,2025-06-24 08:00:00,+919823779971,+919896133069,356938090726377,338,"Connaught Place, Delhi"
REC000860,CASE0022,CDR,2025-06-24 08:00:00,+919823779971,+919899810894,356938090726377,160,"Banjara Hills, Hyderabad"
REC000861,CASE0022,CDR,2025-06-24 15:00:00,+919823779971,+919899810894,356938090726377,30,"Cyber City, Gurugram"
REC000862,CASE0022,CDR,2025-06-24 18:00:00,+919823779971,+919833089640,356938090726377,450,"Connaught Place, Delhi"
REC000863,CASE0022,CDR,2025-06-25 01:00:00,+919823779971,+919831300706,356938090726377,380,"Whitefield, Bengaluru"
REC000864,CASE0022,CDR,2025-06-25 03:00:00,+919823779971,+919801081889,356938090726377,443,"Salt Lake, Kolkata"
REC000865,CASE0022,CDR,2025-06-25 04:00:00,+919823779971,+919833089640,356938090726377,18,"Connaught Place, Delhi"
REC000866,CASE0022,CDR,2025-06-25 05:00:00,+919823779971,+919896133069,356938090726377,411,"Andheri East, Mumbai"
REC000867,CASE0022,UPI,2025-06-25 08:00:00,kavita.n82@icb,vikram.t16@paytm,TXN996545,1200,N/A
REC000868,CASE0022,UPI,2025-06-25 13:00:00,kavita.n82@icb,vikram.t16@paytm,TXN451843,3000,N/A
REC000869,CASE0022,CDR,2025-06-25 19:00:00,+919823779971,+919896133069,356938090726377,175,"Banjara Hills, Hyderabad"
REC000870,CASE0022,CDR,2025-06-26 01:00:00,+919823779971,+919882985186,356938090726377,425,"Sector 15, Gurugram"
REC000871,CASE0022,UPI,2025-06-26 08:00:00,kavita.n82@icb,vikram.t16@paytm,TXN583007,3000,N/A
REC000872,CASE0022,CDR,2025-06-26 11:00:00,+919823779971,+919827071122,356938090726377,421,"Connaught Place, Delhi"
REC000873,CASE0022,UPI,2025-06-26 15:00:00,kavita.n82@icb,vikram.t16@paytm,TXN920447,22000,N/A
REC000874,CASE0022,CDR,2025-06-26 17:00:00,+919823779971,+919831300706,356938090726377,443,"Sector 15, Gurugram"
REC000875,CASE0022,CDR,2025-06-26 18:00:00,+919823779971,+919896133069,356938090726377,390,"Connaught Place, Delhi"
REC000876,CASE0022,CDR,2025-06-26 19:00:00,+919823779971,+919896133069,356938090726377,183,"Sector 15, Gurugram"
REC000877,CASE0023,CDR,2023-03-08 02:00:00,+919840425582,+919839961068,356938025455281,349,"Kothrud, Pune"
REC000878,CASE0023,CDR,2023-03-08 04:00:00,+919840425582,+919835801837,356938025455281,249,"Connaught Place, Delhi"
REC000879,CASE0023,UPI,2023-03-08 06:00:00,kavita.n22@ybl,sunita.d31@okhdfcbank,TXN477403,7500,N/A
REC000880,CASE0023,CDR,2023-03-08 17:00:00,+919840425582,+919801653407,356938025455281,375,"Vaishali Nagar, Jaipur"
REC000881,CASE0023,CDR,2023-03-08 19:00:00,+919840425582,+919860333653,356938025455281,246,"Salt Lake, Kolkata"
REC000882,CASE0023,CDR,2023-03-09 01:00:00,+919840425582,+919877117871,356938025455281,158,"Salt Lake, Kolkata"
REC000883,CASE0023,CDR,2023-03-09 13:00:00,+919840425582,+919801314577,356938025455281,426,"Salt Lake, Kolkata"
REC000884,CASE0023,UPI,2023-03-10 03:00:00,pooja.b34@icb,kavita.n22@ybl,TXN922442,7500,N/A
REC000885,CASE0023,UPI,2023-03-10 11:00:00,pooja.b34@icb,kavita.n22@ybl,TXN491865,15000,N/A
REC000886,CASE0023,UPI,2023-03-10 21:00:00,pooja.b34@icb,kavita.n22@ybl,TXN892505,3000,N/A
REC000887,CASE0023,UPI,2023-03-11 01:00:00,kavita.n22@ybl,anita.r66@ybl,TXN980033,1200,N/A
REC000888,CASE0023,UPI,2023-03-11 05:00:00,kavita.n22@ybl,anita.r66@ybl,TXN169449,7500,N/A
REC000889,CASE0023,CDR,2023-03-12 19:00:00,+919840425582,+919877117871,356938025455281,450,"Sector 15, Gurugram"
REC000890,CASE0023,CDR,2023-03-12 21:00:00,+919840425582,+919860333653,356938025455281,389,"Cyber City, Gurugram"
REC000891,CASE0023,CDR,2023-03-13 03:00:00,+919840425582,+919861772367,356938025455281,107,"Kothrud, Pune"
REC000892,CASE0023,UPI,2023-03-14 15:00:00,kavita.n22@ybl,anita.r66@ybl,TXN974428,7500,N/A
REC000893,CASE0023,CDR,2023-03-14 21:00:00,+919840425582,+919877117871,356938025455281,410,"Vaishali Nagar, Jaipur"
REC000894,CASE0023,CDR,2023-03-15 00:00:00,+919840425582,+919839961068,356938025455281,108,"Andheri East, Mumbai"
REC000895,CASE0023,CDR,2023-03-15 02:00:00,+919840425582,+919835801837,356938025455281,86,"Salt Lake, Kolkata"
REC000896,CASE0023,CDR,2023-03-15 07:00:00,+919840425582,+919839961068,356938025455281,31,"Kothrud, Pune"
REC000897,CASE0023,CDR,2023-03-15 21:00:00,+919840425582,+919801653407,356938025455281,453,"Salt Lake, Kolkata"
REC000898,CASE0023,UPI,2023-03-17 02:00:00,kavita.n22@ybl,pooja.b34@paytm,TXN805263,1200,N/A
REC000899,CASE0023,CDR,2023-03-17 15:00:00,+919840425582,+919801653407,356938025455281,344,"Vaishali Nagar, Jaipur"
REC000900,CASE0024,CDR,2024-02-22 08:00:00,+919825609523,+919864932461,356938002949778,342,"Andheri East, Mumbai"
REC000901,CASE0024,UPI,2024-02-22 17:00:00,vikram.t75@ybl,freshmart18@ybl,TXN222832,22000,N/A
REC000902,CASE0024,UPI,2024-02-23 04:00:00,freshmart18@ybl,kavita.n53@ybl,TXN487149,48000,N/A
REC000903,CASE0024,CDR,2024-02-24 11:00:00,+919825609523,+919838146228,356938002949778,486,"Sector 15, Gurugram"
REC000904,CASE0024,CDR,2024-02-24 22:00:00,+919825609523,+919883619496,356938002949778,377,"Salt Lake, Kolkata"
REC000905,CASE0024,CDR,2024-02-25 01:00:00,+919825609523,+919883619496,356938002949778,268,"Salt Lake, Kolkata"
REC000906,CASE0024,CDR,2024-02-25 08:00:00,+919825609523,+919826186489,356938002949778,83,"Andheri East, Mumbai"
REC000907,CASE0024,CDR,2024-02-25 14:00:00,+919825609523,+919802362197,356938002949778,121,"Kothrud, Pune"
REC000908,CASE0024,UPI,2024-02-25 15:00:00,vikram.t75@ybl,freshmart18@ybl,TXN950781,7500,N/A
REC000909,CASE0024,CDR,2024-02-25 17:00:00,+919825609523,+919826186489,356938002949778,189,"Cyber City, Gurugram"
REC000910,CASE0024,CDR,2024-02-25 23:00:00,+919825609523,+919806104142,356938002949778,417,"Andheri East, Mumbai"
REC000911,CASE0024,CDR,2024-02-26 00:00:00,+919825609523,+919817378958,356938002949778,247,"Salt Lake, Kolkata"
REC000912,CASE0024,CDR,2024-02-26 10:00:00,+919825609523,+919864932461,356938002949778,467,"Banjara Hills, Hyderabad"
REC000913,CASE0024,UPI,2024-02-27 03:00:00,freshmart18@ybl,sanjay.p87@icb,TXN838654,48000,N/A
REC000914,CASE0024,UPI,2024-02-27 08:00:00,freshmart18@ybl,sanjay.p87@icb,TXN130470,500,N/A
REC000915,CASE0024,CDR,2024-02-27 13:00:00,+919825609523,+919826186489,356938002949778,345,"Connaught Place, Delhi"
REC000916,CASE0024,UPI,2024-02-28 02:00:00,freshmart18@ybl,anita.r89@ybl,TXN307950,500,N/A
REC000917,CASE0024,UPI,2024-02-28 09:00:00,vikram.t75@ybl,freshmart18@ybl,TXN808798,48000,N/A
REC000918,CASE0024,UPI,2024-02-29 04:00:00,vikram.t75@ybl,freshmart18@ybl,TXN676960,22000,N/A
REC000919,CASE0024,UPI,2024-02-29 18:00:00,vikram.t75@ybl,freshmart18@ybl,TXN577021,48000,N/A
REC000920,CASE0024,UPI,2024-03-01 01:00:00,vikram.t75@ybl,freshmart18@ybl,TXN368189,1200,N/A
REC000921,CASE0024,CDR,2024-03-01 09:00:00,+919825609523,+919806104142,356938002949778,72,"Sector 15, Gurugram"
REC000922,CASE0025,CDR,2025-05-07 14:00:00,+919821302324,+919885546745,356938030011132,326,"Salt Lake, Kolkata"
REC000923,CASE0025,CDR,2025-05-07 15:00:00,+919821302324,+919855872398,356938030011132,252,"Salt Lake, Kolkata"
REC000924,CASE0025,UPI,2025-05-07 16:00:00,pooja.b43@icb,citypay67@okhdfcbank,TXN414548,22000,N/A
REC000925,CASE0025,UPI,2025-05-07 17:00:00,pooja.b43@icb,kavita.n66@ybl,TXN607015,500,N/A
REC000926,CASE0025,CDR,2025-05-07 22:00:00,+919821302324,+919802664034,356938030011132,40,"Salt Lake, Kolkata"
REC000927,CASE0025,UPI,2025-05-08 02:00:00,pooja.b43@icb,citypay67@okhdfcbank,TXN767741,3000,N/A
REC000928,CASE0025,UPI,2025-05-08 06:00:00,pooja.b43@icb,ravi.k30@icb,TXN819081,22000,N/A
REC000929,CASE0025,UPI,2025-05-08 10:00:00,sunita.d11@ybl,pooja.b43@icb,TXN684631,1200,N/A
REC000930,CASE0025,CDR,2025-05-09 01:00:00,+919821302324,+919855872398,356938030011132,119,"Whitefield, Bengaluru"
REC000931,CASE0025,UPI,2025-05-09 16:00:00,pooja.b43@icb,traders2493@icb,TXN571467,3000,N/A
REC000932,CASE0025,UPI,2025-05-10 23:00:00,pooja.b43@icb,ravi.k30@icb,TXN748800,500,N/A
REC000933,CASE0025,CDR,2025-05-11 05:00:00,+919821302324,+919802664034,356938030011132,282,"Whitefield, Bengaluru"
REC000934,CASE0025,CDR,2025-05-11 22:00:00,+919821302324,+919824119042,356938030011132,116,"Salt Lake, Kolkata"
REC000935,CASE0025,UPI,2025-05-12 01:00:00,pooja.b43@icb,citypay67@okhdfcbank,TXN211375,22000,N/A
REC000936,CASE0025,CDR,2025-05-12 11:00:00,+919821302324,+919855872398,356938030011132,92,"Cyber City, Gurugram"
REC000937,CASE0025,CDR,2025-05-14 01:00:00,+919821302324,+919802664034,356938030011132,82,"Cyber City, Gurugram"
REC000938,CASE0025,CDR,2025-05-14 15:00:00,+919821302324,+919803931734,356938030011132,247,"Anna Nagar, Chennai"
REC000939,CASE0025,CDR,2025-05-15 19:00:00,+919821302324,+919803931734,356938030011132,381,"Whitefield, Bengaluru"
REC000940,CASE0025,UPI,2025-05-16 02:00:00,pooja.b43@icb,kavita.n66@ybl,TXN907739,22000,N/A
REC000941,CASE0025,CDR,2025-05-16 22:00:00,+919821302324,+919803931734,356938030011132,464,"Andheri East, Mumbai"
REC000942,CASE0026,UPI,2025-05-22 08:00:00,citypay22@upi,anita.r97@upi,TXN124782,22000,N/A
REC000943,CASE0026,CDR,2025-05-22 16:00:00,+919856812610,+919867329476,356938004281152,75,"Salt Lake, Kolkata"
REC000944,CASE0026,CDR,2025-05-22 17:00:00,+919856812610,+919825360039,356938004281152,394,"Sector 15, Gurugram"
REC000945,CASE0026,UPI,2025-05-23 09:00:00,citypay22@upi,freshmart37@icb,TXN292738,15000,N/A
REC000946,CASE0026,CDR,2025-05-23 10:00:00,+919856812610,+919832371853,356938004281152,291,"Salt Lake, Kolkata"
REC000947,CASE0026,CDR,2025-05-24 02:00:00,+919856812610,+919826655137,356938004281152,251,"Banjara Hills, Hyderabad"
REC000948,CASE0026,UPI,2025-05-24 05:00:00,meera.s12@ybl,citypay22@upi,TXN669133,3000,N/A
REC000949,CASE0026,CDR,2025-05-24 10:00:00,+919856812610,+919804872955,356938004281152,51,"Anna Nagar, Chennai"
REC000950,CASE0026,CDR,2025-05-24 16:00:00,+919856812610,+919850490053,356938004281152,350,"Salt Lake, Kolkata"
REC000951,CASE0026,CDR,2025-05-25 07:00:00,+919856812610,+919826655137,356938004281152,259,"Banjara Hills, Hyderabad"
REC000952,CASE0026,UPI,2025-05-25 07:00:00,citypay22@upi,anita.r97@upi,TXN433997,3000,N/A
REC000953,CASE0026,CDR,2025-05-26 01:00:00,+919856812610,+919825360039,356938004281152,444,"Whitefield, Bengaluru"
REC000954,CASE0026,UPI,2025-05-26 10:00:00,meera.s12@ybl,citypay22@upi,TXN797865,1200,N/A
REC000955,CASE0026,CDR,2025-05-26 20:00:00,+919856812610,+919804872955,356938004281152,255,"Vaishali Nagar, Jaipur"
REC000956,CASE0026,UPI,2025-05-28 09:00:00,citypay22@upi,freshmart37@icb,TXN607537,7500,N/A
REC000957,CASE0026,CDR,2025-05-28 23:00:00,+919856812610,+919867329476,356938004281152,421,"Kothrud, Pune"
REC000958,CASE0026,CDR,2025-05-29 03:00:00,+919856812610,+919826655137,356938004281152,43,"Salt Lake, Kolkata"
REC000959,CASE0026,CDR,2025-05-29 18:00:00,+919856812610,+919804872955,356938004281152,199,"Andheri East, Mumbai"
REC000960,CASE0026,UPI,2025-05-29 19:00:00,citypay22@upi,kavita.n83@icb,TXN701115,500,N/A
REC000961,CASE0026,CDR,2025-05-30 08:00:00,+919856812610,+919854545956,356938004281152,460,"Andheri East, Mumbai"
REC000962,CASE0026,CDR,2025-05-31 08:00:00,+919856812610,+919826655137,356938004281152,86,"Kothrud, Pune"
REC000963,CASE0026,CDR,2025-05-31 10:00:00,+919856812610,+919867329476,356938004281152,477,"Sector 15, Gurugram"
REC000964,CASE0026,CDR,2025-05-31 13:00:00,+919856812610,+919826655137,356938004281152,103,"Salt Lake, Kolkata"
REC000965,CASE0026,UPI,2025-05-31 21:00:00,citypay22@upi,freshmart37@icb,TXN786598,15000,N/A
REC000966,CASE0027,CDR,2025-04-21 01:00:00,+919885139035,+919822706294,356938062616354,390,"Banjara Hills, Hyderabad"
REC000967,CASE0027,UPI,2025-04-21 10:00:00,traders2466@upi,nikhil.j92@okhdfcbank,TXN746327,3000,N/A
REC000968,CASE0027,UPI,2025-04-21 11:00:00,anita.r24@icb,traders2466@upi,TXN339061,1200,N/A
REC000969,CASE0027,CDR,2025-04-21 19:00:00,+919885139035,+919808387283,356938062616354,52,"Salt Lake, Kolkata"
REC000970,CASE0027,UPI,2025-04-22 01:00:00,anita.r24@icb,traders2466@upi,TXN872508,48000,N/A
REC000971,CASE0027,CDR,2025-04-22 02:00:00,+919885139035,+919808387283,356938062616354,97,"Banjara Hills, Hyderabad"
REC000972,CASE0027,UPI,2025-04-22 17:00:00,anita.r24@icb,traders2466@upi,TXN738738,15000,N/A
REC000973,CASE0027,CDR,2025-04-23 03:00:00,+919885139035,+919808387283,356938062616354,228,"Vaishali Nagar, Jaipur"
REC000974,CASE0027,CDR,2025-04-23 07:00:00,+919885139035,+919808387283,356938062616354,340,"Andheri East, Mumbai"
REC000975,CASE0027,CDR,2025-04-23 09:00:00,+919885139035,+919894363870,356938062616354,102,"Andheri East, Mumbai"
REC000976,CASE0027,CDR,2025-04-23 13:00:00,+919885139035,+919822706294,356938062616354,375,"Banjara Hills, Hyderabad"
REC000977,CASE0027,CDR,2025-04-23 15:00:00,+919885139035,+919878802968,356938062616354,498,"Cyber City, Gurugram"
REC000978,CASE0027,CDR,2025-04-23 18:00:00,+919885139035,+919810523843,356938062616354,337,"Banjara Hills, Hyderabad"
REC000979,CASE0027,CDR,2025-04-23 19:00:00,+919885139035,+919810523843,356938062616354,238,"Whitefield, Bengaluru"
REC000980,CASE0027,UPI,2025-04-24 03:00:00,anita.r24@icb,traders2466@upi,TXN949771,22000,N/A
REC000981,CASE0027,CDR,2025-04-24 14:00:00,+919885139035,+919810523843,356938062616354,167,"Cyber City, Gurugram"
REC000982,CASE0027,CDR,2025-04-24 18:00:00,+919885139035,+919881950038,356938062616354,87,"Andheri East, Mumbai"
REC000983,CASE0027,CDR,2025-04-25 00:00:00,+919885139035,+919810523843,356938062616354,116,"Vaishali Nagar, Jaipur"
REC000984,CASE0027,CDR,2025-04-25 04:00:00,+919885139035,+919894363870,356938062616354,498,"Whitefield, Bengaluru"
REC000985,CASE0027,UPI,2025-04-25 13:00:00,traders2466@upi,sunita.d63@icb,TXN675658,15000,N/A
REC000986,CASE0027,UPI,2025-04-25 17:00:00,anita.r24@icb,traders2466@upi,TXN448513,3000,N/A
REC000987,CASE0027,CDR,2025-04-25 19:00:00,+919885139035,+919822706294,356938062616354,224,"Andheri East, Mumbai"
REC000988,CASE0027,CDR,2025-04-25 20:00:00,+919885139035,+919881950038,356938062616354,36,"Vaishali Nagar, Jaipur"
REC000989,CASE0027,UPI,2025-04-25 20:00:00,traders2466@upi,rajesh.m35@paytm,TXN399532,500,N/A
REC000990,CASE0027,CDR,2025-04-25 21:00:00,+919885139035,+919882392391,356938062616354,354,"Sector 15, Gurugram"
REC000991,CASE0027,CDR,2025-04-25 23:00:00,+919885139035,+919882392391,356938062616354,227,"Cyber City, Gurugram"
REC000992,CASE0027,CDR,2025-04-26 06:00:00,+919885139035,+919822706294,356938062616354,78,"Kothrud, Pune"
REC000993,CASE0027,CDR,2025-04-26 07:00:00,+919885139035,+919810523843,356938062616354,89,"Kothrud, Pune"
REC000994,CASE0027,CDR,2025-04-26 07:00:00,+919885139035,+919810523843,356938062616354,361,"Andheri East, Mumbai"
REC000995,CASE0027,CDR,2025-04-26 21:00:00,+919885139035,+919808387283,356938062616354,253,"Anna Nagar, Chennai"
REC000996,CASE0027,CDR,2025-04-27 05:00:00,+919885139035,+919878802968,356938062616354,219,"Salt Lake, Kolkata"
REC000997,CASE0027,CDR,2025-04-27 07:00:00,+919885139035,+919808387283,356938062616354,335,"Salt Lake, Kolkata"
REC000998,CASE0027,CDR,2025-04-27 11:00:00,+919885139035,+919894363870,356938062616354,50,"Banjara Hills, Hyderabad"
REC000999,CASE0027,UPI,2025-04-28 09:00:00,traders2466@upi,nikhil.j92@okhdfcbank,TXN488481,48000,N/A
REC001000,CASE0027,UPI,2025-04-28 10:00:00,traders2466@upi,nikhil.j12@icb,TXN221898,3000,N/A
REC001001,CASE0027,UPI,2025-04-28 14:00:00,traders2466@upi,nikhil.j12@icb,TXN388022,3000,N/A
REC001002,CASE0027,UPI,2025-04-28 18:00:00,traders2466@upi,nikhil.j12@icb,TXN122815,500,N/A
REC001003,CASE0027,CDR,2025-04-28 23:00:00,+919885139035,+919894363870,356938062616354,408,"Anna Nagar, Chennai"
REC001004,CASE0028,CDR,2024-03-23 22:00:00,+919841128812,+919870956820,356938063076612,412,"Cyber City, Gurugram"
REC001005,CASE0028,CDR,2024-03-24 02:00:00,+919841128812,+919889078907,356938063076612,156,"Connaught Place, Delhi"
REC001006,CASE0028,UPI,2024-03-24 13:00:00,vikram.t39@icb,citypay43@paytm,TXN156127,15000,N/A
REC001007,CASE0028,CDR,2024-03-24 14:00:00,+919841128812,+919889078907,356938063076612,404,"Connaught Place, Delhi"
REC001008,CASE0028,CDR,2024-03-24 16:00:00,+919841128812,+919870956820,356938063076612,454,"Kothrud, Pune"
REC001009,CASE0028,UPI,2024-03-25 18:00:00,meera.s60@upi,vikram.t39@icb,TXN488510,1200,N/A
REC001010,CASE0028,CDR,2024-03-25 19:00:00,+919841128812,+919810210052,356938063076612,327,"Salt Lake, Kolkata"
REC001011,CASE0028,CDR,2024-03-26 09:00:00,+919841128812,+919888272620,356938063076612,402,"Kothrud, Pune"
REC001012,CASE0028,UPI,2024-03-27 18:00:00,vikram.t39@icb,ravi.k47@paytm,TXN137419,7500,N/A
REC001013,CASE0028,UPI,2024-03-28 01:00:00,vikram.t39@icb,ravi.k47@paytm,TXN885500,48000,N/A
REC001014,CASE0028,CDR,2024-03-28 05:00:00,+919841128812,+919802222507,356938063076612,454,"Connaught Place, Delhi"
REC001015,CASE0028,CDR,2024-03-28 05:00:00,+919841128812,+919810210052,356938063076612,402,"Sector 15, Gurugram"
REC001016,CASE0028,CDR,2024-03-29 02:00:00,+919841128812,+919889078907,356938063076612,479,"Whitefield, Bengaluru"
REC001017,CASE0028,CDR,2024-03-29 06:00:00,+919841128812,+919870956820,356938063076612,233,"Sector 15, Gurugram"
REC001018,CASE0028,CDR,2024-03-29 11:00:00,+919841128812,+919810210052,356938063076612,237,"Vaishali Nagar, Jaipur"
REC001019,CASE0028,UPI,2024-03-30 09:00:00,vikram.t39@icb,citypay43@paytm,TXN578377,22000,N/A
REC001020,CASE0028,CDR,2024-03-31 18:00:00,+919841128812,+919812395351,356938063076612,311,"Salt Lake, Kolkata"
REC001021,CASE0028,UPI,2024-03-31 21:00:00,vikram.t39@icb,rajesh.m73@paytm,TXN168198,22000,N/A
REC001022,CASE0028,UPI,2024-04-01 05:00:00,meera.s60@upi,vikram.t39@icb,TXN816625,22000,N/A
REC001023,CASE0028,UPI,2024-04-01 05:00:00,vikram.t39@icb,rajesh.m73@paytm,TXN468703,22000,N/A
REC001024,CASE0028,UPI,2024-04-01 09:00:00,vikram.t39@icb,citypay43@paytm,TXN185309,22000,N/A
REC001025,CASE0028,CDR,2024-04-01 15:00:00,+919841128812,+919865664737,356938063076612,420,"Anna Nagar, Chennai"
REC001026,CASE0028,UPI,2024-04-01 19:00:00,vikram.t39@icb,anita.r41@paytm,TXN906226,15000,N/A
REC001027,CASE0029,CDR,2025-05-28 02:00:00,+919834807701,+919868973167,356938010379714,298,"Connaught Place, Delhi"
REC001028,CASE0029,UPI,2025-05-28 12:00:00,traders2478@upi,pooja.b75@ybl,TXN139441,15000,N/A
REC001029,CASE0029,UPI,2025-05-28 13:00:00,traders2478@upi,anita.r41@icb,TXN268951,3000,N/A
REC001030,CASE0029,UPI,2025-05-28 20:00:00,traders2478@upi,traders2450@okhdfcbank,TXN177792,15000,N/A
REC001031,CASE0029,UPI,2025-05-28 21:00:00,traders2478@upi,freshmart15@upi,TXN455276,22000,N/A
REC001032,CASE0029,UPI,2025-05-28 23:00:00,traders2478@upi,anita.r41@icb,TXN550211,3000,N/A
REC001033,CASE0029,CDR,2025-05-29 02:00:00,+919834807701,+919868973167,356938010379714,492,"Connaught Place, Delhi"
REC001034,CASE0029,UPI,2025-05-29 17:00:00,kavita.n61@upi,traders2478@upi,TXN256621,500,N/A
REC001035,CASE0029,UPI,2025-05-29 20:00:00,kavita.n61@upi,traders2478@upi,TXN440044,500,N/A
REC001036,CASE0029,CDR,2025-05-30 01:00:00,+919834807701,+919887952515,356938010379714,312,"Sector 15, Gurugram"
REC001037,CASE0029,CDR,2025-05-30 03:00:00,+919834807701,+919868973167,356938010379714,478,"Andheri East, Mumbai"
REC001038,CASE0029,CDR,2025-05-30 04:00:00,+919834807701,+919827774951,356938010379714,274,"Connaught Place, Delhi"
REC001039,CASE0029,UPI,2025-05-30 12:00:00,traders2478@upi,pooja.b75@ybl,TXN893596,500,N/A
REC001040,CASE0029,UPI,2025-05-30 13:00:00,traders2478@upi,traders2450@okhdfcbank,TXN353205,48000,N/A
REC001041,CASE0029,CDR,2025-05-30 20:00:00,+919834807701,+919844032941,356938010379714,233,"Connaught Place, Delhi"
REC001042,CASE0029,CDR,2025-05-30 20:00:00,+919834807701,+919827774951,356938010379714,465,"Kothrud, Pune"
REC001043,CASE0029,CDR,2025-05-30 23:00:00,+919834807701,+919850637783,356938010379714,473,"Anna Nagar, Chennai"
REC001044,CASE0029,CDR,2025-05-31 04:00:00,+919834807701,+919850637783,356938010379714,378,"Andheri East, Mumbai"
REC001045,CASE0029,CDR,2025-05-31 10:00:00,+919834807701,+919887952515,356938010379714,211,"Banjara Hills, Hyderabad"
REC001046,CASE0029,CDR,2025-05-31 17:00:00,+919834807701,+919887952515,356938010379714,316,"Kothrud, Pune"
REC001047,CASE0029,CDR,2025-05-31 20:00:00,+919834807701,+919868973167,356938010379714,324,"Andheri East, Mumbai"
REC001048,CASE0029,UPI,2025-06-01 09:00:00,traders2478@upi,freshmart15@upi,TXN862787,500,N/A
REC001049,CASE0029,CDR,2025-06-01 21:00:00,+919834807701,+919844032941,356938010379714,160,"Vaishali Nagar, Jaipur"
REC001050,CASE0029,UPI,2025-06-02 01:00:00,traders2478@upi,pooja.b75@ybl,TXN802552,48000,N/A
REC001051,CASE0029,CDR,2025-06-02 03:00:00,+919834807701,+919887952515,356938010379714,116,"Kothrud, Pune"
REC001052,CASE0029,UPI,2025-06-02 08:00:00,traders2478@upi,freshmart15@upi,TXN687689,7500,N/A
REC001053,CASE0029,CDR,2025-06-02 11:00:00,+919834807701,+919868973167,356938010379714,234,"Salt Lake, Kolkata"
REC001054,CASE0029,UPI,2025-06-03 06:00:00,traders2478@upi,freshmart15@upi,TXN267809,3000,N/A
REC001055,CASE0029,CDR,2025-06-03 17:00:00,+919834807701,+919850637783,356938010379714,303,"Salt Lake, Kolkata"
REC001056,CASE0029,CDR,2025-06-04 07:00:00,+919834807701,+919850637783,356938010379714,489,"Connaught Place, Delhi"
REC001057,CASE0029,CDR,2025-06-04 09:00:00,+919834807701,+919844032941,356938010379714,278,"Banjara Hills, Hyderabad"
REC001058,CASE0029,CDR,2025-06-04 10:00:00,+919834807701,+919844032941,356938010379714,49,"Anna Nagar, Chennai"
REC001059,CASE0029,UPI,2025-06-04 12:00:00,traders2478@upi,pooja.b75@ybl,TXN715569,500,N/A
REC001060,CASE0029,CDR,2025-06-04 13:00:00,+919834807701,+919827774951,356938010379714,47,"Banjara Hills, Hyderabad"
REC001061,CASE0029,UPI,2025-06-04 17:00:00,kavita.n61@upi,traders2478@upi,TXN239877,3000,N/A
REC001062,CASE0029,CDR,2025-06-05 00:00:00,+919834807701,+919821284522,356938010379714,136,"Connaught Place, Delhi"
REC001063,CASE0029,UPI,2025-06-05 07:00:00,traders2478@upi,pooja.b75@ybl,TXN819450,1200,N/A
REC001064,CASE0029,CDR,2025-06-05 19:00:00,+919834807701,+919868973167,356938010379714,21,"Anna Nagar, Chennai"
REC001065,CASE0029,CDR,2025-06-05 20:00:00,+919834807701,+919887952515,356938010379714,232,"Connaught Place, Delhi"
REC001066,CASE0029,CDR,2025-06-05 20:00:00,+919834807701,+919887952515,356938010379714,471,"Whitefield, Bengaluru"
REC001067,CASE0029,CDR,2025-06-06 04:00:00,+919834807701,+919887952515,356938010379714,357,"Cyber City, Gurugram"
REC001068,CASE0029,CDR,2025-06-06 06:00:00,+919834807701,+919887952515,356938010379714,26,"Sector 15, Gurugram"
REC001069,CASE0029,UPI,2025-06-06 19:00:00,traders2478@upi,traders2450@okhdfcbank,TXN669925,1200,N/A
REC001070,CASE0029,UPI,2025-06-06 20:00:00,kavita.n61@upi,traders2478@upi,TXN172878,3000,N/A
REC001071,CASE0030,UPI,2023-05-06 05:00:00,citypay12@okhdfcbank,sanjay.p85@paytm,TXN294877,7500,N/A
REC001072,CASE0030,UPI,2023-05-06 08:00:00,sanjay.p85@paytm,citypay92@ybl,TXN943485,48000,N/A
REC001073,CASE0030,UPI,2023-05-06 08:00:00,sanjay.p85@paytm,quickcash22@ybl,TXN316903,500,N/A
REC001074,CASE0030,CDR,2023-05-06 10:00:00,+919820480501,+919813703613,356938083862336,196,"Connaught Place, Delhi"
REC001075,CASE0030,CDR,2023-05-07 05:00:00,+919820480501,+919813703613,356938083862336,209,"Connaught Place, Delhi"
REC001076,CASE0030,CDR,2023-05-07 08:00:00,+919820480501,+919883416874,356938083862336,196,"Kothrud, Pune"
REC001077,CASE0030,CDR,2023-05-07 09:00:00,+919820480501,+919845534530,356938083862336,293,"Banjara Hills, Hyderabad"
REC001078,CASE0030,UPI,2023-05-07 15:00:00,citypay12@okhdfcbank,sanjay.p85@paytm,TXN772542,1200,N/A
REC001079,CASE0030,UPI,2023-05-08 03:00:00,sanjay.p85@paytm,quickcash22@ybl,TXN344675,7500,N/A
REC001080,CASE0030,CDR,2023-05-08 04:00:00,+919820480501,+919831797419,356938083862336,387,"Salt Lake, Kolkata"
REC001081,CASE0030,UPI,2023-05-08 10:00:00,citypay12@okhdfcbank,sanjay.p85@paytm,TXN595169,500,N/A
REC001082,CASE0030,CDR,2023-05-08 15:00:00,+919820480501,+919829011530,356938083862336,488,"Kothrud, Pune"
REC001083,CASE0030,UPI,2023-05-08 21:00:00,sanjay.p85@paytm,citypay92@ybl,TXN478131,7500,N/A
REC001084,CASE0030,CDR,2023-05-08 23:00:00,+919820480501,+919829011530,356938083862336,272,"Cyber City, Gurugram"
REC001085,CASE0030,CDR,2023-05-09 03:00:00,+919820480501,+919831797419,356938083862336,439,"Sector 15, Gurugram"
REC001086,CASE0030,UPI,2023-05-09 22:00:00,citypay12@okhdfcbank,sanjay.p85@paytm,TXN610869,500,N/A
REC001087,CASE0030,UPI,2023-05-09 23:00:00,sanjay.p85@paytm,kavita.n75@ybl,TXN384807,7500,N/A
REC001088,CASE0030,UPI,2023-05-10 11:00:00,sanjay.p85@paytm,anita.r57@paytm,TXN402590,7500,N/A
REC001089,CASE0030,UPI,2023-05-10 12:00:00,citypay12@okhdfcbank,sanjay.p85@paytm,TXN910271,48000,N/A
REC001090,CASE0030,CDR,2023-05-10 20:00:00,+919820480501,+919883416874,356938083862336,59,"Salt Lake, Kolkata"
REC001091,CASE0030,CDR,2023-05-11 08:00:00,+919820480501,+919845534530,356938083862336,229,"Banjara Hills, Hyderabad"
REC001092,CASE0030,UPI,2023-05-11 10:00:00,citypay12@okhdfcbank,sanjay.p85@paytm,TXN724190,3000,N/A
REC001093,CASE0030,CDR,2023-05-11 16:00:00,+919820480501,+919866612110,356938083862336,174,"Kothrud, Pune"
REC001094,CASE0030,CDR,2023-05-11 16:00:00,+919820480501,+919883416874,356938083862336,156,"Connaught Place, Delhi"
REC001095,CASE0030,CDR,2023-05-11 18:00:00,+919820480501,+919831797419,356938083862336,293,"Whitefield, Bengaluru"
REC001096,CASE0030,CDR,2023-05-11 23:00:00,+919820480501,+919872217620,356938083862336,128,"Anna Nagar, Chennai"
REC001097,CASE0030,UPI,2023-05-12 02:00:00,citypay12@okhdfcbank,sanjay.p85@paytm,TXN775699,48000,N/A
REC001098,CASE0030,UPI,2023-05-12 04:00:00,sanjay.p85@paytm,quickcash22@ybl,TXN408064,500,N/A
REC001099,CASE0030,UPI,2023-05-12 06:00:00,sanjay.p85@paytm,citypay92@ybl,TXN227174,500,N/A
REC001100,CASE0030,CDR,2023-05-12 18:00:00,+919820480501,+919883416874,356938083862336,370,"Sector 15, Gurugram"
REC001101,CASE0030,CDR,2023-05-13 00:00:00,+919820480501,+919813703613,356938083862336,148,"Connaught Place, Delhi"
REC001102,CASE0030,CDR,2023-05-13 02:00:00,+919820480501,+919872217620,356938083862336,109,"Sector 15, Gurugram"
REC001103,CASE0030,CDR,2023-05-13 03:00:00,+919820480501,+919866612110,356938083862336,16,"Cyber City, Gurugram"
REC001104,CASE0030,UPI,2023-05-13 14:00:00,citypay12@okhdfcbank,sanjay.p85@paytm,TXN455349,48000,N/A
REC001105,CASE0030,UPI,2023-05-13 14:00:00,citypay12@okhdfcbank,sanjay.p85@paytm,TXN394579,500,N/A
REC001106,CASE0030,UPI,2023-05-13 16:00:00,sanjay.p85@paytm,quickcash22@ybl,TXN611351,500,N/A
REC001107,CASE0030,CDR,2023-05-13 19:00:00,+919820480501,+919829011530,356938083862336,124,"Vaishali Nagar, Jaipur"
REC001108,CASE0030,CDR,2023-05-13 19:00:00,+919820480501,+919829011530,356938083862336,121,"Andheri East, Mumbai"
REC001109,CASE0030,UPI,2023-05-14 02:00:00,citypay12@okhdfcbank,sanjay.p85@paytm,TXN232896,22000,N/A
REC001110,CASE0030,CDR,2023-05-14 05:00:00,+919820480501,+919829011530,356938083862336,375,"Vaishali Nagar, Jaipur"
REC001111,CASE0030,CDR,2023-05-14 07:00:00,+919820480501,+919883416874,356938083862336,279,"Vaishali Nagar, Jaipur"
REC001112,CASE0030,CDR,2023-05-14 08:00:00,+919820480501,+919831797419,356938083862336,350,"Whitefield, Bengaluru"
REC001113,CASE0030,UPI,2023-05-14 08:00:00,citypay12@okhdfcbank,sanjay.p85@paytm,TXN489825,500,N/A
REC001114,CASE0030,CDR,2023-05-14 17:00:00,+919820480501,+919883416874,356938083862336,262,"Salt Lake, Kolkata"
REC001115,CASE0030,CDR,2023-05-15 00:00:00,+919820480501,+919829011530,356938083862336,417,"Kothrud, Pune"
REC001116,CASE0030,UPI,2023-05-15 02:00:00,citypay12@okhdfcbank,sanjay.p85@paytm,TXN156516,7500,N/A
REC001117,CASE0030,CDR,2023-05-15 04:00:00,+919820480501,+919883416874,356938083862336,378,"Whitefield, Bengaluru"
REC001118,CASE0030,CDR,2023-05-15 05:00:00,+919820480501,+919866612110,356938083862336,341,"Cyber City, Gurugram"
REC001119,CASE0030,CDR,2023-05-15 05:00:00,+919820480501,+919872217620,356938083862336,241,"Anna Nagar, Chennai"
REC001120,CASE0030,CDR,2023-05-15 07:00:00,+919820480501,+919883416874,356938083862336,317,"Salt Lake, Kolkata"
REC001121,CASE0030,UPI,2023-05-15 20:00:00,sanjay.p85@paytm,quickcash22@ybl,TXN447600,500,N/A
REC001122,CASE0031,CDR,2023-04-03 00:00:00,+919887133746,+919878621471,356938050315636,354,"Andheri East, Mumbai"
REC001123,CASE0031,CDR,2023-04-03 04:00:00,+919887133746,+919885218871,356938050315636,470,"Andheri East, Mumbai"
REC001124,CASE0031,CDR,2023-04-03 05:00:00,+919887133746,+919885218871,356938050315636,383,"Connaught Place, Delhi"
REC001125,CASE0031,CDR,2023-04-03 07:00:00,+919887133746,+919850668745,356938050315636,127,"Salt Lake, Kolkata"
REC001126,CASE0031,CDR,2023-04-03 12:00:00,+919887133746,+919878621471,356938050315636,374,"Whitefield, Bengaluru"
REC001127,CASE0031,CDR,2023-04-03 20:00:00,+919887133746,+919885218871,356938050315636,334,"Sector 15, Gurugram"
REC001128,CASE0031,CDR,2023-04-04 04:00:00,+919887133746,+919878621471,356938050315636,155,"Whitefield, Bengaluru"
REC001129,CASE0031,CDR,2023-04-04 08:00:00,+919887133746,+919836088447,356938050315636,451,"Salt Lake, Kolkata"
REC001130,CASE0031,CDR,2023-04-04 10:00:00,+919887133746,+919854833655,356938050315636,328,"Cyber City, Gurugram"
REC001131,CASE0031,UPI,2023-04-04 16:00:00,pooja.b60@icb,kavita.n43@okhdfcbank,TXN867758,22000,N/A
REC001132,CASE0031,CDR,2023-04-04 21:00:00,+919887133746,+919836088447,356938050315636,281,"Sector 15, Gurugram"
REC001133,CASE0031,CDR,2023-04-05 03:00:00,+919887133746,+919847301112,356938050315636,475,"Salt Lake, Kolkata"
REC001134,CASE0031,UPI,2023-04-05 07:00:00,kavita.n43@okhdfcbank,traders2418@ybl,TXN583915,15000,N/A
REC001135,CASE0031,UPI,2023-04-05 17:00:00,kavita.n43@okhdfcbank,quickcash15@ybl,TXN678965,15000,N/A
REC001136,CASE0031,CDR,2023-04-05 20:00:00,+919887133746,+919836088447,356938050315636,448,"Connaught Place, Delhi"
REC001137,CASE0031,UPI,2023-04-05 21:00:00,kavita.n43@okhdfcbank,quickcash15@ybl,TXN239675,22000,N/A
REC001138,CASE0031,CDR,2023-04-06 02:00:00,+919887133746,+919885218871,356938050315636,288,"Cyber City, Gurugram"
REC001139,CASE0031,CDR,2023-04-06 05:00:00,+919887133746,+919854833655,356938050315636,117,"Kothrud, Pune"
REC001140,CASE0031,UPI,2023-04-06 06:00:00,pooja.b60@icb,kavita.n43@okhdfcbank,TXN334960,500,N/A
REC001141,CASE0031,UPI,2023-04-06 17:00:00,kavita.n43@okhdfcbank,sanjay.p37@icb,TXN754509,48000,N/A
REC001142,CASE0031,CDR,2023-04-06 23:00:00,+919887133746,+919806739929,356938050315636,480,"Connaught Place, Delhi"
REC001143,CASE0031,CDR,2023-04-07 07:00:00,+919887133746,+919847301112,356938050315636,134,"Cyber City, Gurugram"
REC001144,CASE0031,CDR,2023-04-07 16:00:00,+919887133746,+919806739929,356938050315636,440,"Vaishali Nagar, Jaipur"
REC001145,CASE0031,UPI,2023-04-07 22:00:00,pooja.b60@icb,kavita.n43@okhdfcbank,TXN945539,7500,N/A
REC001146,CASE0031,UPI,2023-04-08 00:00:00,kavita.n43@okhdfcbank,quickcash15@ybl,TXN925211,1200,N/A
REC001147,CASE0031,CDR,2023-04-08 06:00:00,+919887133746,+919850668745,356938050315636,296,"Cyber City, Gurugram"
REC001148,CASE0031,CDR,2023-04-08 07:00:00,+919887133746,+919885218871,356938050315636,256,"Andheri East, Mumbai"
REC001149,CASE0031,CDR,2023-04-08 16:00:00,+919887133746,+919878621471,356938050315636,456,"Cyber City, Gurugram"
REC001150,CASE0031,CDR,2023-04-08 18:00:00,+919887133746,+919878621471,356938050315636,49,"Cyber City, Gurugram"
REC001151,CASE0031,CDR,2023-04-09 07:00:00,+919887133746,+919854833655,356938050315636,277,"Cyber City, Gurugram"
REC001152,CASE0031,UPI,2023-04-09 07:00:00,kavita.n43@okhdfcbank,quickcash15@ybl,TXN431052,7500,N/A
REC001153,CASE0031,UPI,2023-04-09 09:00:00,kavita.n43@okhdfcbank,quickcash15@ybl,TXN834723,48000,N/A
REC001154,CASE0031,CDR,2023-04-09 10:00:00,+919887133746,+919806739929,356938050315636,82,"Salt Lake, Kolkata"
REC001155,CASE0031,CDR,2023-04-09 13:00:00,+919887133746,+919836088447,356938050315636,414,"Anna Nagar, Chennai"
REC001156,CASE0031,UPI,2023-04-09 18:00:00,pooja.b60@icb,kavita.n43@okhdfcbank,TXN395593,7500,N/A
REC001157,CASE0031,UPI,2023-04-09 23:00:00,kavita.n43@okhdfcbank,traders2418@ybl,TXN698827,48000,N/A
REC001158,CASE0031,CDR,2023-04-10 00:00:00,+919887133746,+919885218871,356938050315636,460,"Salt Lake, Kolkata"
REC001159,CASE0031,CDR,2023-04-10 02:00:00,+919887133746,+919885218871,356938050315636,243,"Salt Lake, Kolkata"
REC001160,CASE0031,UPI,2023-04-10 03:00:00,pooja.b60@icb,kavita.n43@okhdfcbank,TXN870163,500,N/A
REC001161,CASE0031,CDR,2023-04-10 06:00:00,+919887133746,+919850668745,356938050315636,360,"Sector 15, Gurugram"
REC001162,CASE0031,CDR,2023-04-10 09:00:00,+919887133746,+919878621471,356938050315636,147,"Kothrud, Pune"
REC001163,CASE0031,CDR,2023-04-10 15:00:00,+919887133746,+919850668745,356938050315636,390,"Anna Nagar, Chennai"
REC001164,CASE0031,UPI,2023-04-10 19:00:00,pooja.b60@icb,kavita.n43@okhdfcbank,TXN422853,500,N/A
REC001165,CASE0031,CDR,2023-04-10 22:00:00,+919887133746,+919836088447,356938050315636,178,"Anna Nagar, Chennai"
REC001166,CASE0031,UPI,2023-04-11 04:00:00,kavita.n43@okhdfcbank,traders2418@ybl,TXN520694,1200,N/A
REC001167,CASE0031,CDR,2023-04-11 10:00:00,+919887133746,+919854833655,356938050315636,249,"Cyber City, Gurugram"
REC001168,CASE0031,UPI,2023-04-11 11:00:00,kavita.n43@okhdfcbank,sanjay.p37@icb,TXN950073,500,N/A
REC001169,CASE0031,UPI,2023-04-11 14:00:00,pooja.b60@icb,kavita.n43@okhdfcbank,TXN937467,3000,N/A
REC001170,CASE0031,CDR,2023-04-11 18:00:00,+919887133746,+919806739929,356938050315636,349,"Connaught Place, Delhi"
REC001171,CASE0031,CDR,2023-04-11 20:00:00,+919887133746,+919847301112,356938050315636,432,"Sector 15, Gurugram"
REC001172,CASE0031,UPI,2023-04-11 20:00:00,pooja.b60@icb,kavita.n43@okhdfcbank,TXN331163,3000,N/A
REC001173,CASE0031,CDR,2023-04-11 21:00:00,+919887133746,+919878621471,356938050315636,358,"Vaishali Nagar, Jaipur"
REC001174,CASE0031,UPI,2023-04-12 04:00:00,kavita.n43@okhdfcbank,meera.s44@upi,TXN833287,15000,N/A
REC001175,CASE0031,UPI,2023-04-12 06:00:00,pooja.b60@icb,kavita.n43@okhdfcbank,TXN561571,15000,N/A
REC001176,CASE0031,CDR,2023-04-12 13:00:00,+919887133746,+919847301112,356938050315636,128,"Banjara Hills, Hyderabad"
REC001177,CASE0031,UPI,2023-04-12 14:00:00,pooja.b60@icb,kavita.n43@okhdfcbank,TXN389369,3000,N/A
REC001178,CASE0031,UPI,2023-04-12 20:00:00,kavita.n43@okhdfcbank,meera.s44@upi,TXN742083,15000,N/A
REC001179,CASE0031,UPI,2023-04-12 22:00:00,kavita.n43@okhdfcbank,quickcash15@ybl,TXN545712,1200,N/A
REC001180,CASE0032,CDR,2023-10-27 02:00:00,+919816766312,+919871037091,356938062825366,147,"Vaishali Nagar, Jaipur"
REC001181,CASE0032,UPI,2023-10-27 12:00:00,sanjay.p20@icb,meera.s58@paytm,TXN145150,48000,N/A
REC001182,CASE0032,CDR,2023-10-27 20:00:00,+919816766312,+919840473536,356938062825366,203,"Banjara Hills, Hyderabad"
REC001183,CASE0032,CDR,2023-10-28 12:00:00,+919816766312,+919840473536,356938062825366,216,"Sector 15, Gurugram"
REC001184,CASE0032,CDR,2023-10-28 21:00:00,+919816766312,+919829327983,356938062825366,223,"Banjara Hills, Hyderabad"
REC001185,CASE0032,CDR,2023-10-29 06:00:00,+919816766312,+919840473536,356938062825366,40,"Kothrud, Pune"
REC001186,CASE0032,CDR,2023-10-29 07:00:00,+919816766312,+919848109033,356938062825366,309,"Andheri East, Mumbai"
REC001187,CASE0032,UPI,2023-10-30 03:00:00,nikhil.j83@okhdfcbank,sanjay.p20@icb,TXN672356,22000,N/A
REC001188,CASE0032,UPI,2023-10-30 04:00:00,sanjay.p20@icb,ravi.k29@upi,TXN501703,500,N/A
REC001189,CASE0032,CDR,2023-10-30 07:00:00,+919816766312,+919848109033,356938062825366,52,"Anna Nagar, Chennai"
REC001190,CASE0032,CDR,2023-10-30 08:00:00,+919816766312,+919829327983,356938062825366,213,"Banjara Hills, Hyderabad"
REC001191,CASE0032,UPI,2023-10-31 10:00:00,sanjay.p20@icb,meera.s97@upi,TXN648169,7500,N/A
REC001192,CASE0032,CDR,2023-10-31 15:00:00,+919816766312,+919840473536,356938062825366,340,"Andheri East, Mumbai"
REC001193,CASE0032,UPI,2023-10-31 15:00:00,sanjay.p20@icb,ravi.k29@upi,TXN309579,3000,N/A
REC001194,CASE0032,CDR,2023-10-31 17:00:00,+919816766312,+919840473536,356938062825366,181,"Kothrud, Pune"
REC001195,CASE0032,CDR,2023-11-01 00:00:00,+919816766312,+919829327983,356938062825366,82,"Whitefield, Bengaluru"
REC001196,CASE0032,UPI,2023-11-01 02:00:00,sanjay.p20@icb,ravi.k29@upi,TXN512284,15000,N/A
REC001197,CASE0032,CDR,2023-11-01 22:00:00,+919816766312,+919831441472,356938062825366,457,"Connaught Place, Delhi"
REC001198,CASE0032,UPI,2023-11-02 08:00:00,nikhil.j83@okhdfcbank,sanjay.p20@icb,TXN171184,1200,N/A
REC001199,CASE0032,UPI,2023-11-02 13:00:00,nikhil.j83@okhdfcbank,sanjay.p20@icb,TXN625677,22000,N/A
REC001200,CASE0032,CDR,2023-11-02 17:00:00,+919816766312,+919886349392,356938062825366,446,"Andheri East, Mumbai"
REC001201,CASE0032,UPI,2023-11-02 20:00:00,nikhil.j83@okhdfcbank,sanjay.p20@icb,TXN413529,500,N/A
REC001202,CASE0032,CDR,2023-11-02 22:00:00,+919816766312,+919831441472,356938062825366,215,"Andheri East, Mumbai"
REC001203,CASE0032,CDR,2023-11-03 00:00:00,+919816766312,+919855171242,356938062825366,26,"Banjara Hills, Hyderabad"
REC001204,CASE0032,CDR,2023-11-03 05:00:00,+919816766312,+919848109033,356938062825366,314,"Kothrud, Pune"
REC001205,CASE0032,UPI,2023-11-04 01:00:00,sanjay.p20@icb,meera.s97@upi,TXN714772,500,N/A
REC001206,CASE0032,UPI,2023-11-04 07:00:00,sanjay.p20@icb,meera.s58@paytm,TXN839042,1200,N/A
REC001207,CASE0032,CDR,2023-11-04 14:00:00,+919816766312,+919831441472,356938062825366,398,"Vaishali Nagar, Jaipur"
REC001208,CASE0032,UPI,2023-11-04 14:00:00,nikhil.j83@okhdfcbank,sanjay.p20@icb,TXN196153,22000,N/A
REC001209,CASE0032,CDR,2023-11-04 20:00:00,+919816766312,+919829327983,356938062825366,258,"Whitefield, Bengaluru"
REC001210,CASE0033,CDR,2023-09-26 03:00:00,+919832769452,+919880652710,356938098262431,146,"Cyber City, Gurugram"
REC001211,CASE0033,UPI,2023-09-26 23:00:00,ravi.k54@icb,sanjay.p82@okhdfcbank,TXN728292,7500,N/A
REC001212,CASE0033,UPI,2023-09-27 15:00:00,ravi.k54@icb,traders2439@okhdfcbank,TXN601651,3000,N/A
REC001213,CASE0033,CDR,2023-09-27 20:00:00,+919832769452,+919839474296,356938098262431,348,"Connaught Place, Delhi"
REC001214,CASE0033,CDR,2023-09-27 23:00:00,+919832769452,+919893509186,356938098262431,343,"Kothrud, Pune"
REC001215,CASE0033,CDR,2023-09-28 02:00:00,+919832769452,+919898124674,356938098262431,356,"Kothrud, Pune"
REC001216,CASE0033,CDR,2023-09-28 10:00:00,+919832769452,+919898124674,356938098262431,73,"Salt Lake, Kolkata"
REC001217,CASE0033,CDR,2023-09-28 13:00:00,+919832769452,+919839474296,356938098262431,395,"Connaught Place, Delhi"
REC001218,CASE0033,UPI,2023-09-28 16:00:00,meera.s52@ybl,ravi.k54@icb,TXN722382,500,N/A
REC001219,CASE0033,CDR,2023-09-28 17:00:00,+919832769452,+919809749711,356938098262431,453,"Anna Nagar, Chennai"
REC001220,CASE0033,UPI,2023-09-28 20:00:00,meera.s52@ybl,ravi.k54@icb,TXN268549,1200,N/A
REC001221,CASE0033,UPI,2023-09-29 01:00:00,meera.s52@ybl,ravi.k54@icb,TXN161330,3000,N/A
REC001222,CASE0033,CDR,2023-09-29 04:00:00,+919832769452,+919839474296,356938098262431,425,"Connaught Place, Delhi"
REC001223,CASE0033,UPI,2023-09-29 05:00:00,meera.s52@ybl,ravi.k54@icb,TXN315954,7500,N/A
REC001224,CASE0033,CDR,2023-09-29 13:00:00,+919832769452,+919898124674,356938098262431,322,"Salt Lake, Kolkata"
REC001225,CASE0033,CDR,2023-09-29 20:00:00,+919832769452,+919898124674,356938098262431,368,"Anna Nagar, Chennai"
REC001226,CASE0033,UPI,2023-09-30 01:00:00,ravi.k54@icb,amitpay13@okhdfcbank,TXN761988,7500,N/A
REC001227,CASE0033,CDR,2023-09-30 04:00:00,+919832769452,+919893509186,356938098262431,365,"Banjara Hills, Hyderabad"
REC001228,CASE0033,CDR,2023-09-30 05:00:00,+919832769452,+919802831183,356938098262431,214,"Cyber City, Gurugram"
REC001229,CASE0033,CDR,2023-09-30 09:00:00,+919832769452,+919849011619,356938098262431,155,"Anna Nagar, Chennai"
REC001230,CASE0033,UPI,2023-09-30 22:00:00,ravi.k54@icb,ravi.k37@paytm,TXN358133,7500,N/A
REC001231,CASE0033,CDR,2023-09-30 23:00:00,+919832769452,+919880652710,356938098262431,444,"Connaught Place, Delhi"
REC001232,CASE0033,UPI,2023-10-01 09:00:00,meera.s52@ybl,ravi.k54@icb,TXN449475,3000,N/A
REC001233,CASE0033,CDR,2023-10-01 10:00:00,+919832769452,+919809749711,356938098262431,272,"Whitefield, Bengaluru"
REC001234,CASE0033,CDR,2023-10-01 11:00:00,+919832769452,+919809749711,356938098262431,187,"Kothrud, Pune"
REC001235,CASE0033,UPI,2023-10-02 02:00:00,ravi.k54@icb,ravi.k37@paytm,TXN901755,48000,N/A
REC001236,CASE0033,UPI,2023-10-02 07:00:00,meera.s52@ybl,ravi.k54@icb,TXN845553,15000,N/A
REC001237,CASE0033,CDR,2023-10-02 09:00:00,+919832769452,+919802831183,356938098262431,237,"Vaishali Nagar, Jaipur"
REC001238,CASE0033,CDR,2023-10-02 21:00:00,+919832769452,+919802831183,356938098262431,429,"Kothrud, Pune"
REC001239,CASE0033,CDR,2023-10-03 00:00:00,+919832769452,+919849011619,356938098262431,219,"Kothrud, Pune"
REC001240,CASE0033,CDR,2023-10-03 03:00:00,+919832769452,+919802831183,356938098262431,102,"Connaught Place, Delhi"
REC001241,CASE0033,UPI,2023-10-03 06:00:00,meera.s52@ybl,ravi.k54@icb,TXN625272,3000,N/A
REC001242,CASE0033,CDR,2023-10-03 07:00:00,+919832769452,+919893509186,356938098262431,37,"Andheri East, Mumbai"
REC001243,CASE0033,CDR,2023-10-03 15:00:00,+919832769452,+919849011619,356938098262431,495,"Cyber City, Gurugram"
REC001244,CASE0033,UPI,2023-10-03 15:00:00,ravi.k54@icb,sanjay.p82@okhdfcbank,TXN990076,3000,N/A
REC001245,CASE0033,CDR,2023-10-03 16:00:00,+919832769452,+919898124674,356938098262431,206,"Andheri East, Mumbai"
REC001246,CASE0033,CDR,2023-10-03 21:00:00,+919832769452,+919839474296,356938098262431,161,"Banjara Hills, Hyderabad"
REC001247,CASE0033,UPI,2023-10-04 09:00:00,meera.s52@ybl,ravi.k54@icb,TXN339520,7500,N/A
REC001248,CASE0033,CDR,2023-10-04 12:00:00,+919832769452,+919809749711,356938098262431,109,"Kothrud, Pune"
REC001249,CASE0033,CDR,2023-10-04 13:00:00,+919832769452,+919802831183,356938098262431,84,"Kothrud, Pune"
REC001250,CASE0033,UPI,2023-10-04 15:00:00,ravi.k54@icb,amitpay13@okhdfcbank,TXN676492,1200,N/A
REC001251,CASE0033,UPI,2023-10-04 16:00:00,meera.s52@ybl,ravi.k54@icb,TXN666011,7500,N/A
REC001252,CASE0033,CDR,2023-10-04 21:00:00,+919832769452,+919898124674,356938098262431,465,"Whitefield, Bengaluru"
REC001253,CASE0033,UPI,2023-10-05 05:00:00,meera.s52@ybl,ravi.k54@icb,TXN262296,1200,N/A
REC001254,CASE0033,CDR,2023-10-05 12:00:00,+919832769452,+919809749711,356938098262431,250,"Vaishali Nagar, Jaipur"
REC001255,CASE0033,UPI,2023-10-05 19:00:00,meera.s52@ybl,ravi.k54@icb,TXN556699,1200,N/A
REC001256,CASE0033,UPI,2023-10-05 20:00:00,meera.s52@ybl,ravi.k54@icb,TXN403730,15000,N/A
REC001257,CASE0033,CDR,2023-10-05 21:00:00,+919832769452,+919802831183,356938098262431,219,"Vaishali Nagar, Jaipur"
REC001258,CASE0034,CDR,2024-11-09 07:00:00,+919846877779,+919869506469,356938051921323,99,"Whitefield, Bengaluru"
REC001259,CASE0034,CDR,2024-11-09 11:00:00,+919846877779,+919810677519,356938051921323,464,"Banjara Hills, Hyderabad"
REC001260,CASE0034,UPI,2024-11-09 18:00:00,anita.r58@icb,vikram.t27@paytm,TXN240294,3000,N/A
REC001261,CASE0034,CDR,2024-11-10 02:00:00,+919846877779,+919847660805,356938051921323,336,"Anna Nagar, Chennai"
REC001262,CASE0034,CDR,2024-11-10 20:00:00,+919846877779,+919853577020,356938051921323,300,"Whitefield, Bengaluru"
REC001263,CASE0034,UPI,2024-11-10 22:00:00,vikram.t27@paytm,meera.s52@icb,TXN974433,1200,N/A
REC001264,CASE0034,CDR,2024-11-11 12:00:00,+919846877779,+919869506469,356938051921323,210,"Andheri East, Mumbai"
REC001265,CASE0034,CDR,2024-11-11 15:00:00,+919846877779,+919809633500,356938051921323,279,"Banjara Hills, Hyderabad"
REC001266,CASE0034,UPI,2024-11-12 06:00:00,anita.r58@icb,vikram.t27@paytm,TXN101049,500,N/A
REC001267,CASE0034,CDR,2024-11-12 16:00:00,+919846877779,+919863209635,356938051921323,426,"Vaishali Nagar, Jaipur"
REC001268,CASE0034,CDR,2024-11-12 17:00:00,+919846877779,+919810677519,356938051921323,254,"Banjara Hills, Hyderabad"
REC001269,CASE0034,CDR,2024-11-13 06:00:00,+919846877779,+919810677519,356938051921323,424,"Sector 15, Gurugram"
REC001270,CASE0034,CDR,2024-11-13 14:00:00,+919846877779,+919809633500,356938051921323,466,"Kothrud, Pune"
REC001271,CASE0034,UPI,2024-11-13 21:00:00,vikram.t27@paytm,freshmart14@paytm,TXN610864,48000,N/A
REC001272,CASE0034,CDR,2024-11-14 00:00:00,+919846877779,+919853577020,356938051921323,407,"Whitefield, Bengaluru"
REC001273,CASE0034,UPI,2024-11-14 18:00:00,vikram.t27@paytm,amitpay64@okhdfcbank,TXN994669,48000,N/A
REC001274,CASE0034,CDR,2024-11-14 19:00:00,+919846877779,+919863209635,356938051921323,490,"Anna Nagar, Chennai"
REC001275,CASE0034,CDR,2024-11-15 06:00:00,+919846877779,+919863209635,356938051921323,427,"Connaught Place, Delhi"
REC001276,CASE0034,CDR,2024-11-15 09:00:00,+919846877779,+919817007681,356938051921323,74,"Anna Nagar, Chennai"
REC001277,CASE0034,CDR,2024-11-15 11:00:00,+919846877779,+919853577020,356938051921323,181,"Anna Nagar, Chennai"
REC001278,CASE0034,CDR,2024-11-15 13:00:00,+919846877779,+919817007681,356938051921323,184,"Whitefield, Bengaluru"
REC001279,CASE0034,CDR,2024-11-15 15:00:00,+919846877779,+919869506469,356938051921323,259,"Whitefield, Bengaluru"
REC001280,CASE0034,CDR,2024-11-15 18:00:00,+919846877779,+919869506469,356938051921323,312,"Cyber City, Gurugram"
REC001281,CASE0034,CDR,2024-11-15 18:00:00,+919846877779,+919810677519,356938051921323,38,"Whitefield, Bengaluru"
REC001282,CASE0034,CDR,2024-11-16 02:00:00,+919846877779,+919810677519,356938051921323,156,"Sector 15, Gurugram"
REC001283,CASE0034,CDR,2024-11-16 02:00:00,+919846877779,+919817007681,356938051921323,90,"Salt Lake, Kolkata"
REC001284,CASE0034,UPI,2024-11-16 06:00:00,vikram.t27@paytm,amitpay64@okhdfcbank,TXN442267,3000,N/A
REC001285,CASE0034,CDR,2024-11-16 13:00:00,+919846877779,+919869506469,356938051921323,45,"Andheri East, Mumbai"
REC001286,CASE0034,CDR,2024-11-16 22:00:00,+919846877779,+919869506469,356938051921323,382,"Kothrud, Pune"
REC001287,CASE0034,UPI,2024-11-17 11:00:00,vikram.t27@paytm,amitpay64@okhdfcbank,TXN271097,48000,N/A
REC001288,CASE0034,CDR,2024-11-17 19:00:00,+919846877779,+919809633500,356938051921323,473,"Andheri East, Mumbai"
REC001289,CASE0034,UPI,2024-11-17 22:00:00,vikram.t27@paytm,freshmart14@paytm,TXN261303,48000,N/A
REC001290,CASE0034,UPI,2024-11-17 23:00:00,anita.r58@icb,vikram.t27@paytm,TXN976006,15000,N/A
REC001291,CASE0034,UPI,2024-11-18 06:00:00,vikram.t27@paytm,meera.s52@icb,TXN202329,48000,N/A
REC001292,CASE0034,UPI,2024-11-18 19:00:00,anita.r58@icb,vikram.t27@paytm,TXN840493,22000,N/A
REC001293,CASE0034,UPI,2024-11-18 23:00:00,anita.r58@icb,vikram.t27@paytm,TXN653516,3000,N/A
REC001294,CASE0035,UPI,2024-12-01 03:00:00,meera.s12@ybl,deepa.v99@icb,TXN824158,48000,N/A
REC001295,CASE0035,UPI,2024-12-01 08:00:00,deepa.v99@icb,kavita.n65@upi,TXN755907,22000,N/A
REC001296,CASE0035,CDR,2024-12-01 09:00:00,+919829744982,+919878526146,356938029523013,303,"Kothrud, Pune"
REC001297,CASE0035,UPI,2024-12-01 10:00:00,deepa.v99@icb,citypay33@paytm,TXN799971,1200,N/A
REC001298,CASE0035,UPI,2024-12-01 14:00:00,meera.s12@ybl,deepa.v99@icb,TXN920482,500,N/A
REC001299,CASE0035,UPI,2024-12-01 16:00:00,meera.s12@ybl,deepa.v99@icb,TXN480215,22000,N/A
REC001300,CASE0035,CDR,2024-12-01 22:00:00,+919829744982,+919837469117,356938029523013,128,"Whitefield, Bengaluru"
REC001301,CASE0035,CDR,2024-12-02 03:00:00,+919829744982,+919812370671,356938029523013,50,"Whitefield, Bengaluru"
REC001302,CASE0035,UPI,2024-12-02 07:00:00,meera.s12@ybl,deepa.v99@icb,TXN610753,3000,N/A
REC001303,CASE0035,UPI,2024-12-02 10:00:00,deepa.v99@icb,kavita.n65@upi,TXN899569,15000,N/A
REC001304,CASE0035,CDR,2024-12-02 20:00:00,+919829744982,+919806533965,356938029523013,342,"Kothrud, Pune"
REC001305,CASE0035,UPI,2024-12-02 23:00:00,deepa.v99@icb,citypay33@paytm,TXN955279,48000,N/A
REC001306,CASE0035,CDR,2024-12-03 00:00:00,+919829744982,+919862231016,356938029523013,261,"Banjara Hills, Hyderabad"
REC001307,CASE0035,CDR,2024-12-03 04:00:00,+919829744982,+919837469117,356938029523013,42,"Cyber City, Gurugram"
REC001308,CASE0035,CDR,2024-12-03 13:00:00,+919829744982,+919837469117,356938029523013,317,"Kothrud, Pune"
REC001309,CASE0035,CDR,2024-12-03 22:00:00,+919829744982,+919845147827,356938029523013,289,"Vaishali Nagar, Jaipur"
REC001310,CASE0035,UPI,2024-12-03 22:00:00,deepa.v99@icb,amitpay73@paytm,TXN681870,3000,N/A
REC001311,CASE0035,UPI,2024-12-03 23:00:00,meera.s12@ybl,deepa.v99@icb,TXN344246,3000,N/A
REC001312,CASE0035,CDR,2024-12-04 01:00:00,+919829744982,+919806533965,356938029523013,243,"Vaishali Nagar, Jaipur"
REC001313,CASE0035,CDR,2024-12-04 01:00:00,+919829744982,+919845147827,356938029523013,478,"Anna Nagar, Chennai"
REC001314,CASE0035,UPI,2024-12-04 04:00:00,deepa.v99@icb,kavita.n65@upi,TXN658795,500,N/A
REC001315,CASE0035,CDR,2024-12-04 06:00:00,+919829744982,+919878526146,356938029523013,278,"Cyber City, Gurugram"
REC001316,CASE0035,CDR,2024-12-04 23:00:00,+919829744982,+919845147827,356938029523013,462,"Andheri East, Mumbai"
REC001317,CASE0035,CDR,2024-12-05 00:00:00,+919829744982,+919837469117,356938029523013,78,"Kothrud, Pune"
REC001318,CASE0035,CDR,2024-12-05 00:00:00,+919829744982,+919812370671,356938029523013,227,"Salt Lake, Kolkata"
REC001319,CASE0035,CDR,2024-12-05 02:00:00,+919829744982,+919806533965,356938029523013,267,"Vaishali Nagar, Jaipur"
REC001320,CASE0035,UPI,2024-12-05 02:00:00,meera.s12@ybl,deepa.v99@icb,TXN984063,3000,N/A
REC001321,CASE0035,CDR,2024-12-05 09:00:00,+919829744982,+919837469117,356938029523013,115,"Connaught Place, Delhi"
REC001322,CASE0035,CDR,2024-12-05 13:00:00,+919829744982,+919845147827,356938029523013,25,"Vaishali Nagar, Jaipur"
REC001323,CASE0035,UPI,2024-12-05 20:00:00,deepa.v99@icb,sanjay.p51@icb,TXN895926,48000,N/A
REC001324,CASE0035,CDR,2024-12-06 02:00:00,+919829744982,+919844136574,356938029523013,333,"Cyber City, Gurugram"
REC001325,CASE0035,CDR,2024-12-06 12:00:00,+919829744982,+919862231016,356938029523013,313,"Vaishali Nagar, Jaipur"
REC001326,CASE0035,CDR,2024-12-06 18:00:00,+919829744982,+919878526146,356938029523013,183,"Whitefield, Bengaluru"
REC001327,CASE0035,UPI,2024-12-06 21:00:00,meera.s12@ybl,deepa.v99@icb,TXN548830,1200,N/A
REC001328,CASE0035,CDR,2024-12-07 02:00:00,+919829744982,+919878526146,356938029523013,338,"Cyber City, Gurugram"
REC001329,CASE0035,CDR,2024-12-07 03:00:00,+919829744982,+919837469117,356938029523013,470,"Vaishali Nagar, Jaipur"
REC001330,CASE0035,CDR,2024-12-07 18:00:00,+919829744982,+919837469117,356938029523013,394,"Connaught Place, Delhi"
REC001331,CASE0035,CDR,2024-12-07 18:00:00,+919829744982,+919878526146,356938029523013,202,"Banjara Hills, Hyderabad"
REC001332,CASE0035,UPI,2024-12-08 08:00:00,meera.s12@ybl,deepa.v99@icb,TXN260238,15000,N/A
REC001333,CASE0035,CDR,2024-12-09 02:00:00,+919829744982,+919878526146,356938029523013,353,"Salt Lake, Kolkata"
REC001334,CASE0035,UPI,2024-12-09 17:00:00,deepa.v99@icb,sanjay.p51@icb,TXN170184,1200,N/A
REC001335,CASE0035,CDR,2024-12-09 21:00:00,+919829744982,+919845147827,356938029523013,471,"Salt Lake, Kolkata"
REC001336,CASE0035,CDR,2024-12-10 07:00:00,+919829744982,+919862231016,356938029523013,226,"Sector 15, Gurugram"
REC001337,CASE0035,UPI,2024-12-10 11:00:00,meera.s12@ybl,deepa.v99@icb,TXN622581,48000,N/A
REC001338,CASE0035,CDR,2024-12-10 20:00:00,+919829744982,+919878526146,356938029523013,352,"Cyber City, Gurugram"
REC001339,CASE0036,UPI,2025-03-12 04:00:00,ravi.k76@okhdfcbank,sanjay.p18@upi,TXN559840,15000,N/A
REC001340,CASE0036,UPI,2025-03-12 07:00:00,ravi.k76@okhdfcbank,deepa.v37@icb,TXN237543,7500,N/A
REC001341,CASE0036,CDR,2025-03-12 08:00:00,+919854739343,+919893487923,356938058795610,373,"Kothrud, Pune"
REC001342,CASE0036,CDR,2025-03-12 11:00:00,+919854739343,+919848540353,356938058795610,190,"Sector 15, Gurugram"
REC001343,CASE0036,UPI,2025-03-12 20:00:00,pooja.b5@paytm,ravi.k76@okhdfcbank,TXN460991,22000,N/A
REC001344,CASE0036,CDR,2025-03-12 21:00:00,+919854739343,+919846501453,356938058795610,193,"Connaught Place, Delhi"
REC001345,CASE0036,CDR,2025-03-12 22:00:00,+919854739343,+919821448647,356938058795610,488,"Vaishali Nagar, Jaipur"
REC001346,CASE0036,CDR,2025-03-13 08:00:00,+919854739343,+919846501453,356938058795610,126,"Anna Nagar, Chennai"
REC001347,CASE0036,UPI,2025-03-13 10:00:00,ravi.k76@okhdfcbank,sanjay.p18@upi,TXN283448,1200,N/A
REC001348,CASE0036,UPI,2025-03-13 14:00:00,pooja.b5@paytm,ravi.k76@okhdfcbank,TXN921622,15000,N/A
REC001349,CASE0036,CDR,2025-03-14 05:00:00,+919854739343,+919865736893,356938058795610,191,"Sector 15, Gurugram"
REC001350,CASE0036,CDR,2025-03-14 12:00:00,+919854739343,+919893487923,356938058795610,469,"Andheri East, Mumbai"
REC001351,CASE0036,CDR,2025-03-14 12:00:00,+919854739343,+919893487923,356938058795610,289,"Vaishali Nagar, Jaipur"
REC001352,CASE0036,CDR,2025-03-14 14:00:00,+919854739343,+919846501453,356938058795610,326,"Connaught Place, Delhi"
REC001353,CASE0036,UPI,2025-03-15 04:00:00,ravi.k76@okhdfcbank,sanjay.p18@upi,TXN944687,48000,N/A
REC001354,CASE0036,CDR,2025-03-15 15:00:00,+919854739343,+919892264159,356938058795610,485,"Anna Nagar, Chennai"
REC001355,CASE0036,CDR,2025-03-15 17:00:00,+919854739343,+919865736893,356938058795610,270,"Salt Lake, Kolkata"
REC001356,CASE0036,UPI,2025-03-16 09:00:00,pooja.b5@paytm,ravi.k76@okhdfcbank,TXN667099,500,N/A
REC001357,CASE0036,UPI,2025-03-16 09:00:00,pooja.b5@paytm,ravi.k76@okhdfcbank,TXN103438,7500,N/A
REC001358,CASE0036,UPI,2025-03-16 11:00:00,ravi.k76@okhdfcbank,traders2426@paytm,TXN622609,15000,N/A
REC001359,CASE0036,CDR,2025-03-16 12:00:00,+919854739343,+919821448647,356938058795610,258,"Andheri East, Mumbai"
REC001360,CASE0036,UPI,2025-03-16 22:00:00,ravi.k76@okhdfcbank,deepa.v37@icb,TXN415781,48000,N/A
REC001361,CASE0036,UPI,2025-03-16 22:00:00,ravi.k76@okhdfcbank,sanjay.p44@icb,TXN354926,1200,N/A
REC001362,CASE0036,CDR,2025-03-17 01:00:00,+919854739343,+919892264159,356938058795610,183,"Cyber City, Gurugram"
REC001363,CASE0036,CDR,2025-03-17 04:00:00,+919854739343,+919893487923,356938058795610,277,"Kothrud, Pune"
REC001364,CASE0036,CDR,2025-03-17 05:00:00,+919854739343,+919892264159,356938058795610,117,"Andheri East, Mumbai"
REC001365,CASE0036,CDR,2025-03-17 07:00:00,+919854739343,+919846501453,356938058795610,202,"Kothrud, Pune"
REC001366,CASE0036,CDR,2025-03-17 10:00:00,+919854739343,+919893487923,356938058795610,233,"Whitefield, Bengaluru"
REC001367,CASE0036,CDR,2025-03-17 12:00:00,+919854739343,+919865736893,356938058795610,435,"Sector 15, Gurugram"
REC001368,CASE0036,CDR,2025-03-17 12:00:00,+919854739343,+919821448647,356938058795610,91,"Banjara Hills, Hyderabad"
REC001369,CASE0036,UPI,2025-03-17 15:00:00,ravi.k76@okhdfcbank,traders2426@paytm,TXN735361,1200,N/A
REC001370,CASE0036,CDR,2025-03-17 19:00:00,+919854739343,+919821448647,356938058795610,496,"Connaught Place, Delhi"
REC001371,CASE0036,UPI,2025-03-17 19:00:00,ravi.k76@okhdfcbank,sanjay.p44@icb,TXN613026,1200,N/A
REC001372,CASE0036,UPI,2025-03-18 04:00:00,ravi.k76@okhdfcbank,traders2426@paytm,TXN801800,500,N/A
REC001373,CASE0036,CDR,2025-03-18 09:00:00,+919854739343,+919865736893,356938058795610,66,"Salt Lake, Kolkata"
REC001374,CASE0036,CDR,2025-03-18 19:00:00,+919854739343,+919846501453,356938058795610,190,"Connaught Place, Delhi"
REC001375,CASE0036,UPI,2025-03-19 01:00:00,ravi.k76@okhdfcbank,deepa.v37@icb,TXN130640,7500,N/A
REC001376,CASE0036,CDR,2025-03-19 02:00:00,+919854739343,+919835704427,356938058795610,113,"Andheri East, Mumbai"
REC001377,CASE0036,CDR,2025-03-19 08:00:00,+919854739343,+919865736893,356938058795610,250,"Andheri East, Mumbai"
REC001378,CASE0036,UPI,2025-03-19 17:00:00,ravi.k76@okhdfcbank,deepa.v37@icb,TXN817924,500,N/A
REC001379,CASE0036,CDR,2025-03-20 03:00:00,+919854739343,+919846501453,356938058795610,255,"Connaught Place, Delhi"
REC001380,CASE0036,UPI,2025-03-20 07:00:00,ravi.k76@okhdfcbank,sanjay.p44@icb,TXN628032,7500,N/A
REC001381,CASE0036,CDR,2025-03-20 10:00:00,+919854739343,+919846501453,356938058795610,302,"Cyber City, Gurugram"
REC001382,CASE0036,UPI,2025-03-20 23:00:00,ravi.k76@okhdfcbank,traders2426@paytm,TXN524884,22000,N/A
REC001383,CASE0036,CDR,2025-03-21 11:00:00,+919854739343,+919893487923,356938058795610,421,"Connaught Place, Delhi"
REC001384,CASE0036,UPI,2025-03-21 20:00:00,ravi.k76@okhdfcbank,traders2426@paytm,TXN384015,1200,N/A
REC001385,CASE0036,CDR,2025-03-21 22:00:00,+919854739343,+919892264159,356938058795610,188,"Banjara Hills, Hyderabad"
REC001386,CASE0037,CDR,2023-09-30 02:00:00,+919813175918,+919820490796,356938088283201,224,"Andheri East, Mumbai"
REC001387,CASE0037,CDR,2023-09-30 04:00:00,+919813175918,+919864328977,356938088283201,143,"Banjara Hills, Hyderabad"
REC001388,CASE0037,CDR,2023-09-30 23:00:00,+919813175918,+919820490796,356938088283201,328,"Cyber City, Gurugram"
REC001389,CASE0037,CDR,2023-10-01 05:00:00,+919813175918,+919871158898,356938088283201,318,"Vaishali Nagar, Jaipur"
REC001390,CASE0037,CDR,2023-10-01 06:00:00,+919813175918,+919871158898,356938088283201,33,"Andheri East, Mumbai"
REC001391,CASE0037,CDR,2023-10-01 09:00:00,+919813175918,+919864328977,356938088283201,371,"Anna Nagar, Chennai"
REC001392,CASE0037,UPI,2023-10-01 10:00:00,pooja.b85@upi,traders2430@ybl,TXN477037,22000,N/A
REC001393,CASE0037,UPI,2023-10-01 19:00:00,traders2430@ybl,amitpay57@icb,TXN640299,3000,N/A
REC001394,CASE0037,CDR,2023-10-01 23:00:00,+919813175918,+919831062017,356938088283201,428,"Salt Lake, Kolkata"
REC001395,CASE0037,CDR,2023-10-02 07:00:00,+919813175918,+919890256616,356938088283201,472,"Salt Lake, Kolkata"
REC001396,CASE0037,UPI,2023-10-02 17:00:00,traders2430@ybl,traders2493@icb,TXN568358,48000,N/A
REC001397,CASE0037,UPI,2023-10-03 13:00:00,traders2430@ybl,freshmart64@paytm,TXN384739,48000,N/A
REC001398,CASE0037,UPI,2023-10-04 05:00:00,pooja.b85@upi,traders2430@ybl,TXN482844,500,N/A
REC001399,CASE0037,UPI,2023-10-04 12:00:00,traders2430@ybl,traders2493@icb,TXN284870,15000,N/A
REC001400,CASE0037,UPI,2023-10-04 16:00:00,pooja.b85@upi,traders2430@ybl,TXN737693,1200,N/A
REC001401,CASE0037,CDR,2023-10-04 17:00:00,+919813175918,+919820490796,356938088283201,74,"Andheri East, Mumbai"
REC001402,CASE0037,CDR,2023-10-04 18:00:00,+919813175918,+919871158898,356938088283201,437,"Vaishali Nagar, Jaipur"
REC001403,CASE0037,UPI,2023-10-04 18:00:00,pooja.b85@upi,traders2430@ybl,TXN687707,1200,N/A
REC001404,CASE0037,CDR,2023-10-05 08:00:00,+919813175918,+919838858626,356938088283201,388,"Connaught Place, Delhi"
REC001405,CASE0037,UPI,2023-10-05 19:00:00,pooja.b85@upi,traders2430@ybl,TXN806391,22000,N/A
REC001406,CASE0037,CDR,2023-10-06 00:00:00,+919813175918,+919864328977,356938088283201,92,"Sector 15, Gurugram"
REC001407,CASE0037,CDR,2023-10-06 06:00:00,+919813175918,+919820583513,356938088283201,240,"Salt Lake, Kolkata"
REC001408,CASE0037,UPI,2023-10-06 06:00:00,pooja.b85@upi,traders2430@ybl,TXN238092,1200,N/A
REC001409,CASE0037,UPI,2023-10-06 20:00:00,pooja.b85@upi,traders2430@ybl,TXN814614,48000,N/A
REC001410,CASE0037,CDR,2023-10-07 02:00:00,+919813175918,+919890256616,356938088283201,257,"Anna Nagar, Chennai"
REC001411,CASE0037,CDR,2023-10-07 04:00:00,+919813175918,+919871158898,356938088283201,480,"Sector 15, Gurugram"
REC001412,CASE0037,UPI,2023-10-07 17:00:00,pooja.b85@upi,traders2430@ybl,TXN374726,22000,N/A
REC001413,CASE0037,UPI,2023-10-07 17:00:00,pooja.b85@upi,traders2430@ybl,TXN514291,48000,N/A
REC001414,CASE0037,CDR,2023-10-07 18:00:00,+919813175918,+919838858626,356938088283201,280,"Salt Lake, Kolkata"
REC001415,CASE0037,CDR,2023-10-07 18:00:00,+919813175918,+919864328977,356938088283201,182,"Anna Nagar, Chennai"
REC001416,CASE0037,CDR,2023-10-07 19:00:00,+919813175918,+919820583513,356938088283201,50,"Vaishali Nagar, Jaipur"
REC001417,CASE0037,UPI,2023-10-08 02:00:00,pooja.b85@upi,traders2430@ybl,TXN994298,7500,N/A
REC001418,CASE0037,UPI,2023-10-08 17:00:00,traders2430@ybl,amitpay57@icb,TXN244056,1200,N/A
REC001419,CASE0037,CDR,2023-10-09 16:00:00,+919813175918,+919820583513,356938088283201,443,"Andheri East, Mumbai"
REC001420,CASE0037,CDR,2023-10-09 18:00:00,+919813175918,+919820583513,356938088283201,45,"Banjara Hills, Hyderabad"
REC001421,CASE0037,UPI,2023-10-09 23:00:00,traders2430@ybl,traders2493@icb,TXN983956,500,N/A
REC001422,CASE0037,CDR,2023-10-10 00:00:00,+919813175918,+919838858626,356938088283201,161,"Vaishali Nagar, Jaipur"
REC001423,CASE0038,CDR,2023-07-10 04:00:00,+919814131487,+919828842918,356938059344509,65,"Connaught Place, Delhi"
REC001424,CASE0038,UPI,2023-07-10 07:00:00,meera.s74@icb,citypay75@paytm,TXN229130,7500,N/A
REC001425,CASE0038,UPI,2023-07-10 10:00:00,meera.s74@icb,amitpay3@ybl,TXN680890,15000,N/A
REC001426,CASE0038,UPI,2023-07-10 19:00:00,rajesh.m31@paytm,meera.s74@icb,TXN519668,3000,N/A
REC001427,CASE0038,CDR,2023-07-11 01:00:00,+919814131487,+919820358872,356938059344509,176,"Sector 15, Gurugram"
REC001428,CASE0038,UPI,2023-07-11 02:00:00,meera.s74@icb,vikram.t4@okhdfcbank,TXN771940,15000,N/A
REC001429,CASE0038,CDR,2023-07-11 08:00:00,+919814131487,+919844913019,356938059344509,212,"Cyber City, Gurugram"
REC001430,CASE0038,UPI,2023-07-11 09:00:00,meera.s74@icb,amitpay3@ybl,TXN782750,500,N/A
REC001431,CASE0038,UPI,2023-07-11 11:00:00,meera.s74@icb,amitpay3@ybl,TXN758937,500,N/A
REC001432,CASE0038,CDR,2023-07-11 13:00:00,+919814131487,+919820358872,356938059344509,404,"Whitefield, Bengaluru"
REC001433,CASE0038,CDR,2023-07-11 14:00:00,+919814131487,+919844913019,356938059344509,179,"Banjara Hills, Hyderabad"
REC001434,CASE0038,UPI,2023-07-11 14:00:00,rajesh.m31@paytm,meera.s74@icb,TXN653103,48000,N/A
REC001435,CASE0038,CDR,2023-07-11 18:00:00,+919814131487,+919865926543,356938059344509,221,"Cyber City, Gurugram"
REC001436,CASE0038,CDR,2023-07-11 22:00:00,+919814131487,+919820358872,356938059344509,494,"Banjara Hills, Hyderabad"
REC001437,CASE0038,UPI,2023-07-11 22:00:00,meera.s74@icb,citypay75@paytm,TXN239809,1200,N/A
REC001438,CASE0038,CDR,2023-07-11 23:00:00,+919814131487,+919858413954,356938059344509,170,"Whitefield, Bengaluru"
REC001439,CASE0038,UPI,2023-07-12 09:00:00,rajesh.m31@paytm,meera.s74@icb,TXN348413,48000,N/A
REC001440,CASE0038,UPI,2023-07-12 11:00:00,meera.s74@icb,amitpay3@ybl,TXN686114,22000,N/A
REC001441,CASE0038,UPI,2023-07-12 23:00:00,rajesh.m31@paytm,meera.s74@icb,TXN977246,48000,N/A
REC001442,CASE0038,CDR,2023-07-13 09:00:00,+919814131487,+919858413954,356938059344509,83,"Vaishali Nagar, Jaipur"
REC001443,CASE0038,CDR,2023-07-13 14:00:00,+919814131487,+919844913019,356938059344509,179,"Kothrud, Pune"
REC001444,CASE0038,CDR,2023-07-13 15:00:00,+919814131487,+919820358872,356938059344509,93,"Vaishali Nagar, Jaipur"
REC001445,CASE0038,CDR,2023-07-13 18:00:00,+919814131487,+919820358872,356938059344509,370,"Kothrud, Pune"
REC001446,CASE0038,CDR,2023-07-14 07:00:00,+919814131487,+919844913019,356938059344509,424,"Connaught Place, Delhi"
REC001447,CASE0038,CDR,2023-07-14 07:00:00,+919814131487,+919820358872,356938059344509,456,"Salt Lake, Kolkata"
REC001448,CASE0038,CDR,2023-07-14 21:00:00,+919814131487,+919820358872,356938059344509,430,"Sector 15, Gurugram"
REC001449,CASE0038,CDR,2023-07-15 09:00:00,+919814131487,+919820358872,356938059344509,95,"Banjara Hills, Hyderabad"
REC001450,CASE0038,CDR,2023-07-15 15:00:00,+919814131487,+919844913019,356938059344509,325,"Vaishali Nagar, Jaipur"
REC001451,CASE0038,UPI,2023-07-15 20:00:00,rajesh.m31@paytm,meera.s74@icb,TXN454051,7500,N/A
REC001452,CASE0038,CDR,2023-07-15 21:00:00,+919814131487,+919844913019,356938059344509,297,"Andheri East, Mumbai"
REC001453,CASE0038,CDR,2023-07-16 01:00:00,+919814131487,+919844913019,356938059344509,327,"Connaught Place, Delhi"
REC001454,CASE0038,CDR,2023-07-16 22:00:00,+919814131487,+919858413954,356938059344509,292,"Whitefield, Bengaluru"
REC001455,CASE0038,CDR,2023-07-17 09:00:00,+919814131487,+919885704416,356938059344509,205,"Salt Lake, Kolkata"
REC001456,CASE0038,UPI,2023-07-17 09:00:00,rajesh.m31@paytm,meera.s74@icb,TXN551491,500,N/A
REC001457,CASE0038,UPI,2023-07-17 14:00:00,meera.s74@icb,vikram.t4@okhdfcbank,TXN678705,48000,N/A
REC001458,CASE0038,UPI,2023-07-17 14:00:00,meera.s74@icb,vikram.t4@okhdfcbank,TXN491016,15000,N/A
REC001459,CASE0038,UPI,2023-07-18 02:00:00,meera.s74@icb,amitpay3@ybl,TXN571239,3000,N/A
REC001460,CASE0038,CDR,2023-07-18 03:00:00,+919814131487,+919802948196,356938059344509,289,"Kothrud, Pune"
REC001461,CASE0038,UPI,2023-07-18 07:00:00,meera.s74@icb,vikram.t4@okhdfcbank,TXN657063,48000,N/A
REC001462,CASE0038,UPI,2023-07-18 08:00:00,meera.s74@icb,citypay75@paytm,TXN481524,7500,N/A
REC001463,CASE0038,CDR,2023-07-18 09:00:00,+919814131487,+919820358872,356938059344509,308,"Connaught Place, Delhi"
REC001464,CASE0038,CDR,2023-07-18 11:00:00,+919814131487,+919844913019,356938059344509,177,"Sector 15, Gurugram"
REC001465,CASE0038,UPI,2023-07-18 14:00:00,meera.s74@icb,citypay75@paytm,TXN349746,500,N/A
REC001466,CASE0038,CDR,2023-07-18 17:00:00,+919814131487,+919802948196,356938059344509,458,"Connaught Place, Delhi"
REC001467,CASE0038,CDR,2023-07-19 05:00:00,+919814131487,+919820358872,356938059344509,486,"Connaught Place, Delhi"
REC001468,CASE0038,UPI,2023-07-19 09:00:00,rajesh.m31@paytm,meera.s74@icb,TXN753774,7500,N/A
REC001469,CASE0038,UPI,2023-07-19 14:00:00,meera.s74@icb,vikram.t4@okhdfcbank,TXN602191,48000,N/A
REC001470,CASE0039,UPI,2023-09-25 00:00:00,citypay16@okhdfcbank,amitpay60@okhdfcbank,TXN234226,3000,N/A
REC001471,CASE0039,CDR,2023-09-25 18:00:00,+919871788794,+919899150955,356938089857361,371,"Whitefield, Bengaluru"
REC001472,CASE0039,CDR,2023-09-26 00:00:00,+919871788794,+919899150955,356938089857361,486,"Salt Lake, Kolkata"
REC001473,CASE0039,UPI,2023-09-26 00:00:00,citypay16@okhdfcbank,meera.s1@ybl,TXN210239,500,N/A
REC001474,CASE0039,UPI,2023-09-27 05:00:00,citypay16@okhdfcbank,amitpay60@okhdfcbank,TXN212889,1200,N/A
REC001475,CASE0039,UPI,2023-09-27 09:00:00,kavita.n44@icb,citypay16@okhdfcbank,TXN713110,500,N/A
REC001476,CASE0039,UPI,2023-09-27 12:00:00,kavita.n44@icb,citypay16@okhdfcbank,TXN211011,7500,N/A
REC001477,CASE0039,CDR,2023-09-27 16:00:00,+919871788794,+919899150955,356938089857361,28,"Connaught Place, Delhi"
REC001478,CASE0039,CDR,2023-09-27 17:00:00,+919871788794,+919864400864,356938089857361,203,"Sector 15, Gurugram"
REC001479,CASE0039,UPI,2023-09-28 09:00:00,kavita.n44@icb,citypay16@okhdfcbank,TXN552459,3000,N/A
REC001480,CASE0039,UPI,2023-09-28 11:00:00,citypay16@okhdfcbank,meera.s1@ybl,TXN270215,48000,N/A
REC001481,CASE0039,CDR,2023-09-28 16:00:00,+919871788794,+919828072345,356938089857361,27,"Whitefield, Bengaluru"
REC001482,CASE0039,CDR,2023-09-28 17:00:00,+919871788794,+919864400864,356938089857361,88,"Connaught Place, Delhi"
REC001483,CASE0039,UPI,2023-09-29 06:00:00,citypay16@okhdfcbank,amitpay60@okhdfcbank,TXN439763,7500,N/A
REC001484,CASE0039,CDR,2023-09-29 08:00:00,+919871788794,+919899150955,356938089857361,147,"Salt Lake, Kolkata"
REC001485,CASE0039,CDR,2023-09-29 08:00:00,+919871788794,+919899150955,356938089857361,301,"Anna Nagar, Chennai"
REC001486,CASE0039,UPI,2023-09-29 09:00:00,citypay16@okhdfcbank,traders2429@okhdfcbank,TXN549871,1200,N/A
REC001487,CASE0039,UPI,2023-09-29 17:00:00,citypay16@okhdfcbank,amitpay60@okhdfcbank,TXN849275,500,N/A
REC001488,CASE0039,CDR,2023-09-29 19:00:00,+919871788794,+919852863333,356938089857361,135,"Cyber City, Gurugram"
REC001489,CASE0039,CDR,2023-09-30 16:00:00,+919871788794,+919874601795,356938089857361,371,"Kothrud, Pune"
REC001490,CASE0039,UPI,2023-09-30 17:00:00,citypay16@okhdfcbank,anita.r3@okhdfcbank,TXN253418,48000,N/A
REC001491,CASE0039,CDR,2023-09-30 22:00:00,+919871788794,+919869155542,356938089857361,499,"Banjara Hills, Hyderabad"
REC001492,CASE0039,CDR,2023-10-01 04:00:00,+919871788794,+919864400864,356938089857361,136,"Kothrud, Pune"
REC001493,CASE0039,CDR,2023-10-01 20:00:00,+919871788794,+919874601795,356938089857361,52,"Anna Nagar, Chennai"
REC001494,CASE0039,CDR,2023-10-02 03:00:00,+919871788794,+919852863333,356938089857361,446,"Whitefield, Bengaluru"
REC001495,CASE0039,CDR,2023-10-02 13:00:00,+919871788794,+919899150955,356938089857361,349,"Vaishali Nagar, Jaipur"
REC001496,CASE0039,CDR,2023-10-02 21:00:00,+919871788794,+919852863333,356938089857361,424,"Vaishali Nagar, Jaipur"
REC001497,CASE0039,UPI,2023-10-03 01:00:00,kavita.n44@icb,citypay16@okhdfcbank,TXN987345,3000,N/A
REC001498,CASE0039,UPI,2023-10-03 11:00:00,citypay16@okhdfcbank,anita.r3@okhdfcbank,TXN812509,22000,N/A
REC001499,CASE0039,UPI,2023-10-04 01:00:00,citypay16@okhdfcbank,anita.r3@okhdfcbank,TXN125801,15000,N/A
REC001500,CASE0039,CDR,2023-10-04 08:00:00,+919871788794,+919899150955,356938089857361,146,"Sector 15, Gurugram"
REC001501,CASE0039,UPI,2023-10-04 20:00:00,citypay16@okhdfcbank,traders2429@okhdfcbank,TXN294056,7500,N/A
REC001502,CASE0039,CDR,2023-10-04 21:00:00,+919871788794,+919869155542,356938089857361,287,"Whitefield, Bengaluru"
REC001503,CASE0039,CDR,2023-10-04 23:00:00,+919871788794,+919899150955,356938089857361,189,"Vaishali Nagar, Jaipur"
REC001504,CASE0040,CDR,2024-11-16 21:00:00,+919852196776,+919814172770,356938029672748,399,"Andheri East, Mumbai"
REC001505,CASE0040,UPI,2024-11-17 00:00:00,freshmart65@paytm,meera.s77@okhdfcbank,TXN667687,500,N/A
REC001506,CASE0040,UPI,2024-11-18 08:00:00,meera.s77@okhdfcbank,nikhil.j46@icb,TXN986363,500,N/A
REC001507,CASE0040,CDR,2024-11-18 09:00:00,+919852196776,+919814172770,356938029672748,181,"Salt Lake, Kolkata"
REC001508,CASE0040,UPI,2024-11-18 10:00:00,meera.s77@okhdfcbank,sunita.d21@paytm,TXN180554,500,N/A
REC001509,CASE0040,UPI,2024-11-18 10:00:00,meera.s77@okhdfcbank,sunita.d21@paytm,TXN513918,1200,N/A
REC001510,CASE0040,UPI,2024-11-18 10:00:00,meera.s77@okhdfcbank,nikhil.j19@okhdfcbank,TXN781114,500,N/A
REC001511,CASE0040,CDR,2024-11-18 20:00:00,+919852196776,+919825539337,356938029672748,486,"Kothrud, Pune"
REC001512,CASE0040,UPI,2024-11-18 20:00:00,freshmart65@paytm,meera.s77@okhdfcbank,TXN773190,48000,N/A
REC001513,CASE0040,UPI,2024-11-19 14:00:00,meera.s77@okhdfcbank,nikhil.j46@icb,TXN880576,7500,N/A
REC001514,CASE0040,UPI,2024-11-19 14:00:00,meera.s77@okhdfcbank,nikhil.j46@icb,TXN570439,3000,N/A
REC001515,CASE0040,CDR,2024-11-20 03:00:00,+919852196776,+919868233551,356938029672748,464,"Kothrud, Pune"
REC001516,CASE0040,CDR,2024-11-20 04:00:00,+919852196776,+919825539337,356938029672748,45,"Salt Lake, Kolkata"
REC001517,CASE0040,CDR,2024-11-20 05:00:00,+919852196776,+919825539337,356938029672748,128,"Connaught Place, Delhi"
REC001518,CASE0040,CDR,2024-11-20 10:00:00,+919852196776,+919825539337,356938029672748,72,"Vaishali Nagar, Jaipur"
REC001519,CASE0040,CDR,2024-11-20 15:00:00,+919852196776,+919880040910,356938029672748,80,"Kothrud, Pune"
REC001520,CASE0040,CDR,2024-11-20 23:00:00,+919852196776,+919868233551,356938029672748,162,"Salt Lake, Kolkata"
REC001521,CASE0040,UPI,2024-11-21 04:00:00,freshmart65@paytm,meera.s77@okhdfcbank,TXN851661,500,N/A
REC001522,CASE0040,UPI,2024-11-21 10:00:00,meera.s77@okhdfcbank,nikhil.j19@okhdfcbank,TXN328535,15000,N/A
REC001523,CASE0040,CDR,2024-11-21 13:00:00,+919852196776,+919868233551,356938029672748,407,"Andheri East, Mumbai"
REC001524,CASE0040,CDR,2024-11-22 04:00:00,+919852196776,+919814172770,356938029672748,286,"Sector 15, Gurugram"
REC001525,CASE0040,CDR,2024-11-23 07:00:00,+919852196776,+919861908630,356938029672748,326,"Sector 15, Gurugram"
REC001526,CASE0040,CDR,2024-11-23 08:00:00,+919852196776,+919893843035,356938029672748,227,"Anna Nagar, Chennai"
REC001527,CASE0040,UPI,2024-11-23 11:00:00,meera.s77@okhdfcbank,nikhil.j46@icb,TXN424292,500,N/A
REC001528,CASE0040,UPI,2024-11-23 16:00:00,freshmart65@paytm,meera.s77@okhdfcbank,TXN749271,15000,N/A
REC001529,CASE0040,UPI,2024-11-23 19:00:00,meera.s77@okhdfcbank,freshmart68@paytm,TXN315922,500,N/A
REC001530,CASE0040,UPI,2024-11-23 19:00:00,meera.s77@okhdfcbank,nikhil.j46@icb,TXN177085,500,N/A
REC001531,CASE0040,CDR,2024-11-24 05:00:00,+919852196776,+919868233551,356938029672748,477,"Vaishali Nagar, Jaipur"
REC001532,CASE0040,CDR,2024-11-24 10:00:00,+919852196776,+919868233551,356938029672748,152,"Sector 15, Gurugram"
REC001533,CASE0040,CDR,2024-11-24 15:00:00,+919852196776,+919825539337,356938029672748,419,"Connaught Place, Delhi"
REC001534,CASE0040,CDR,2024-11-24 16:00:00,+919852196776,+919825539337,356938029672748,17,"Kothrud, Pune"
REC001535,CASE0040,CDR,2024-11-24 19:00:00,+919852196776,+919882356535,356938029672748,116,"Whitefield, Bengaluru"
REC001536,CASE0040,CDR,2024-11-24 20:00:00,+919852196776,+919880040910,356938029672748,279,"Andheri East, Mumbai"
REC001537,CASE0040,UPI,2024-11-25 01:00:00,freshmart65@paytm,meera.s77@okhdfcbank,TXN506637,15000,N/A
REC001538,CASE0040,CDR,2024-11-25 12:00:00,+919852196776,+919861908630,356938029672748,24,"Connaught Place, Delhi"
REC001539,CASE0041,CDR,2024-05-21 04:00:00,+919820845637,+919872187810,356938004352645,360,"Connaught Place, Delhi"
REC001540,CASE0041,CDR,2024-05-21 16:00:00,+919820845637,+919834691634,356938004352645,490,"Kothrud, Pune"
REC001541,CASE0041,CDR,2024-05-22 02:00:00,+919820845637,+919808497031,356938004352645,204,"Andheri East, Mumbai"
REC001542,CASE0041,UPI,2024-05-22 17:00:00,traders2442@upi,anita.r27@upi,TXN413227,500,N/A
REC001543,CASE0041,CDR,2024-05-22 18:00:00,+919820845637,+919834691634,356938004352645,218,"Vaishali Nagar, Jaipur"
REC001544,CASE0041,UPI,2024-05-23 04:00:00,traders2442@upi,rajesh.m64@okhdfcbank,TXN518834,3000,N/A
REC001545,CASE0041,CDR,2024-05-23 08:00:00,+919820845637,+919866168222,356938004352645,378,"Connaught Place, Delhi"
REC001546,CASE0041,CDR,2024-05-24 04:00:00,+919820845637,+919808497031,356938004352645,119,"Andheri East, Mumbai"
REC001547,CASE0041,UPI,2024-05-24 09:00:00,pooja.b59@upi,traders2442@upi,TXN532129,7500,N/A
REC001548,CASE0041,CDR,2024-05-24 15:00:00,+919820845637,+919881039411,356938004352645,499,"Banjara Hills, Hyderabad"
REC001549,CASE0041,CDR,2024-05-24 17:00:00,+919820845637,+919866168222,356938004352645,468,"Salt Lake, Kolkata"
REC001550,CASE0041,UPI,2024-05-24 21:00:00,pooja.b59@upi,traders2442@upi,TXN468844,48000,N/A
REC001551,CASE0041,UPI,2024-05-25 02:00:00,pooja.b59@upi,traders2442@upi,TXN691637,7500,N/A
REC001552,CASE0041,UPI,2024-05-25 17:00:00,traders2442@upi,anita.r19@paytm,TXN624378,3000,N/A
REC001553,CASE0041,UPI,2024-05-25 18:00:00,traders2442@upi,sanjay.p20@upi,TXN785272,7500,N/A
REC001554,CASE0041,UPI,2024-05-25 21:00:00,pooja.b59@upi,traders2442@upi,TXN686579,500,N/A
REC001555,CASE0041,CDR,2024-05-26 05:00:00,+919820845637,+919808497031,356938004352645,233,"Banjara Hills, Hyderabad"
REC001556,CASE0041,UPI,2024-05-26 05:00:00,traders2442@upi,sanjay.p20@upi,TXN280023,7500,N/A
REC001557,CASE0041,UPI,2024-05-26 15:00:00,pooja.b59@upi,traders2442@upi,TXN748906,1200,N/A
REC001558,CASE0041,CDR,2024-05-27 00:00:00,+919820845637,+919827513964,356938004352645,301,"Kothrud, Pune"
REC001559,CASE0041,CDR,2024-05-27 03:00:00,+919820845637,+919834691634,356938004352645,322,"Connaught Place, Delhi"
REC001560,CASE0041,UPI,2024-05-27 05:00:00,traders2442@upi,sanjay.p20@upi,TXN773086,15000,N/A
REC001561,CASE0041,UPI,2024-05-27 10:00:00,traders2442@upi,sanjay.p20@upi,TXN256388,1200,N/A
REC001562,CASE0041,CDR,2024-05-27 23:00:00,+919820845637,+919866168222,356938004352645,59,"Andheri East, Mumbai"
REC001563,CASE0041,UPI,2024-05-28 12:00:00,pooja.b59@upi,traders2442@upi,TXN416278,7500,N/A
REC001564,CASE0041,UPI,2024-05-29 12:00:00,traders2442@upi,anita.r19@paytm,TXN829890,500,N/A
REC001565,CASE0041,CDR,2024-05-29 22:00:00,+919820845637,+919866168222,356938004352645,98,"Kothrud, Pune"
REC001566,CASE0041,CDR,2024-05-30 16:00:00,+919820845637,+919866168222,356938004352645,425,"Sector 15, Gurugram"
REC001567,CASE0041,CDR,2024-05-30 16:00:00,+919820845637,+919852983996,356938004352645,235,"Vaishali Nagar, Jaipur"
REC001568,CASE0041,CDR,2024-05-30 23:00:00,+919820845637,+919834691634,356938004352645,230,"Kothrud, Pune"
REC001569,CASE0042,CDR,2025-05-06 01:00:00,+919835028991,+919838941490,356938045674685,83,"Anna Nagar, Chennai"
REC001570,CASE0042,CDR,2025-05-06 02:00:00,+919835028991,+919868411157,356938045674685,104,"Whitefield, Bengaluru"
REC001571,CASE0042,CDR,2025-05-06 03:00:00,+919835028991,+919833742781,356938045674685,327,"Vaishali Nagar, Jaipur"
REC001572,CASE0042,CDR,2025-05-06 09:00:00,+919835028991,+919868411157,356938045674685,66,"Andheri East, Mumbai"
REC001573,CASE0042,CDR,2025-05-06 13:00:00,+919835028991,+919837175427,356938045674685,149,"Anna Nagar, Chennai"
REC001574,CASE0042,UPI,2025-05-06 18:00:00,rajesh.m36@okhdfcbank,vikram.t61@icb,TXN127349,48000,N/A
REC001575,CASE0042,CDR,2025-05-06 22:00:00,+919835028991,+919842329897,356938045674685,53,"Banjara Hills, Hyderabad"
REC001576,CASE0042,UPI,2025-05-06 22:00:00,rajesh.m36@okhdfcbank,sunita.d41@paytm,TXN474961,1200,N/A
REC001577,CASE0042,CDR,2025-05-06 23:00:00,+919835028991,+919833742781,356938045674685,182,"Connaught Place, Delhi"
REC001578,CASE0042,CDR,2025-05-07 00:00:00,+919835028991,+919868411157,356938045674685,399,"Connaught Place, Delhi"
REC001579,CASE0042,CDR,2025-05-07 00:00:00,+919835028991,+919833742781,356938045674685,187,"Andheri East, Mumbai"
REC001580,CASE0042,CDR,2025-05-07 02:00:00,+919835028991,+919820239792,356938045674685,248,"Salt Lake, Kolkata"
REC001581,CASE0042,UPI,2025-05-07 02:00:00,rajesh.m61@icb,rajesh.m36@okhdfcbank,TXN641188,3000,N/A
REC001582,CASE0042,CDR,2025-05-07 06:00:00,+919835028991,+919837470164,356938045674685,69,"Salt Lake, Kolkata"
REC001583,CASE0042,UPI,2025-05-07 10:00:00,rajesh.m36@okhdfcbank,quickcash40@ybl,TXN360045,3000,N/A
REC001584,CASE0042,CDR,2025-05-07 11:00:00,+919835028991,+919837175427,356938045674685,274,"Andheri East, Mumbai"
REC001585,CASE0042,UPI,2025-05-07 14:00:00,rajesh.m61@icb,rajesh.m36@okhdfcbank,TXN632261,3000,N/A
REC001586,CASE0042,UPI,2025-05-07 21:00:00,rajesh.m36@okhdfcbank,vikram.t61@icb,TXN876442,500,N/A
REC001587,CASE0042,CDR,2025-05-07 22:00:00,+919835028991,+919838941490,356938045674685,115,"Anna Nagar, Chennai"
REC001588,CASE0042,CDR,2025-05-07 23:00:00,+919835028991,+919837175427,356938045674685,158,"Banjara Hills, Hyderabad"
REC001589,CASE0042,CDR,2025-05-08 06:00:00,+919835028991,+919837175427,356938045674685,369,"Cyber City, Gurugram"
REC001590,CASE0042,CDR,2025-05-08 10:00:00,+919835028991,+919837175427,356938045674685,39,"Salt Lake, Kolkata"
REC001591,CASE0042,UPI,2025-05-08 10:00:00,rajesh.m36@okhdfcbank,sunita.d41@paytm,TXN713776,48000,N/A
REC001592,CASE0042,CDR,2025-05-08 14:00:00,+919835028991,+919838941490,356938045674685,265,"Connaught Place, Delhi"
REC001593,CASE0042,CDR,2025-05-08 17:00:00,+919835028991,+919833742781,356938045674685,395,"Connaught Place, Delhi"
REC001594,CASE0042,UPI,2025-05-08 17:00:00,rajesh.m61@icb,rajesh.m36@okhdfcbank,TXN130523,15000,N/A
REC001595,CASE0042,UPI,2025-05-08 19:00:00,rajesh.m36@okhdfcbank,vikram.t27@okhdfcbank,TXN496403,3000,N/A
REC001596,CASE0042,UPI,2025-05-09 00:00:00,rajesh.m61@icb,rajesh.m36@okhdfcbank,TXN156148,7500,N/A
REC001597,CASE0042,UPI,2025-05-09 01:00:00,rajesh.m61@icb,rajesh.m36@okhdfcbank,TXN935039,7500,N/A
REC001598,CASE0042,UPI,2025-05-09 08:00:00,rajesh.m36@okhdfcbank,sunita.d41@paytm,TXN960539,48000,N/A
REC001599,CASE0042,CDR,2025-05-10 03:00:00,+919835028991,+919820239792,356938045674685,245,"Cyber City, Gurugram"
REC001600,CASE0042,UPI,2025-05-10 04:00:00,rajesh.m61@icb,rajesh.m36@okhdfcbank,TXN470863,1200,N/A
REC001601,CASE0042,CDR,2025-05-10 11:00:00,+919835028991,+919833742781,356938045674685,274,"Kothrud, Pune"
REC001602,CASE0042,CDR,2025-05-10 12:00:00,+919835028991,+919837175427,356938045674685,129,"Connaught Place, Delhi"
REC001603,CASE0042,UPI,2025-05-10 22:00:00,rajesh.m36@okhdfcbank,sunita.d41@paytm,TXN289971,500,N/A
REC001604,CASE0042,UPI,2025-05-10 23:00:00,rajesh.m36@okhdfcbank,vikram.t61@icb,TXN402747,500,N/A
REC001605,CASE0042,UPI,2025-05-11 07:00:00,rajesh.m61@icb,rajesh.m36@okhdfcbank,TXN445478,3000,N/A
REC001606,CASE0042,CDR,2025-05-11 10:00:00,+919835028991,+919868411157,356938045674685,257,"Anna Nagar, Chennai"
REC001607,CASE0042,CDR,2025-05-11 12:00:00,+919835028991,+919837470164,356938045674685,417,"Cyber City, Gurugram"
REC001608,CASE0042,CDR,2025-05-11 13:00:00,+919835028991,+919820239792,356938045674685,65,"Sector 15, Gurugram"
REC001609,CASE0042,UPI,2025-05-11 19:00:00,rajesh.m61@icb,rajesh.m36@okhdfcbank,TXN599576,500,N/A
REC001610,CASE0042,CDR,2025-05-11 23:00:00,+919835028991,+919838941490,356938045674685,439,"Sector 15, Gurugram"
REC001611,CASE0042,CDR,2025-05-12 02:00:00,+919835028991,+919820239792,356938045674685,122,"Connaught Place, Delhi"
REC001612,CASE0042,UPI,2025-05-12 02:00:00,rajesh.m36@okhdfcbank,sunita.d41@paytm,TXN681343,22000,N/A
REC001613,CASE0042,UPI,2025-05-12 04:00:00,rajesh.m36@okhdfcbank,vikram.t61@icb,TXN692932,7500,N/A
REC001614,CASE0042,UPI,2025-05-12 05:00:00,rajesh.m36@okhdfcbank,sunita.d41@paytm,TXN113158,22000,N/A
REC001615,CASE0042,CDR,2025-05-12 18:00:00,+919835028991,+919838941490,356938045674685,39,"Salt Lake, Kolkata"
REC001616,CASE0042,CDR,2025-05-13 23:00:00,+919835028991,+919837470164,356938045674685,443,"Salt Lake, Kolkata"
REC001617,CASE0042,UPI,2025-05-14 03:00:00,rajesh.m61@icb,rajesh.m36@okhdfcbank,TXN510370,500,N/A
REC001618,CASE0042,CDR,2025-05-14 04:00:00,+919835028991,+919833742781,356938045674685,368,"Sector 15, Gurugram"
REC001619,CASE0042,CDR,2025-05-14 17:00:00,+919835028991,+919838941490,356938045674685,79,"Kothrud, Pune"
REC001620,CASE0042,UPI,2025-05-15 02:00:00,rajesh.m61@icb,rajesh.m36@okhdfcbank,TXN811273,7500,N/A
REC001621,CASE0042,UPI,2025-05-15 03:00:00,rajesh.m61@icb,rajesh.m36@okhdfcbank,TXN771035,22000,N/A
REC001622,CASE0042,CDR,2025-05-15 05:00:00,+919835028991,+919820239792,356938045674685,78,"Vaishali Nagar, Jaipur"
REC001623,CASE0042,UPI,2025-05-15 05:00:00,rajesh.m61@icb,rajesh.m36@okhdfcbank,TXN902243,48000,N/A
REC001624,CASE0042,UPI,2025-05-15 10:00:00,rajesh.m36@okhdfcbank,quickcash40@ybl,TXN747019,7500,N/A
REC001625,CASE0042,CDR,2025-05-15 11:00:00,+919835028991,+919833742781,356938045674685,245,"Cyber City, Gurugram"
REC001626,CASE0042,UPI,2025-05-15 19:00:00,rajesh.m36@okhdfcbank,vikram.t61@icb,TXN642689,3000,N/A
REC001627,CASE0043,UPI,2024-12-18 03:00:00,quickcash1@icb,amitpay70@upi,TXN765977,1200,N/A
REC001628,CASE0043,CDR,2024-12-18 05:00:00,+919869198006,+919837946483,356938078092051,476,"Salt Lake, Kolkata"
REC001629,CASE0043,UPI,2024-12-18 15:00:00,quickcash1@icb,amitpay70@upi,TXN638806,22000,N/A
REC001630,CASE0043,CDR,2024-12-18 17:00:00,+919869198006,+919818971995,356938078092051,198,"Connaught Place, Delhi"
REC001631,CASE0043,CDR,2024-12-18 19:00:00,+919869198006,+919837946483,356938078092051,271,"Connaught Place, Delhi"
REC001632,CASE0043,CDR,2024-12-19 02:00:00,+919869198006,+919818971995,356938078092051,198,"Whitefield, Bengaluru"
REC001633,CASE0043,CDR,2024-12-19 08:00:00,+919869198006,+919822475614,356938078092051,173,"Whitefield, Bengaluru"
REC001634,CASE0043,CDR,2024-12-19 08:00:00,+919869198006,+919828278544,356938078092051,500,"Kothrud, Pune"
REC001635,CASE0043,CDR,2024-12-19 16:00:00,+919869198006,+919828278544,356938078092051,452,"Andheri East, Mumbai"
REC001636,CASE0043,UPI,2024-12-20 00:00:00,amitpay70@upi,meera.s63@upi,TXN624690,7500,N/A
REC001637,CASE0043,UPI,2024-12-20 00:00:00,amitpay70@upi,deepa.v14@icb,TXN454805,500,N/A
REC001638,CASE0043,CDR,2024-12-20 17:00:00,+919869198006,+919818971995,356938078092051,225,"Salt Lake, Kolkata"
REC001639,CASE0043,CDR,2024-12-20 22:00:00,+919869198006,+919837946483,356938078092051,278,"Andheri East, Mumbai"
REC001640,CASE0043,CDR,2024-12-21 00:00:00,+919869198006,+919828278544,356938078092051,427,"Connaught Place, Delhi"
REC001641,CASE0043,CDR,2024-12-21 03:00:00,+919869198006,+919831476522,356938078092051,431,"Kothrud, Pune"
REC001642,CASE0043,UPI,2024-12-21 11:00:00,amitpay70@upi,deepa.v14@icb,TXN404798,7500,N/A
REC001643,CASE0043,UPI,2024-12-21 11:00:00,amitpay70@upi,deepa.v14@icb,TXN476107,7500,N/A
REC001644,CASE0043,CDR,2024-12-21 20:00:00,+919869198006,+919837946483,356938078092051,54,"Anna Nagar, Chennai"
REC001645,CASE0043,UPI,2024-12-21 21:00:00,amitpay70@upi,meera.s63@upi,TXN321614,500,N/A
REC001646,CASE0043,UPI,2024-12-21 21:00:00,amitpay70@upi,deepa.v14@icb,TXN761086,7500,N/A
REC001647,CASE0043,UPI,2024-12-21 22:00:00,amitpay70@upi,deepa.v14@icb,TXN470937,22000,N/A
REC001648,CASE0043,CDR,2024-12-22 01:00:00,+919869198006,+919818971995,356938078092051,146,"Kothrud, Pune"
REC001649,CASE0043,UPI,2024-12-22 22:00:00,amitpay70@upi,meera.s63@upi,TXN389614,48000,N/A
REC001650,CASE0043,CDR,2024-12-23 07:00:00,+919869198006,+919822475614,356938078092051,147,"Andheri East, Mumbai"
REC001651,CASE0043,UPI,2024-12-23 12:00:00,quickcash1@icb,amitpay70@upi,TXN896674,48000,N/A
REC001652,CASE0043,UPI,2024-12-23 17:00:00,quickcash1@icb,amitpay70@upi,TXN164657,7500,N/A
REC001653,CASE0043,CDR,2024-12-23 19:00:00,+919869198006,+919837946483,356938078092051,465,"Vaishali Nagar, Jaipur"
REC001654,CASE0043,UPI,2024-12-23 20:00:00,amitpay70@upi,meera.s63@upi,TXN785620,15000,N/A
REC001655,CASE0043,CDR,2024-12-24 05:00:00,+919869198006,+919825270321,356938078092051,52,"Vaishali Nagar, Jaipur"
REC001656,CASE0043,UPI,2024-12-24 11:00:00,quickcash1@icb,amitpay70@upi,TXN925658,48000,N/A
REC001657,CASE0043,CDR,2024-12-24 22:00:00,+919869198006,+919825270321,356938078092051,324,"Whitefield, Bengaluru"
REC001658,CASE0043,CDR,2024-12-24 23:00:00,+919869198006,+919818971995,356938078092051,360,"Salt Lake, Kolkata"
REC001659,CASE0043,CDR,2024-12-25 07:00:00,+919869198006,+919819865715,356938078092051,265,"Banjara Hills, Hyderabad"
REC001660,CASE0043,CDR,2024-12-25 07:00:00,+919869198006,+919825270321,356938078092051,288,"Sector 15, Gurugram"
REC001661,CASE0043,UPI,2024-12-25 09:00:00,amitpay70@upi,traders247@okhdfcbank,TXN545913,3000,N/A
REC001662,CASE0043,UPI,2024-12-26 09:00:00,amitpay70@upi,pooja.b8@ybl,TXN616096,500,N/A
REC001663,CASE0043,CDR,2024-12-26 13:00:00,+919869198006,+919822475614,356938078092051,121,"Kothrud, Pune"
REC001664,CASE0043,CDR,2024-12-26 13:00:00,+919869198006,+919822475614,356938078092051,46,"Salt Lake, Kolkata"
REC001665,CASE0043,CDR,2024-12-26 21:00:00,+919869198006,+919822475614,356938078092051,253,"Vaishali Nagar, Jaipur"
REC001666,CASE0043,CDR,2024-12-26 21:00:00,+919869198006,+919831476522,356938078092051,447,"Andheri East, Mumbai"
REC001667,CASE0043,CDR,2024-12-27 02:00:00,+919869198006,+919818971995,356938078092051,305,"Kothrud, Pune"
REC001668,CASE0043,CDR,2024-12-27 16:00:00,+919869198006,+919818971995,356938078092051,349,"Salt Lake, Kolkata"
REC001669,CASE0043,UPI,2024-12-27 22:00:00,amitpay70@upi,deepa.v14@icb,TXN172174,22000,N/A
REC001670,CASE0044,UPI,2023-05-25 04:00:00,rajesh.m91@upi,citypay14@paytm,TXN973602,1200,N/A
REC001671,CASE0044,CDR,2023-05-25 05:00:00,+919832881660,+919846358814,356938006208248,456,"Cyber City, Gurugram"
REC001672,CASE0044,CDR,2023-05-25 11:00:00,+919832881660,+919876543798,356938006208248,496,"Cyber City, Gurugram"
REC001673,CASE0044,CDR,2023-05-25 16:00:00,+919832881660,+919832729411,356938006208248,467,"Kothrud, Pune"
REC001674,CASE0044,CDR,2023-05-25 20:00:00,+919832881660,+919846358814,356938006208248,264,"Kothrud, Pune"
REC001675,CASE0044,UPI,2023-05-25 23:00:00,rajesh.m91@upi,citypay14@paytm,TXN890365,48000,N/A
REC001676,CASE0044,UPI,2023-05-26 08:00:00,rajesh.m91@upi,citypay14@paytm,TXN718601,1200,N/A
REC001677,CASE0044,CDR,2023-05-26 18:00:00,+919832881660,+919866568408,356938006208248,236,"Sector 15, Gurugram"
REC001678,CASE0044,CDR,2023-05-27 01:00:00,+919832881660,+919866568408,356938006208248,39,"Andheri East, Mumbai"
REC001679,CASE0044,CDR,2023-05-27 05:00:00,+919832881660,+919866568408,356938006208248,346,"Cyber City, Gurugram"
REC001680,CASE0044,CDR,2023-05-27 07:00:00,+919832881660,+919832729411,356938006208248,85,"Sector 15, Gurugram"
REC001681,CASE0044,UPI,2023-05-27 08:00:00,citypay14@paytm,pooja.b55@okhdfcbank,TXN687783,22000,N/A
REC001682,CASE0044,UPI,2023-05-27 08:00:00,rajesh.m91@upi,citypay14@paytm,TXN577520,1200,N/A
REC001683,CASE0044,CDR,2023-05-27 12:00:00,+919832881660,+919876543798,356938006208248,462,"Vaishali Nagar, Jaipur"
REC001684,CASE0044,UPI,2023-05-27 13:00:00,citypay14@paytm,pooja.b55@okhdfcbank,TXN655964,48000,N/A
REC001685,CASE0044,CDR,2023-05-27 23:00:00,+919832881660,+919866568408,356938006208248,234,"Anna Nagar, Chennai"
REC001686,CASE0044,CDR,2023-05-28 07:00:00,+919832881660,+919876543798,356938006208248,277,"Whitefield, Bengaluru"
REC001687,CASE0044,UPI,2023-05-28 14:00:00,citypay14@paytm,pooja.b55@okhdfcbank,TXN811857,7500,N/A
REC001688,CASE0044,CDR,2023-05-29 00:00:00,+919832881660,+919846358814,356938006208248,277,"Whitefield, Bengaluru"
REC001689,CASE0044,CDR,2023-05-29 02:00:00,+919832881660,+919832729411,356938006208248,311,"Salt Lake, Kolkata"
REC001690,CASE0044,UPI,2023-05-29 03:00:00,citypay14@paytm,pooja.b55@okhdfcbank,TXN846329,7500,N/A
REC001691,CASE0044,UPI,2023-05-29 05:00:00,rajesh.m91@upi,citypay14@paytm,TXN624760,48000,N/A
REC001692,CASE0044,CDR,2023-05-29 12:00:00,+919832881660,+919825292533,356938006208248,89,"Kothrud, Pune"
REC001693,CASE0044,UPI,2023-05-29 15:00:00,citypay14@paytm,pooja.b55@okhdfcbank,TXN529543,48000,N/A
REC001694,CASE0044,CDR,2023-05-30 01:00:00,+919832881660,+919876543798,356938006208248,496,"Banjara Hills, Hyderabad"
REC001695,CASE0044,UPI,2023-05-30 01:00:00,rajesh.m91@upi,citypay14@paytm,TXN227954,7500,N/A
REC001696,CASE0044,UPI,2023-05-30 05:00:00,citypay14@paytm,pooja.b55@okhdfcbank,TXN324360,48000,N/A
REC001697,CASE0044,CDR,2023-05-30 06:00:00,+919832881660,+919876543798,356938006208248,118,"Connaught Place, Delhi"
REC001698,CASE0044,CDR,2023-05-30 07:00:00,+919832881660,+919876543798,356938006208248,72,"Kothrud, Pune"
REC001699,CASE0044,CDR,2023-05-30 10:00:00,+919832881660,+919885350552,356938006208248,377,"Kothrud, Pune"
REC001700,CASE0044,UPI,2023-05-30 21:00:00,citypay14@paytm,pooja.b55@okhdfcbank,TXN240734,22000,N/A
REC001701,CASE0044,CDR,2023-05-30 22:00:00,+919832881660,+919866568408,356938006208248,181,"Sector 15, Gurugram"
REC001702,CASE0044,UPI,2023-05-31 03:00:00,rajesh.m91@upi,citypay14@paytm,TXN816131,500,N/A
REC001703,CASE0044,CDR,2023-05-31 05:00:00,+919832881660,+919866568408,356938006208248,165,"Anna Nagar, Chennai"
REC001704,CASE0044,UPI,2023-05-31 06:00:00,citypay14@paytm,nikhil.j95@icb,TXN374239,7500,N/A
REC001705,CASE0044,CDR,2023-05-31 14:00:00,+919832881660,+919876543798,356938006208248,238,"Cyber City, Gurugram"
REC001706,CASE0044,CDR,2023-05-31 22:00:00,+919832881660,+919876543798,356938006208248,36,"Connaught Place, Delhi"
REC001707,CASE0044,UPI,2023-06-01 05:00:00,citypay14@paytm,pooja.b55@okhdfcbank,TXN679910,3000,N/A
REC001708,CASE0044,CDR,2023-06-01 09:00:00,+919832881660,+919825292533,356938006208248,297,"Sector 15, Gurugram"
REC001709,CASE0044,CDR,2023-06-01 12:00:00,+919832881660,+919825292533,356938006208248,34,"Banjara Hills, Hyderabad"
REC001710,CASE0044,CDR,2023-06-02 02:00:00,+919832881660,+919866568408,356938006208248,348,"Andheri East, Mumbai"
REC001711,CASE0044,UPI,2023-06-02 05:00:00,citypay14@paytm,meera.s82@icb,TXN732438,500,N/A
REC001712,CASE0044,CDR,2023-06-02 06:00:00,+919832881660,+919885350552,356938006208248,457,"Salt Lake, Kolkata"
REC001713,CASE0044,UPI,2023-06-02 11:00:00,rajesh.m91@upi,citypay14@paytm,TXN709115,7500,N/A
REC001714,CASE0044,UPI,2023-06-02 11:00:00,citypay14@paytm,nikhil.j95@icb,TXN133349,500,N/A
REC001715,CASE0044,UPI,2023-06-02 22:00:00,citypay14@paytm,meera.s82@icb,TXN514384,3000,N/A
REC001716,CASE0044,CDR,2023-06-03 03:00:00,+919832881660,+919846358814,356938006208248,113,"Salt Lake, Kolkata"
REC001717,CASE0044,UPI,2023-06-03 03:00:00,rajesh.m91@upi,citypay14@paytm,TXN692442,15000,N/A
REC001718,CASE0044,CDR,2023-06-03 07:00:00,+919832881660,+919876543798,356938006208248,330,"Whitefield, Bengaluru"
REC001719,CASE0044,UPI,2023-06-03 16:00:00,rajesh.m91@upi,citypay14@paytm,TXN222975,1200,N/A
REC001720,CASE0045,CDR,2023-04-24 01:00:00,+919886726217,+919818091874,356938018755191,78,"Andheri East, Mumbai"
REC001721,CASE0045,UPI,2023-04-24 01:00:00,anita.r47@paytm,amitpay68@paytm,TXN685457,22000,N/A
REC001722,CASE0045,UPI,2023-04-24 01:00:00,anita.r47@paytm,amitpay91@upi,TXN558093,1200,N/A
REC001723,CASE0045,CDR,2023-04-24 02:00:00,+919886726217,+919884231135,356938018755191,388,"Salt Lake, Kolkata"
REC001724,CASE0045,CDR,2023-04-24 22:00:00,+919886726217,+919884231135,356938018755191,448,"Whitefield, Bengaluru"
REC001725,CASE0045,UPI,2023-04-25 04:00:00,anita.r47@paytm,anita.r78@okhdfcbank,TXN173768,48000,N/A
REC001726,CASE0045,CDR,2023-04-25 11:00:00,+919886726217,+919867570354,356938018755191,168,"Sector 15, Gurugram"
REC001727,CASE0045,CDR,2023-04-25 14:00:00,+919886726217,+919818091874,356938018755191,432,"Kothrud, Pune"
REC001728,CASE0045,CDR,2023-04-25 17:00:00,+919886726217,+919867570354,356938018755191,400,"Whitefield, Bengaluru"
REC001729,CASE0045,UPI,2023-04-25 17:00:00,kavita.n58@paytm,anita.r47@paytm,TXN749053,3000,N/A
REC001730,CASE0045,CDR,2023-04-25 19:00:00,+919886726217,+919867570354,356938018755191,179,"Connaught Place, Delhi"
REC001731,CASE0045,CDR,2023-04-26 03:00:00,+919886726217,+919847606637,356938018755191,32,"Sector 15, Gurugram"
REC001732,CASE0045,CDR,2023-04-26 08:00:00,+919886726217,+919818091874,356938018755191,115,"Salt Lake, Kolkata"
REC001733,CASE0045,UPI,2023-04-26 18:00:00,anita.r47@paytm,amitpay91@upi,TXN611860,1200,N/A
REC001734,CASE0045,CDR,2023-04-26 19:00:00,+919886726217,+919821820485,356938018755191,53,"Kothrud, Pune"
REC001735,CASE0045,CDR,2023-04-26 20:00:00,+919886726217,+919818091874,356938018755191,57,"Salt Lake, Kolkata"
REC001736,CASE0045,UPI,2023-04-26 22:00:00,anita.r47@paytm,anita.r53@upi,TXN798811,15000,N/A
REC001737,CASE0045,CDR,2023-04-26 23:00:00,+919886726217,+919847606637,356938018755191,331,"Banjara Hills, Hyderabad"
REC001738,CASE0045,UPI,2023-04-27 16:00:00,anita.r47@paytm,anita.r78@okhdfcbank,TXN191649,500,N/A
REC001739,CASE0045,UPI,2023-04-27 17:00:00,anita.r47@paytm,anita.r78@okhdfcbank,TXN399327,3000,N/A
REC001740,CASE0045,CDR,2023-04-27 19:00:00,+919886726217,+919884231135,356938018755191,58,"Kothrud, Pune"
REC001741,CASE0045,UPI,2023-04-28 20:00:00,anita.r47@paytm,anita.r78@okhdfcbank,TXN412677,48000,N/A
REC001742,CASE0045,CDR,2023-04-28 23:00:00,+919886726217,+919837272359,356938018755191,461,"Kothrud, Pune"
REC001743,CASE0045,CDR,2023-04-29 00:00:00,+919886726217,+919867570354,356938018755191,192,"Vaishali Nagar, Jaipur"
REC001744,CASE0045,UPI,2023-04-29 00:00:00,anita.r47@paytm,amitpay91@upi,TXN632833,15000,N/A
REC001745,CASE0045,CDR,2023-04-29 02:00:00,+919886726217,+919837272359,356938018755191,424,"Cyber City, Gurugram"
REC001746,CASE0045,CDR,2023-04-29 09:00:00,+919886726217,+919884231135,356938018755191,338,"Andheri East, Mumbai"
REC001747,CASE0045,UPI,2023-04-29 12:00:00,anita.r47@paytm,anita.r53@upi,TXN373747,7500,N/A
REC001748,CASE0045,UPI,2023-04-29 18:00:00,anita.r47@paytm,amitpay68@paytm,TXN513677,48000,N/A
REC001749,CASE0045,CDR,2023-04-29 23:00:00,+919886726217,+919818091874,356938018755191,25,"Kothrud, Pune"
REC001750,CASE0045,CDR,2023-04-30 00:00:00,+919886726217,+919818091874,356938018755191,284,"Cyber City, Gurugram"
REC001751,CASE0045,CDR,2023-04-30 07:00:00,+919886726217,+919818091874,356938018755191,314,"Whitefield, Bengaluru"
REC001752,CASE0045,UPI,2023-04-30 08:00:00,anita.r47@paytm,anita.r53@upi,TXN369613,15000,N/A
REC001753,CASE0045,CDR,2023-04-30 13:00:00,+919886726217,+919847606637,356938018755191,181,"Connaught Place, Delhi"
REC001754,CASE0045,UPI,2023-04-30 15:00:00,anita.r47@paytm,anita.r53@upi,TXN958516,7500,N/A
REC001755,CASE0045,CDR,2023-05-01 13:00:00,+919886726217,+919818091874,356938018755191,92,"Cyber City, Gurugram"
REC001756,CASE0045,UPI,2023-05-01 20:00:00,anita.r47@paytm,amitpay68@paytm,TXN747930,7500,N/A
REC001757,CASE0045,CDR,2023-05-01 21:00:00,+919886726217,+919847606637,356938018755191,267,"Kothrud, Pune"
REC001758,CASE0045,UPI,2023-05-01 23:00:00,anita.r47@paytm,amitpay91@upi,TXN379579,15000,N/A
REC001759,CASE0045,UPI,2023-05-02 00:00:00,kavita.n58@paytm,anita.r47@paytm,TXN865720,22000,N/A
REC001760,CASE0045,CDR,2023-05-02 04:00:00,+919886726217,+919884231135,356938018755191,308,"Salt Lake, Kolkata"
REC001761,CASE0045,UPI,2023-05-02 06:00:00,kavita.n58@paytm,anita.r47@paytm,TXN635002,1200,N/A
REC001762,CASE0045,UPI,2023-05-02 22:00:00,kavita.n58@paytm,anita.r47@paytm,TXN644118,7500,N/A
REC001763,CASE0045,UPI,2023-05-02 22:00:00,kavita.n58@paytm,anita.r47@paytm,TXN132793,48000,N/A
REC001764,CASE0045,CDR,2023-05-02 23:00:00,+919886726217,+919847606637,356938018755191,102,"Vaishali Nagar, Jaipur"
REC001765,CASE0045,UPI,2023-05-03 00:00:00,kavita.n58@paytm,anita.r47@paytm,TXN456231,22000,N/A
REC001766,CASE0045,UPI,2023-05-03 10:00:00,kavita.n58@paytm,anita.r47@paytm,TXN376919,22000,N/A
REC001767,CASE0045,CDR,2023-05-03 17:00:00,+919886726217,+919824378391,356938018755191,34,"Cyber City, Gurugram"
REC001768,CASE0045,CDR,2023-05-03 18:00:00,+919886726217,+919847606637,356938018755191,473,"Andheri East, Mumbai"
REC001769,CASE0045,UPI,2023-05-03 18:00:00,anita.r47@paytm,amitpay91@upi,TXN701095,1200,N/A
REC001770,CASE0045,CDR,2023-05-03 20:00:00,+919886726217,+919818091874,356938018755191,496,"Banjara Hills, Hyderabad"
REC001771,CASE0045,UPI,2023-05-03 22:00:00,anita.r47@paytm,amitpay68@paytm,TXN797305,15000,N/A
REC001772,CASE0046,CDR,2024-02-28 01:00:00,+919811383581,+919855117499,356938001935325,281,"Cyber City, Gurugram"
REC001773,CASE0046,UPI,2024-02-28 01:00:00,meera.s58@upi,nikhil.j73@upi,TXN431979,3000,N/A
REC001774,CASE0046,CDR,2024-02-28 10:00:00,+919811383581,+919865728974,356938001935325,426,"Vaishali Nagar, Jaipur"
REC001775,CASE0046,CDR,2024-02-28 20:00:00,+919811383581,+919855117499,356938001935325,38,"Connaught Place, Delhi"
REC001776,CASE0046,UPI,2024-02-29 09:00:00,nikhil.j73@upi,rajesh.m65@icb,TXN336493,1200,N/A
REC001777,CASE0046,CDR,2024-02-29 20:00:00,+919811383581,+919842558909,356938001935325,187,"Anna Nagar, Chennai"
REC001778,CASE0046,CDR,2024-03-01 05:00:00,+919811383581,+919865728974,356938001935325,275,"Anna Nagar, Chennai"
REC001779,CASE0046,CDR,2024-03-01 11:00:00,+919811383581,+919855117499,356938001935325,259,"Andheri East, Mumbai"
REC001780,CASE0046,UPI,2024-03-01 14:00:00,nikhil.j73@upi,pooja.b9@upi,TXN661176,22000,N/A
REC001781,CASE0046,UPI,2024-03-02 02:00:00,nikhil.j73@upi,rajesh.m65@icb,TXN647769,500,N/A
REC001782,CASE0046,CDR,2024-03-02 04:00:00,+919811383581,+919842558909,356938001935325,434,"Banjara Hills, Hyderabad"
REC001783,CASE0046,UPI,2024-03-02 18:00:00,meera.s58@upi,nikhil.j73@upi,TXN408830,7500,N/A
REC001784,CASE0046,UPI,2024-03-02 20:00:00,meera.s58@upi,nikhil.j73@upi,TXN487181,1200,N/A
REC001785,CASE0046,CDR,2024-03-02 21:00:00,+919811383581,+919886894446,356938001935325,79,"Sector 15, Gurugram"
REC001786,CASE0046,CDR,2024-03-03 02:00:00,+919811383581,+919821371080,356938001935325,337,"Anna Nagar, Chennai"
REC001787,CASE0046,UPI,2024-03-04 08:00:00,nikhil.j73@upi,traders2437@ybl,TXN907651,22000,N/A
REC001788,CASE0046,CDR,2024-03-04 12:00:00,+919811383581,+919821371080,356938001935325,124,"Vaishali Nagar, Jaipur"
REC001789,CASE0046,CDR,2024-03-04 16:00:00,+919811383581,+919851298149,356938001935325,157,"Andheri East, Mumbai"
REC001790,CASE0046,CDR,2024-03-05 05:00:00,+919811383581,+919842558909,356938001935325,232,"Cyber City, Gurugram"
REC001791,CASE0046,CDR,2024-03-05 08:00:00,+919811383581,+919855117499,356938001935325,395,"Kothrud, Pune"
REC001792,CASE0046,UPI,2024-03-05 09:00:00,nikhil.j73@upi,pooja.b9@upi,TXN479803,7500,N/A
REC001793,CASE0046,CDR,2024-03-06 10:00:00,+919811383581,+919842558909,356938001935325,461,"Anna Nagar, Chennai"
REC001794,CASE0046,CDR,2024-03-06 13:00:00,+919811383581,+919865728974,356938001935325,46,"Vaishali Nagar, Jaipur"
REC001795,CASE0046,UPI,2024-03-06 22:00:00,meera.s58@upi,nikhil.j73@upi,TXN428819,3000,N/A
REC001796,CASE0046,CDR,2024-03-07 00:00:00,+919811383581,+919844218032,356938001935325,166,"Vaishali Nagar, Jaipur"
REC001797,CASE0046,UPI,2024-03-07 02:00:00,nikhil.j73@upi,rajesh.m65@icb,TXN627162,48000,N/A
REC001798,CASE0046,CDR,2024-03-07 07:00:00,+919811383581,+919865728974,356938001935325,121,"Anna Nagar, Chennai"
REC001799,CASE0046,UPI,2024-03-07 08:00:00,meera.s58@upi,nikhil.j73@upi,TXN549528,500,N/A
REC001800,CASE0046,UPI,2024-03-07 13:00:00,nikhil.j73@upi,traders2437@ybl,TXN596749,48000,N/A
REC001801,CASE0046,CDR,2024-03-07 18:00:00,+919811383581,+919842558909,356938001935325,275,"Salt Lake, Kolkata"
REC001802,CASE0046,CDR,2024-03-07 23:00:00,+919811383581,+919855117499,356938001935325,303,"Cyber City, Gurugram"
REC001803,CASE0046,CDR,2024-03-07 23:00:00,+919811383581,+919886894446,356938001935325,348,"Anna Nagar, Chennai"
REC001804,CASE0046,CDR,2024-03-08 09:00:00,+919811383581,+919842558909,356938001935325,279,"Sector 15, Gurugram"
REC001805,CASE0046,CDR,2024-03-08 15:00:00,+919811383581,+919865728974,356938001935325,367,"Vaishali Nagar, Jaipur"
REC001806,CASE0046,UPI,2024-03-08 18:00:00,meera.s58@upi,nikhil.j73@upi,TXN599305,7500,N/A
REC001807,CASE0046,CDR,2024-03-08 20:00:00,+919811383581,+919842558909,356938001935325,85,"Connaught Place, Delhi"
REC001808,CASE0047,CDR,2024-12-03 07:00:00,+919805403443,+919833201421,356938035643809,454,"Whitefield, Bengaluru"
REC001809,CASE0047,CDR,2024-12-03 07:00:00,+919805403443,+919883643122,356938035643809,108,"Banjara Hills, Hyderabad"
REC001810,CASE0047,UPI,2024-12-03 15:00:00,amitpay99@upi,freshmart19@icb,TXN238592,48000,N/A
REC001811,CASE0047,CDR,2024-12-03 21:00:00,+919805403443,+919883643122,356938035643809,125,"Connaught Place, Delhi"
REC001812,CASE0047,UPI,2024-12-04 04:00:00,amitpay99@upi,freshmart19@icb,TXN640564,3000,N/A
REC001813,CASE0047,UPI,2024-12-04 23:00:00,amitpay99@upi,freshmart19@icb,TXN414273,15000,N/A
REC001814,CASE0047,CDR,2024-12-05 00:00:00,+919805403443,+919883643122,356938035643809,269,"Banjara Hills, Hyderabad"
REC001815,CASE0047,CDR,2024-12-05 00:00:00,+919805403443,+919822331081,356938035643809,150,"Anna Nagar, Chennai"
REC001816,CASE0047,CDR,2024-12-05 05:00:00,+919805403443,+919822169410,356938035643809,428,"Banjara Hills, Hyderabad"
REC001817,CASE0047,CDR,2024-12-05 09:00:00,+919805403443,+919808301462,356938035643809,278,"Cyber City, Gurugram"
REC001818,CASE0047,CDR,2024-12-05 17:00:00,+919805403443,+919884500182,356938035643809,408,"Whitefield, Bengaluru"
REC001819,CASE0047,UPI,2024-12-05 17:00:00,freshmart19@icb,ravi.k21@okhdfcbank,TXN652255,15000,N/A
REC001820,CASE0047,CDR,2024-12-06 00:00:00,+919805403443,+919884500182,356938035643809,385,"Connaught Place, Delhi"
REC001821,CASE0047,CDR,2024-12-06 04:00:00,+919805403443,+919808301462,356938035643809,43,"Sector 15, Gurugram"
REC001822,CASE0047,UPI,2024-12-06 15:00:00,freshmart19@icb,quickcash89@paytm,TXN285685,1200,N/A
REC001823,CASE0047,UPI,2024-12-07 00:00:00,amitpay99@upi,freshmart19@icb,TXN513038,500,N/A
REC001824,CASE0047,UPI,2024-12-07 01:00:00,freshmart19@icb,sanjay.p6@paytm,TXN182887,7500,N/A
REC001825,CASE0047,UPI,2024-12-07 07:00:00,amitpay99@upi,freshmart19@icb,TXN707294,7500,N/A
REC001826,CASE0047,CDR,2024-12-07 21:00:00,+919805403443,+919808301462,356938035643809,265,"Sector 15, Gurugram"
REC001827,CASE0047,UPI,2024-12-08 13:00:00,amitpay99@upi,freshmart19@icb,TXN809517,1200,N/A
REC001828,CASE0047,UPI,2024-12-08 14:00:00,amitpay99@upi,freshmart19@icb,TXN351339,500,N/A
REC001829,CASE0047,UPI,2024-12-08 21:00:00,freshmart19@icb,sanjay.p6@paytm,TXN915416,7500,N/A
REC001830,CASE0047,CDR,2024-12-09 04:00:00,+919805403443,+919883643122,356938035643809,320,"Cyber City, Gurugram"
REC001831,CASE0047,CDR,2024-12-09 07:00:00,+919805403443,+919808301462,356938035643809,479,"Connaught Place, Delhi"
REC001832,CASE0047,UPI,2024-12-09 10:00:00,amitpay99@upi,freshmart19@icb,TXN178329,15000,N/A
REC001833,CASE0047,CDR,2024-12-09 16:00:00,+919805403443,+919822169410,356938035643809,288,"Connaught Place, Delhi"
REC001834,CASE0047,CDR,2024-12-09 18:00:00,+919805403443,+919808301462,356938035643809,495,"Kothrud, Pune"
REC001835,CASE0047,CDR,2024-12-09 19:00:00,+919805403443,+919884500182,356938035643809,480,"Connaught Place, Delhi"
REC001836,CASE0047,CDR,2024-12-09 23:00:00,+919805403443,+919822331081,356938035643809,192,"Connaught Place, Delhi"
REC001837,CASE0047,UPI,2024-12-10 14:00:00,amitpay99@upi,freshmart19@icb,TXN932706,500,N/A
REC001838,CASE0047,CDR,2024-12-11 00:00:00,+919805403443,+919883643122,356938035643809,83,"Cyber City, Gurugram"
REC001839,CASE0047,CDR,2024-12-11 01:00:00,+919805403443,+919883643122,356938035643809,306,"Anna Nagar, Chennai"
REC001840,CASE0047,CDR,2024-12-11 07:00:00,+919805403443,+919884500182,356938035643809,246,"Cyber City, Gurugram"
REC001841,CASE0047,CDR,2024-12-11 12:00:00,+919805403443,+919809742803,356938035643809,125,"Vaishali Nagar, Jaipur"
REC001842,CASE0047,CDR,2024-12-12 00:00:00,+919805403443,+919822169410,356938035643809,354,"Cyber City, Gurugram"
REC001843,CASE0047,CDR,2024-12-12 06:00:00,+919805403443,+919808301462,356938035643809,54,"Kothrud, Pune"
REC001844,CASE0047,UPI,2024-12-12 07:00:00,freshmart19@icb,ravi.k21@okhdfcbank,TXN685631,1200,N/A
REC001845,CASE0047,CDR,2024-12-12 18:00:00,+919805403443,+919809742803,356938035643809,326,"Vaishali Nagar, Jaipur"
REC001846,CASE0047,CDR,2024-12-12 20:00:00,+919805403443,+919809742803,356938035643809,395,"Kothrud, Pune"
REC001847,CASE0047,UPI,2024-12-12 22:00:00,freshmart19@icb,sanjay.p6@paytm,TXN733479,7500,N/A
REC001848,CASE0048,CDR,2023-05-15 22:00:00,+919816894606,+919842576791,356938003393093,362,"Salt Lake, Kolkata"
REC001849,CASE0048,CDR,2023-05-15 23:00:00,+919816894606,+919869862953,356938003393093,489,"Banjara Hills, Hyderabad"
REC001850,CASE0048,CDR,2023-05-16 02:00:00,+919816894606,+919831942758,356938003393093,403,"Banjara Hills, Hyderabad"
REC001851,CASE0048,CDR,2023-05-16 02:00:00,+919816894606,+919869862953,356938003393093,360,"Anna Nagar, Chennai"
REC001852,CASE0048,UPI,2023-05-16 03:00:00,nikhil.j4@icb,anita.r40@ybl,TXN883417,1200,N/A
REC001853,CASE0048,UPI,2023-05-16 04:00:00,nikhil.j4@icb,anita.r40@ybl,TXN375070,3000,N/A
REC001854,CASE0048,CDR,2023-05-16 09:00:00,+919816894606,+919879773094,356938003393093,250,"Sector 15, Gurugram"
REC001855,CASE0048,UPI,2023-05-16 10:00:00,nikhil.j4@icb,anita.r40@ybl,TXN890775,48000,N/A
REC001856,CASE0048,CDR,2023-05-16 22:00:00,+919816894606,+919835520108,356938003393093,242,"Andheri East, Mumbai"
REC001857,CASE0048,CDR,2023-05-17 01:00:00,+919816894606,+919842576791,356938003393093,369,"Cyber City, Gurugram"
REC001858,CASE0048,UPI,2023-05-17 04:00:00,anita.r40@ybl,vikram.t68@okhdfcbank,TXN417861,22000,N/A
REC001859,CASE0048,UPI,2023-05-17 08:00:00,nikhil.j4@icb,anita.r40@ybl,TXN693504,22000,N/A
REC001860,CASE0048,CDR,2023-05-17 12:00:00,+919816894606,+919830654682,356938003393093,181,"Sector 15, Gurugram"
REC001861,CASE0048,UPI,2023-05-17 16:00:00,anita.r40@ybl,traders2498@paytm,TXN942095,3000,N/A
REC001862,CASE0048,CDR,2023-05-17 17:00:00,+919816894606,+919869862953,356938003393093,317,"Andheri East, Mumbai"
REC001863,CASE0048,UPI,2023-05-18 02:00:00,anita.r40@ybl,quickcash54@okhdfcbank,TXN109745,15000,N/A
REC001864,CASE0048,UPI,2023-05-18 08:00:00,anita.r40@ybl,quickcash54@okhdfcbank,TXN152300,7500,N/A
REC001865,CASE0048,CDR,2023-05-18 13:00:00,+919816894606,+919835520108,356938003393093,372,"Salt Lake, Kolkata"
REC001866,CASE0048,UPI,2023-05-18 16:00:00,nikhil.j4@icb,anita.r40@ybl,TXN458003,500,N/A
REC001867,CASE0048,CDR,2023-05-18 20:00:00,+919816894606,+919835520108,356938003393093,434,"Anna Nagar, Chennai"
REC001868,CASE0048,CDR,2023-05-18 21:00:00,+919816894606,+919869862953,356938003393093,85,"Whitefield, Bengaluru"
REC001869,CASE0048,CDR,2023-05-19 08:00:00,+919816894606,+919879773094,356938003393093,265,"Salt Lake, Kolkata"
REC001870,CASE0048,CDR,2023-05-19 11:00:00,+919816894606,+919869862953,356938003393093,435,"Sector 15, Gurugram"
REC001871,CASE0048,UPI,2023-05-19 11:00:00,anita.r40@ybl,vikram.t68@okhdfcbank,TXN198567,3000,N/A
REC001872,CASE0048,UPI,2023-05-19 14:00:00,nikhil.j4@icb,anita.r40@ybl,TXN163212,22000,N/A
REC001873,CASE0048,CDR,2023-05-19 15:00:00,+919816894606,+919869862953,356938003393093,154,"Vaishali Nagar, Jaipur"
REC001874,CASE0048,UPI,2023-05-19 23:00:00,anita.r40@ybl,vikram.t68@okhdfcbank,TXN655336,500,N/A
REC001875,CASE0048,UPI,2023-05-20 00:00:00,nikhil.j4@icb,anita.r40@ybl,TXN259385,7500,N/A
REC001876,CASE0048,CDR,2023-05-20 05:00:00,+919816894606,+919842576791,356938003393093,270,"Connaught Place, Delhi"
REC001877,CASE0048,UPI,2023-05-20 11:00:00,anita.r40@ybl,quickcash54@okhdfcbank,TXN724891,3000,N/A
REC001878,CASE0048,UPI,2023-05-20 17:00:00,anita.r40@ybl,quickcash54@okhdfcbank,TXN793690,22000,N/A
REC001879,CASE0048,CDR,2023-05-20 19:00:00,+919816894606,+919830654682,356938003393093,424,"Anna Nagar, Chennai"
REC001880,CASE0048,CDR,2023-05-20 22:00:00,+919816894606,+919831942758,356938003393093,51,"Connaught Place, Delhi"
REC001881,CASE0048,CDR,2023-05-21 09:00:00,+919816894606,+919842576791,356938003393093,24,"Andheri East, Mumbai"
REC001882,CASE0048,CDR,2023-05-21 11:00:00,+919816894606,+919869862953,356938003393093,329,"Sector 15, Gurugram"
REC001883,CASE0048,CDR,2023-05-21 18:00:00,+919816894606,+919879773094,356938003393093,491,"Banjara Hills, Hyderabad"
REC001884,CASE0048,CDR,2023-05-22 06:00:00,+919816894606,+919831942758,356938003393093,74,"Vaishali Nagar, Jaipur"
REC001885,CASE0048,CDR,2023-05-22 09:00:00,+919816894606,+919835520108,356938003393093,296,"Andheri East, Mumbai"
REC001886,CASE0048,CDR,2023-05-22 10:00:00,+919816894606,+919810115919,356938003393093,197,"Kothrud, Pune"
REC001887,CASE0048,CDR,2023-05-22 14:00:00,+919816894606,+919869862953,356938003393093,451,"Banjara Hills, Hyderabad"
REC001888,CASE0048,UPI,2023-05-23 01:00:00,anita.r40@ybl,traders2498@paytm,TXN366905,7500,N/A
REC001889,CASE0048,CDR,2023-05-23 02:00:00,+919816894606,+919831942758,356938003393093,230,"Andheri East, Mumbai"
REC001890,CASE0048,CDR,2023-05-23 07:00:00,+919816894606,+919810115919,356938003393093,176,"Salt Lake, Kolkata"
REC001891,CASE0048,CDR,2023-05-23 15:00:00,+919816894606,+919869862953,356938003393093,421,"Salt Lake, Kolkata"
REC001892,CASE0048,UPI,2023-05-24 08:00:00,nikhil.j4@icb,anita.r40@ybl,TXN805724,22000,N/A
REC001893,CASE0048,CDR,2023-05-24 11:00:00,+919816894606,+919810115919,356938003393093,141,"Sector 15, Gurugram"
REC001894,CASE0049,UPI,2023-08-24 00:00:00,sunita.d98@okhdfcbank,pooja.b17@paytm,TXN198298,22000,N/A
REC001895,CASE0049,CDR,2023-08-24 01:00:00,+919855064330,+919858326121,356938024257152,437,"Cyber City, Gurugram"
REC001896,CASE0049,CDR,2023-08-24 04:00:00,+919855064330,+919816702203,356938024257152,238,"Whitefield, Bengaluru"
REC001897,CASE0049,UPI,2023-08-24 09:00:00,sunita.d98@okhdfcbank,pooja.b17@paytm,TXN404004,500,N/A
REC001898,CASE0049,CDR,2023-08-24 13:00:00,+919855064330,+919870791688,356938024257152,153,"Banjara Hills, Hyderabad"
REC001899,CASE0049,UPI,2023-08-24 17:00:00,pooja.b17@paytm,pooja.b49@ybl,TXN123985,500,N/A
REC001900,CASE0049,UPI,2023-08-25 00:00:00,pooja.b17@paytm,deepa.v51@paytm,TXN854768,48000,N/A
REC001901,CASE0049,UPI,2023-08-25 14:00:00,pooja.b17@paytm,pooja.b49@ybl,TXN246937,1200,N/A
REC001902,CASE0049,UPI,2023-08-25 14:00:00,pooja.b17@paytm,freshmart39@icb,TXN899468,48000,N/A
REC001903,CASE0049,UPI,2023-08-25 14:00:00,pooja.b17@paytm,deepa.v51@paytm,TXN331493,48000,N/A
REC001904,CASE0049,CDR,2023-08-25 20:00:00,+919855064330,+919884823870,356938024257152,263,"Cyber City, Gurugram"
REC001905,CASE0049,UPI,2023-08-26 08:00:00,pooja.b17@paytm,deepa.v51@paytm,TXN482769,48000,N/A
REC001906,CASE0049,UPI,2023-08-26 08:00:00,sunita.d98@okhdfcbank,pooja.b17@paytm,TXN850910,7500,N/A
REC001907,CASE0049,CDR,2023-08-26 10:00:00,+919855064330,+919858326121,356938024257152,347,"Anna Nagar, Chennai"
REC001908,CASE0049,CDR,2023-08-26 11:00:00,+919855064330,+919870791688,356938024257152,252,"Connaught Place, Delhi"
REC001909,CASE0049,CDR,2023-08-26 21:00:00,+919855064330,+919854660830,356938024257152,180,"Salt Lake, Kolkata"
REC001910,CASE0049,CDR,2023-08-27 02:00:00,+919855064330,+919884823870,356938024257152,315,"Vaishali Nagar, Jaipur"
REC001911,CASE0049,CDR,2023-08-27 03:00:00,+919855064330,+919816702203,356938024257152,310,"Sector 15, Gurugram"
REC001912,CASE0049,UPI,2023-08-27 07:00:00,sunita.d98@okhdfcbank,pooja.b17@paytm,TXN100365,1200,N/A
REC001913,CASE0049,CDR,2023-08-27 09:00:00,+919855064330,+919816702203,356938024257152,50,"Andheri East, Mumbai"
REC001914,CASE0049,CDR,2023-08-27 18:00:00,+919855064330,+919858905995,356938024257152,450,"Sector 15, Gurugram"
REC001915,CASE0049,CDR,2023-08-27 23:00:00,+919855064330,+919816702203,356938024257152,132,"Vaishali Nagar, Jaipur"
REC001916,CASE0049,CDR,2023-08-27 23:00:00,+919855064330,+919854660830,356938024257152,500,"Cyber City, Gurugram"
REC001917,CASE0049,CDR,2023-08-28 00:00:00,+919855064330,+919884823870,356938024257152,272,"Vaishali Nagar, Jaipur"
REC001918,CASE0049,UPI,2023-08-28 03:00:00,sunita.d98@okhdfcbank,pooja.b17@paytm,TXN459055,15000,N/A
REC001919,CASE0049,CDR,2023-08-28 05:00:00,+919855064330,+919884823870,356938024257152,202,"Andheri East, Mumbai"
REC001920,CASE0049,CDR,2023-08-28 09:00:00,+919855064330,+919816702203,356938024257152,151,"Banjara Hills, Hyderabad"
REC001921,CASE0049,UPI,2023-08-28 11:00:00,pooja.b17@paytm,quickcash21@okhdfcbank,TXN594810,15000,N/A
REC001922,CASE0049,CDR,2023-08-28 18:00:00,+919855064330,+919854660830,356938024257152,247,"Vaishali Nagar, Jaipur"
REC001923,CASE0049,CDR,2023-08-29 00:00:00,+919855064330,+919884823870,356938024257152,190,"Andheri East, Mumbai"
REC001924,CASE0049,CDR,2023-08-29 03:00:00,+919855064330,+919884823870,356938024257152,87,"Banjara Hills, Hyderabad"
REC001925,CASE0049,CDR,2023-08-29 08:00:00,+919855064330,+919816702203,356938024257152,389,"Cyber City, Gurugram"
REC001926,CASE0049,CDR,2023-08-29 12:00:00,+919855064330,+919884823870,356938024257152,399,"Whitefield, Bengaluru"
REC001927,CASE0049,UPI,2023-08-30 07:00:00,pooja.b17@paytm,pooja.b49@ybl,TXN946389,22000,N/A
REC001928,CASE0049,UPI,2023-08-30 14:00:00,sunita.d98@okhdfcbank,pooja.b17@paytm,TXN715876,3000,N/A
REC001929,CASE0049,CDR,2023-08-30 15:00:00,+919855064330,+919858905995,356938024257152,57,"Banjara Hills, Hyderabad"
REC001930,CASE0049,CDR,2023-08-30 18:00:00,+919855064330,+919854660830,356938024257152,433,"Connaught Place, Delhi"
REC001931,CASE0049,CDR,2023-08-31 00:00:00,+919855064330,+919858905995,356938024257152,262,"Kothrud, Pune"
REC001932,CASE0049,CDR,2023-08-31 08:00:00,+919855064330,+919870791688,356938024257152,497,"Cyber City, Gurugram"
REC001933,CASE0049,CDR,2023-08-31 09:00:00,+919855064330,+919884823870,356938024257152,336,"Salt Lake, Kolkata"
REC001934,CASE0049,UPI,2023-08-31 20:00:00,sunita.d98@okhdfcbank,pooja.b17@paytm,TXN437651,3000,N/A
REC001935,CASE0049,CDR,2023-09-01 02:00:00,+919855064330,+919870791688,356938024257152,494,"Banjara Hills, Hyderabad"
REC001936,CASE0049,UPI,2023-09-01 19:00:00,sunita.d98@okhdfcbank,pooja.b17@paytm,TXN864084,15000,N/A
REC001937,CASE0049,UPI,2023-09-01 22:00:00,pooja.b17@paytm,pooja.b49@ybl,TXN838977,48000,N/A
REC001938,CASE0049,CDR,2023-09-01 23:00:00,+919855064330,+919870791688,356938024257152,314,"Kothrud, Pune"
REC001939,CASE0049,CDR,2023-09-02 10:00:00,+919855064330,+919816702203,356938024257152,362,"Sector 15, Gurugram"
REC001940,CASE0049,CDR,2023-09-02 22:00:00,+919855064330,+919854660830,356938024257152,159,"Vaishali Nagar, Jaipur"
REC001941,CASE0050,CDR,2025-03-20 00:00:00,+919805712978,+919866016569,356938026757977,197,"Anna Nagar, Chennai"
REC001942,CASE0050,CDR,2025-03-20 02:00:00,+919805712978,+919895493579,356938026757977,229,"Anna Nagar, Chennai"
REC001943,CASE0050,CDR,2025-03-20 02:00:00,+919805712978,+919866016569,356938026757977,334,"Cyber City, Gurugram"
REC001944,CASE0050,CDR,2025-03-20 08:00:00,+919805712978,+919895493579,356938026757977,446,"Connaught Place, Delhi"
REC001945,CASE0050,UPI,2025-03-20 12:00:00,sunita.d97@okhdfcbank,traders2475@upi,TXN451832,500,N/A
REC001946,CASE0050,CDR,2025-03-20 13:00:00,+919805712978,+919897785776,356938026757977,384,"Whitefield, Bengaluru"
REC001947,CASE0050,UPI,2025-03-20 19:00:00,traders2475@upi,nikhil.j94@upi,TXN925416,22000,N/A
REC001948,CASE0050,CDR,2025-03-20 20:00:00,+919805712978,+919866016569,356938026757977,420,"Kothrud, Pune"
REC001949,CASE0050,CDR,2025-03-22 01:00:00,+919805712978,+919897785776,356938026757977,69,"Sector 15, Gurugram"
REC001950,CASE0050,UPI,2025-03-22 08:00:00,sunita.d97@okhdfcbank,traders2475@upi,TXN706274,15000,N/A
REC001951,CASE0050,UPI,2025-03-22 22:00:00,traders2475@upi,kavita.n99@paytm,TXN268225,7500,N/A
REC001952,CASE0050,CDR,2025-03-22 23:00:00,+919805712978,+919876913823,356938026757977,39,"Kothrud, Pune"
REC001953,CASE0050,UPI,2025-03-23 05:00:00,traders2475@upi,nikhil.j94@upi,TXN513049,7500,N/A
REC001954,CASE0050,CDR,2025-03-23 09:00:00,+919805712978,+919895493579,356938026757977,458,"Cyber City, Gurugram"
REC001955,CASE0050,CDR,2025-03-23 15:00:00,+919805712978,+919876913823,356938026757977,225,"Andheri East, Mumbai"
REC001956,CASE0050,UPI,2025-03-24 08:00:00,traders2475@upi,kavita.n99@paytm,TXN468973,500,N/A
REC001957,CASE0050,CDR,2025-03-24 09:00:00,+919805712978,+919895493579,356938026757977,418,"Cyber City, Gurugram"
REC001958,CASE0050,UPI,2025-03-24 14:00:00,traders2475@upi,pooja.b50@paytm,TXN187025,3000,N/A
REC001959,CASE0050,CDR,2025-03-24 19:00:00,+919805712978,+919897785776,356938026757977,47,"Salt Lake, Kolkata"
REC001960,CASE0050,CDR,2025-03-25 02:00:00,+919805712978,+919866016569,356938026757977,124,"Whitefield, Bengaluru"
REC001961,CASE0050,CDR,2025-03-25 10:00:00,+919805712978,+919814304081,356938026757977,299,"Whitefield, Bengaluru"
REC001962,CASE0050,UPI,2025-03-25 10:00:00,traders2475@upi,quickcash54@ybl,TXN517006,48000,N/A
REC001963,CASE0050,UPI,2025-03-25 16:00:00,sunita.d97@okhdfcbank,traders2475@upi,TXN145926,7500,N/A
REC001964,CASE0050,CDR,2025-03-25 21:00:00,+919805712978,+919814304081,356938026757977,311,"Banjara Hills, Hyderabad"
REC001965,CASE0050,CDR,2025-03-26 02:00:00,+919805712978,+919873230699,356938026757977,195,"Andheri East, Mumbai"
REC001966,CASE0050,UPI,2025-03-26 04:00:00,traders2475@upi,kavita.n99@paytm,TXN240368,48000,N/A
REC001967,CASE0050,CDR,2025-03-26 10:00:00,+919805712978,+919814304081,356938026757977,199,"Andheri East, Mumbai"
REC001968,CASE0050,CDR,2025-03-26 20:00:00,+919805712978,+919895493579,356938026757977,243,"Cyber City, Gurugram"
REC001969,CASE0050,UPI,2025-03-26 20:00:00,sunita.d97@okhdfcbank,traders2475@upi,TXN777852,22000,N/A
REC001970,CASE0050,UPI,2025-03-27 05:00:00,traders2475@upi,nikhil.j94@upi,TXN461331,3000,N/A
REC001971,CASE0050,UPI,2025-03-27 05:00:00,traders2475@upi,quickcash54@ybl,TXN341777,15000,N/A
REC001972,CASE0050,CDR,2025-03-27 07:00:00,+919805712978,+919866016569,356938026757977,295,"Banjara Hills, Hyderabad"
REC001973,CASE0050,CDR,2025-03-27 23:00:00,+919805712978,+919814304081,356938026757977,207,"Andheri East, Mumbai"
REC001974,CASE0050,CDR,2025-03-28 03:00:00,+919805712978,+919897785776,356938026757977,78,"Kothrud, Pune"
REC001975,CASE0050,UPI,2025-03-28 05:00:00,sunita.d97@okhdfcbank,traders2475@upi,TXN753176,7500,N/A
REC001976,CASE0050,UPI,2025-03-28 10:00:00,sunita.d97@okhdfcbank,traders2475@upi,TXN525479,15000,N/A
REC001977,CASE0050,CDR,2025-03-28 11:00:00,+919805712978,+919848193560,356938026757977,170,"Whitefield, Bengaluru"
REC001978,CASE0050,CDR,2025-03-29 01:00:00,+919805712978,+919814304081,356938026757977,46,"Cyber City, Gurugram"
REC001979,CASE0050,CDR,2025-03-29 13:00:00,+919805712978,+919873230699,356938026757977,320,"Cyber City, Gurugram"
REC001980,CASE0050,CDR,2025-03-29 15:00:00,+919805712978,+919873230699,356938026757977,418,"Andheri East, Mumbai"
REC001981,CASE0050,UPI,2025-03-29 16:00:00,traders2475@upi,quickcash54@ybl,TXN712570,3000,N/A
REC001982,CASE0050,UPI,2025-03-29 18:00:00,traders2475@upi,pooja.b50@paytm,TXN780824,7500,N/A
REC001983,CASE0050,CDR,2025-03-30 00:00:00,+919805712978,+919866016569,356938026757977,84,"Banjara Hills, Hyderabad"
REC001984,CASE0051,CDR,2025-01-15 08:00:00,+919877168348,+919889033721,356938079038674,119,"Kothrud, Pune"
REC001985,CASE0051,CDR,2025-01-15 12:00:00,+919877168348,+919828575780,356938079038674,475,"Whitefield, Bengaluru"
REC001986,CASE0051,CDR,2025-01-15 19:00:00,+919877168348,+919828575780,356938079038674,418,"Cyber City, Gurugram"
REC001987,CASE0051,CDR,2025-01-16 11:00:00,+919877168348,+919828575780,356938079038674,443,"Vaishali Nagar, Jaipur"
REC001988,CASE0051,CDR,2025-01-16 11:00:00,+919877168348,+919891714780,356938079038674,173,"Andheri East, Mumbai"
REC001989,CASE0051,UPI,2025-01-17 01:00:00,pooja.b33@ybl,anita.r15@okhdfcbank,TXN170714,3000,N/A
REC001990,CASE0051,UPI,2025-01-17 23:00:00,meera.s77@icb,pooja.b33@ybl,TXN835914,22000,N/A
REC001991,CASE0051,CDR,2025-01-18 00:00:00,+919877168348,+919889033721,356938079038674,403,"Cyber City, Gurugram"
REC001992,CASE0051,CDR,2025-01-18 10:00:00,+919877168348,+919815263012,356938079038674,51,"Connaught Place, Delhi"
REC001993,CASE0051,CDR,2025-01-18 10:00:00,+919877168348,+919815263012,356938079038674,159,"Connaught Place, Delhi"
REC001994,CASE0051,CDR,2025-01-18 18:00:00,+919877168348,+919828575780,356938079038674,132,"Connaught Place, Delhi"
REC001995,CASE0051,CDR,2025-01-19 01:00:00,+919877168348,+919877619538,356938079038674,145,"Connaught Place, Delhi"
REC001996,CASE0051,UPI,2025-01-19 08:00:00,pooja.b33@ybl,anita.r15@okhdfcbank,TXN156820,3000,N/A
REC001997,CASE0051,UPI,2025-01-19 10:00:00,meera.s77@icb,pooja.b33@ybl,TXN910219,22000,N/A
REC001998,CASE0051,CDR,2025-01-19 11:00:00,+919877168348,+919815263012,356938079038674,153,"Anna Nagar, Chennai"
REC001999,CASE0051,CDR,2025-01-19 15:00:00,+919877168348,+919815263012,356938079038674,68,"Salt Lake, Kolkata"
REC002000,CASE0051,CDR,2025-01-20 11:00:00,+919877168348,+919818913990,356938079038674,449,"Cyber City, Gurugram"
REC002001,CASE0051,UPI,2025-01-20 19:00:00,pooja.b33@ybl,freshmart22@paytm,TXN989038,7500,N/A
REC002002,CASE0051,UPI,2025-01-20 22:00:00,pooja.b33@ybl,freshmart22@paytm,TXN148248,500,N/A
REC002003,CASE0051,CDR,2025-01-21 08:00:00,+919877168348,+919877619538,356938079038674,160,"Salt Lake, Kolkata"
REC002004,CASE0051,UPI,2025-01-21 20:00:00,meera.s77@icb,pooja.b33@ybl,TXN750113,3000,N/A
REC002005,CASE0051,UPI,2025-01-21 22:00:00,pooja.b33@ybl,sunita.d1@upi,TXN755863,48000,N/A
REC002006,CASE0051,UPI,2025-01-22 02:00:00,meera.s77@icb,pooja.b33@ybl,TXN140853,22000,N/A
REC002007,CASE0051,CDR,2025-01-22 18:00:00,+919877168348,+919818913990,356938079038674,350,"Sector 15, Gurugram"
REC002008,CASE0051,UPI,2025-01-23 14:00:00,meera.s77@icb,pooja.b33@ybl,TXN276649,48000,N/A
REC002009,CASE0051,CDR,2025-01-23 21:00:00,+919877168348,+919890375181,356938079038674,234,"Connaught Place, Delhi"
REC002010,CASE0051,CDR,2025-01-24 00:00:00,+919877168348,+919828575780,356938079038674,218,"Cyber City, Gurugram"
REC002011,CASE0051,CDR,2025-01-24 01:00:00,+919877168348,+919890375181,356938079038674,238,"Sector 15, Gurugram"
REC002012,CASE0051,UPI,2025-01-24 04:00:00,pooja.b33@ybl,sunita.d1@upi,TXN547266,15000,N/A
REC002013,CASE0051,CDR,2025-01-24 12:00:00,+919877168348,+919891714780,356938079038674,322,"Kothrud, Pune"
REC002014,CASE0051,CDR,2025-01-24 16:00:00,+919877168348,+919877619538,356938079038674,474,"Salt Lake, Kolkata"
REC002015,CASE0051,CDR,2025-01-24 22:00:00,+919877168348,+919818913990,356938079038674,299,"Connaught Place, Delhi"
REC002016,CASE0052,UPI,2024-08-05 16:00:00,nikhil.j65@okhdfcbank,deepa.v52@paytm,TXN957488,500,N/A
REC002017,CASE0052,CDR,2024-08-06 07:00:00,+919843880306,+919892976935,356938012526061,486,"Connaught Place, Delhi"
REC002018,CASE0052,CDR,2024-08-06 09:00:00,+919843880306,+919812833886,356938012526061,475,"Sector 15, Gurugram"
REC002019,CASE0052,CDR,2024-08-06 09:00:00,+919843880306,+919856251272,356938012526061,125,"Banjara Hills, Hyderabad"
REC002020,CASE0052,UPI,2024-08-06 13:00:00,nikhil.j88@icb,nikhil.j65@okhdfcbank,TXN805227,7500,N/A
REC002021,CASE0052,CDR,2024-08-06 16:00:00,+919843880306,+919860978860,356938012526061,323,"Sector 15, Gurugram"
REC002022,CASE0052,UPI,2024-08-06 21:00:00,nikhil.j88@icb,nikhil.j65@okhdfcbank,TXN149837,48000,N/A
REC002023,CASE0052,UPI,2024-08-07 10:00:00,nikhil.j65@okhdfcbank,meera.s80@paytm,TXN257906,500,N/A
REC002024,CASE0052,CDR,2024-08-07 14:00:00,+919843880306,+919860978860,356938012526061,368,"Cyber City, Gurugram"
REC002025,CASE0052,UPI,2024-08-07 17:00:00,nikhil.j65@okhdfcbank,deepa.v52@paytm,TXN536738,15000,N/A
REC002026,CASE0052,CDR,2024-08-07 18:00:00,+919843880306,+919812833886,356938012526061,183,"Anna Nagar, Chennai"
REC002027,CASE0052,CDR,2024-08-07 19:00:00,+919843880306,+919819190153,356938012526061,481,"Banjara Hills, Hyderabad"
REC002028,CASE0052,UPI,2024-08-07 19:00:00,nikhil.j65@okhdfcbank,deepa.v52@paytm,TXN158619,1200,N/A
REC002029,CASE0052,CDR,2024-08-08 09:00:00,+919843880306,+919856251272,356938012526061,54,"Whitefield, Bengaluru"
REC002030,CASE0052,CDR,2024-08-08 09:00:00,+919843880306,+919887815036,356938012526061,281,"Kothrud, Pune"
REC002031,CASE0052,CDR,2024-08-08 13:00:00,+919843880306,+919822478618,356938012526061,203,"Banjara Hills, Hyderabad"
REC002032,CASE0052,CDR,2024-08-08 17:00:00,+919843880306,+919892976935,356938012526061,485,"Sector 15, Gurugram"
REC002033,CASE0052,UPI,2024-08-08 17:00:00,nikhil.j65@okhdfcbank,meera.s80@paytm,TXN342959,48000,N/A
REC002034,CASE0052,CDR,2024-08-08 22:00:00,+919843880306,+919860978860,356938012526061,315,"Vaishali Nagar, Jaipur"
REC002035,CASE0052,UPI,2024-08-09 00:00:00,nikhil.j88@icb,nikhil.j65@okhdfcbank,TXN444251,15000,N/A
REC002036,CASE0052,UPI,2024-08-09 06:00:00,nikhil.j88@icb,nikhil.j65@okhdfcbank,TXN610942,48000,N/A
REC002037,CASE0052,CDR,2024-08-09 08:00:00,+919843880306,+919856251272,356938012526061,299,"Kothrud, Pune"
REC002038,CASE0052,CDR,2024-08-09 10:00:00,+919843880306,+919819190153,356938012526061,92,"Anna Nagar, Chennai"
REC002039,CASE0052,CDR,2024-08-09 11:00:00,+919843880306,+919819190153,356938012526061,311,"Vaishali Nagar, Jaipur"
REC002040,CASE0052,UPI,2024-08-09 16:00:00,nikhil.j65@okhdfcbank,deepa.v52@paytm,TXN897317,7500,N/A
REC002041,CASE0052,UPI,2024-08-09 17:00:00,nikhil.j65@okhdfcbank,meera.s80@paytm,TXN119711,3000,N/A
REC002042,CASE0052,CDR,2024-08-10 09:00:00,+919843880306,+919856251272,356938012526061,449,"Salt Lake, Kolkata"
REC002043,CASE0052,CDR,2024-08-10 13:00:00,+919843880306,+919819190153,356938012526061,89,"Cyber City, Gurugram"
REC002044,CASE0052,UPI,2024-08-10 17:00:00,nikhil.j65@okhdfcbank,meera.s80@paytm,TXN364974,15000,N/A
REC002045,CASE0052,UPI,2024-08-11 01:00:00,nikhil.j65@okhdfcbank,amitpay51@ybl,TXN514939,22000,N/A
REC002046,CASE0052,UPI,2024-08-11 03:00:00,nikhil.j88@icb,nikhil.j65@okhdfcbank,TXN886440,48000,N/A
REC002047,CASE0052,CDR,2024-08-11 07:00:00,+919843880306,+919856251272,356938012526061,374,"Vaishali Nagar, Jaipur"
REC002048,CASE0052,CDR,2024-08-11 08:00:00,+919843880306,+919887815036,356938012526061,75,"Sector 15, Gurugram"
REC002049,CASE0052,CDR,2024-08-11 12:00:00,+919843880306,+919822478618,356938012526061,403,"Whitefield, Bengaluru"
REC002050,CASE0052,UPI,2024-08-12 03:00:00,nikhil.j88@icb,nikhil.j65@okhdfcbank,TXN110498,7500,N/A
REC002051,CASE0052,CDR,2024-08-12 04:00:00,+919843880306,+919819190153,356938012526061,313,"Connaught Place, Delhi"
REC002052,CASE0052,UPI,2024-08-12 04:00:00,nikhil.j88@icb,nikhil.j65@okhdfcbank,TXN525565,22000,N/A
REC002053,CASE0052,CDR,2024-08-12 09:00:00,+919843880306,+919822478618,356938012526061,107,"Vaishali Nagar, Jaipur"
REC002054,CASE0052,UPI,2024-08-12 13:00:00,nikhil.j88@icb,nikhil.j65@okhdfcbank,TXN780235,3000,N/A
REC002055,CASE0052,CDR,2024-08-12 16:00:00,+919843880306,+919892976935,356938012526061,421,"Sector 15, Gurugram"
REC002056,CASE0052,CDR,2024-08-12 20:00:00,+919843880306,+919887815036,356938012526061,415,"Salt Lake, Kolkata"
REC002057,CASE0052,CDR,2024-08-12 20:00:00,+919843880306,+919860978860,356938012526061,415,"Salt Lake, Kolkata"
REC002058,CASE0052,CDR,2024-08-13 11:00:00,+919843880306,+919887815036,356938012526061,104,"Cyber City, Gurugram"
REC002059,CASE0052,UPI,2024-08-13 12:00:00,nikhil.j65@okhdfcbank,meera.s80@paytm,TXN596543,3000,N/A
REC002060,CASE0052,CDR,2024-08-13 14:00:00,+919843880306,+919887815036,356938012526061,391,"Salt Lake, Kolkata"
REC002061,CASE0052,UPI,2024-08-14 01:00:00,nikhil.j88@icb,nikhil.j65@okhdfcbank,TXN213200,15000,N/A
REC002062,CASE0052,CDR,2024-08-14 07:00:00,+919843880306,+919892976935,356938012526061,233,"Salt Lake, Kolkata"
REC002063,CASE0052,UPI,2024-08-14 07:00:00,nikhil.j65@okhdfcbank,meera.s80@paytm,TXN693158,1200,N/A
REC002064,CASE0052,UPI,2024-08-15 00:00:00,nikhil.j88@icb,nikhil.j65@okhdfcbank,TXN267650,15000,N/A
REC002065,CASE0052,UPI,2024-08-15 00:00:00,nikhil.j88@icb,nikhil.j65@okhdfcbank,TXN250910,48000,N/A
REC002066,CASE0053,UPI,2024-04-25 00:00:00,sunita.d41@upi,sanjay.p67@paytm,TXN613810,3000,N/A
REC002067,CASE0053,CDR,2024-04-25 02:00:00,+919880512214,+919876615247,356938031883635,16,"Salt Lake, Kolkata"
REC002068,CASE0053,CDR,2024-04-25 10:00:00,+919880512214,+919819567599,356938031883635,346,"Cyber City, Gurugram"
REC002069,CASE0053,CDR,2024-04-26 01:00:00,+919880512214,+919865787157,356938031883635,308,"Connaught Place, Delhi"
REC002070,CASE0053,CDR,2024-04-26 18:00:00,+919880512214,+919848880469,356938031883635,208,"Salt Lake, Kolkata"
REC002071,CASE0053,CDR,2024-04-27 03:00:00,+919880512214,+919848880469,356938031883635,59,"Andheri East, Mumbai"
REC002072,CASE0053,UPI,2024-04-27 06:00:00,sunita.d41@upi,anita.r57@icb,TXN388761,22000,N/A
REC002073,CASE0053,CDR,2024-04-27 19:00:00,+919880512214,+919865787157,356938031883635,286,"Salt Lake, Kolkata"
REC002074,CASE0053,UPI,2024-04-28 02:00:00,kavita.n39@upi,sunita.d41@upi,TXN208109,22000,N/A
REC002075,CASE0053,UPI,2024-04-28 04:00:00,sunita.d41@upi,ravi.k55@icb,TXN198155,3000,N/A
REC002076,CASE0053,CDR,2024-04-28 05:00:00,+919880512214,+919877703067,356938031883635,405,"Andheri East, Mumbai"
REC002077,CASE0053,CDR,2024-04-28 13:00:00,+919880512214,+919814726486,356938031883635,253,"Kothrud, Pune"
REC002078,CASE0053,CDR,2024-04-28 16:00:00,+919880512214,+919887002219,356938031883635,297,"Banjara Hills, Hyderabad"
REC002079,CASE0053,CDR,2024-04-28 18:00:00,+919880512214,+919865787157,356938031883635,242,"Banjara Hills, Hyderabad"
REC002080,CASE0053,UPI,2024-04-28 18:00:00,kavita.n39@upi,sunita.d41@upi,TXN807345,7500,N/A
REC002081,CASE0053,CDR,2024-04-28 19:00:00,+919880512214,+919814726486,356938031883635,433,"Whitefield, Bengaluru"
REC002082,CASE0053,CDR,2024-04-28 21:00:00,+919880512214,+919848880469,356938031883635,458,"Salt Lake, Kolkata"
REC002083,CASE0053,UPI,2024-04-29 02:00:00,kavita.n39@upi,sunita.d41@upi,TXN116182,7500,N/A
REC002084,CASE0053,CDR,2024-04-29 04:00:00,+919880512214,+919876615247,356938031883635,191,"Andheri East, Mumbai"
REC002085,CASE0053,UPI,2024-04-29 06:00:00,sunita.d41@upi,ravi.k55@icb,TXN737512,15000,N/A
REC002086,CASE0053,UPI,2024-04-29 09:00:00,kavita.n39@upi,sunita.d41@upi,TXN233870,500,N/A
REC002087,CASE0053,CDR,2024-04-29 10:00:00,+919880512214,+919887002219,356938031883635,453,"Salt Lake, Kolkata"
REC002088,CASE0053,CDR,2024-04-29 13:00:00,+919880512214,+919848880469,356938031883635,243,"Whitefield, Bengaluru"
REC002089,CASE0053,CDR,2024-04-29 15:00:00,+919880512214,+919819567599,356938031883635,215,"Connaught Place, Delhi"
REC002090,CASE0053,UPI,2024-04-29 17:00:00,sunita.d41@upi,ravi.k55@icb,TXN759435,7500,N/A
REC002091,CASE0053,CDR,2024-04-30 02:00:00,+919880512214,+919876615247,356938031883635,50,"Andheri East, Mumbai"
REC002092,CASE0053,CDR,2024-04-30 09:00:00,+919880512214,+919819567599,356938031883635,480,"Connaught Place, Delhi"
REC002093,CASE0053,CDR,2024-04-30 14:00:00,+919880512214,+919887002219,356938031883635,179,"Salt Lake, Kolkata"
REC002094,CASE0053,CDR,2024-05-01 14:00:00,+919880512214,+919814726486,356938031883635,86,"Connaught Place, Delhi"
REC002095,CASE0053,CDR,2024-05-01 15:00:00,+919880512214,+919819567599,356938031883635,146,"Kothrud, Pune"
REC002096,CASE0053,UPI,2024-05-01 17:00:00,sunita.d41@upi,nikhil.j38@paytm,TXN122336,7500,N/A
REC002097,CASE0053,UPI,2024-05-02 03:00:00,sunita.d41@upi,anita.r57@icb,TXN147892,3000,N/A
REC002098,CASE0053,CDR,2024-05-02 04:00:00,+919880512214,+919887002219,356938031883635,351,"Cyber City, Gurugram"
REC002099,CASE0053,CDR,2024-05-02 07:00:00,+919880512214,+919887002219,356938031883635,72,"Andheri East, Mumbai"
REC002100,CASE0053,UPI,2024-05-02 11:00:00,sunita.d41@upi,nikhil.j38@paytm,TXN879844,22000,N/A
REC002101,CASE0053,CDR,2024-05-02 22:00:00,+919880512214,+919877703067,356938031883635,476,"Salt Lake, Kolkata"
REC002102,CASE0053,UPI,2024-05-02 22:00:00,kavita.n39@upi,sunita.d41@upi,TXN403702,1200,N/A
REC002103,CASE0053,CDR,2024-05-03 19:00:00,+919880512214,+919814726486,356938031883635,305,"Banjara Hills, Hyderabad"
REC002104,CASE0053,CDR,2024-05-03 20:00:00,+919880512214,+919887002219,356938031883635,342,"Sector 15, Gurugram"
REC002105,CASE0053,CDR,2024-05-03 23:00:00,+919880512214,+919819567599,356938031883635,371,"Sector 15, Gurugram"
REC002106,CASE0053,CDR,2024-05-04 11:00:00,+919880512214,+919887002219,356938031883635,412,"Connaught Place, Delhi"
REC002107,CASE0053,UPI,2024-05-04 11:00:00,kavita.n39@upi,sunita.d41@upi,TXN463455,15000,N/A
REC002108,CASE0053,CDR,2024-05-04 17:00:00,+919880512214,+919819567599,356938031883635,202,"Kothrud, Pune"
REC002109,CASE0053,CDR,2024-05-04 20:00:00,+919880512214,+919848880469,356938031883635,369,"Vaishali Nagar, Jaipur"
REC002110,CASE0054,CDR,2025-04-13 06:00:00,+919820907986,+919823019124,356938011815577,240,"Kothrud, Pune"
REC002111,CASE0054,CDR,2025-04-13 17:00:00,+919820907986,+919897337131,356938011815577,79,"Anna Nagar, Chennai"
REC002112,CASE0054,CDR,2025-04-14 10:00:00,+919820907986,+919823019124,356938011815577,198,"Banjara Hills, Hyderabad"
REC002113,CASE0054,UPI,2025-04-14 23:00:00,nikhil.j88@okhdfcbank,anita.r87@icb,TXN738962,1200,N/A
REC002114,CASE0054,CDR,2025-04-15 01:00:00,+919820907986,+919884180528,356938011815577,176,"Salt Lake, Kolkata"
REC002115,CASE0054,CDR,2025-04-15 05:00:00,+919820907986,+919862136717,356938011815577,230,"Andheri East, Mumbai"
REC002116,CASE0054,UPI,2025-04-15 11:00:00,nikhil.j88@okhdfcbank,anita.r87@icb,TXN848400,48000,N/A
REC002117,CASE0054,CDR,2025-04-15 14:00:00,+919820907986,+919823019124,356938011815577,476,"Whitefield, Bengaluru"
REC002118,CASE0054,CDR,2025-04-15 15:00:00,+919820907986,+919862136717,356938011815577,436,"Salt Lake, Kolkata"
REC002119,CASE0054,CDR,2025-04-15 16:00:00,+919820907986,+919812553241,356938011815577,473,"Andheri East, Mumbai"
REC002120,CASE0054,UPI,2025-04-16 00:00:00,nikhil.j88@okhdfcbank,anita.r87@icb,TXN655041,48000,N/A
REC002121,CASE0054,UPI,2025-04-16 03:00:00,anita.r87@icb,sunita.d59@okhdfcbank,TXN822086,15000,N/A
REC002122,CASE0054,CDR,2025-04-16 04:00:00,+919820907986,+919812553241,356938011815577,69,"Whitefield, Bengaluru"
REC002123,CASE0054,CDR,2025-04-16 06:00:00,+919820907986,+919823019124,356938011815577,490,"Whitefield, Bengaluru"
REC002124,CASE0054,CDR,2025-04-16 08:00:00,+919820907986,+919884180528,356938011815577,290,"Vaishali Nagar, Jaipur"
REC002125,CASE0054,CDR,2025-04-16 13:00:00,+919820907986,+919870026672,356938011815577,383,"Kothrud, Pune"
REC002126,CASE0054,CDR,2025-04-17 00:00:00,+919820907986,+919865202290,356938011815577,86,"Whitefield, Bengaluru"
REC002127,CASE0054,CDR,2025-04-17 01:00:00,+919820907986,+919823019124,356938011815577,393,"Anna Nagar, Chennai"
REC002128,CASE0054,CDR,2025-04-17 08:00:00,+919820907986,+919812553241,356938011815577,190,"Kothrud, Pune"
REC002129,CASE0054,UPI,2025-04-17 09:00:00,nikhil.j88@okhdfcbank,anita.r87@icb,TXN342509,48000,N/A
REC002130,CASE0054,CDR,2025-04-17 14:00:00,+919820907986,+919862136717,356938011815577,132,"Cyber City, Gurugram"
REC002131,CASE0054,UPI,2025-04-17 15:00:00,nikhil.j88@okhdfcbank,anita.r87@icb,TXN327451,7500,N/A
REC002132,CASE0054,CDR,2025-04-17 17:00:00,+919820907986,+919870026672,356938011815577,464,"Cyber City, Gurugram"
REC002133,CASE0054,CDR,2025-04-17 18:00:00,+919820907986,+919862136717,356938011815577,377,"Sector 15, Gurugram"
REC002134,CASE0054,CDR,2025-04-17 21:00:00,+919820907986,+919870026672,356938011815577,252,"Kothrud, Pune"
REC002135,CASE0054,CDR,2025-04-18 02:00:00,+919820907986,+919884180528,356938011815577,375,"Sector 15, Gurugram"
REC002136,CASE0054,CDR,2025-04-18 10:00:00,+919820907986,+919812553241,356938011815577,198,"Vaishali Nagar, Jaipur"
REC002137,CASE0054,CDR,2025-04-18 10:00:00,+919820907986,+919812553241,356938011815577,177,"Andheri East, Mumbai"
REC002138,CASE0054,UPI,2025-04-18 11:00:00,nikhil.j88@okhdfcbank,anita.r87@icb,TXN663415,7500,N/A
REC002139,CASE0054,CDR,2025-04-18 13:00:00,+919820907986,+919897337131,356938011815577,32,"Salt Lake, Kolkata"
REC002140,CASE0054,UPI,2025-04-18 14:00:00,anita.r87@icb,sunita.d59@okhdfcbank,TXN422182,48000,N/A
REC002141,CASE0054,CDR,2025-04-18 18:00:00,+919820907986,+919812553241,356938011815577,137,"Connaught Place, Delhi"
REC002142,CASE0054,CDR,2025-04-18 19:00:00,+919820907986,+919812553241,356938011815577,279,"Cyber City, Gurugram"
REC002143,CASE0054,UPI,2025-04-18 21:00:00,nikhil.j88@okhdfcbank,anita.r87@icb,TXN631111,1200,N/A
REC002144,CASE0054,UPI,2025-04-19 01:00:00,anita.r87@icb,citypay8@paytm,TXN860899,15000,N/A
REC002145,CASE0054,CDR,2025-04-19 03:00:00,+919820907986,+919823019124,356938011815577,459,"Banjara Hills, Hyderabad"
REC002146,CASE0054,UPI,2025-04-19 04:00:00,nikhil.j88@okhdfcbank,anita.r87@icb,TXN577572,48000,N/A
REC002147,CASE0054,UPI,2025-04-19 16:00:00,anita.r87@icb,citypay8@paytm,TXN885215,3000,N/A
REC002148,CASE0054,UPI,2025-04-19 18:00:00,nikhil.j88@okhdfcbank,anita.r87@icb,TXN192564,48000,N/A
REC002149,CASE0054,CDR,2025-04-19 21:00:00,+919820907986,+919812553241,356938011815577,103,"Vaishali Nagar, Jaipur"
REC002150,CASE0054,UPI,2025-04-19 21:00:00,nikhil.j88@okhdfcbank,anita.r87@icb,TXN906470,22000,N/A
REC002151,CASE0054,UPI,2025-04-20 05:00:00,anita.r87@icb,kavita.n38@okhdfcbank,TXN898797,48000,N/A
REC002152,CASE0054,CDR,2025-04-20 15:00:00,+919820907986,+919897337131,356938011815577,35,"Vaishali Nagar, Jaipur"
REC002153,CASE0054,CDR,2025-04-20 21:00:00,+919820907986,+919897337131,356938011815577,429,"Kothrud, Pune"
REC002154,CASE0054,UPI,2025-04-21 01:00:00,nikhil.j88@okhdfcbank,anita.r87@icb,TXN981011,1200,N/A
REC002155,CASE0054,CDR,2025-04-21 11:00:00,+919820907986,+919812553241,356938011815577,496,"Whitefield, Bengaluru"
REC002156,CASE0054,CDR,2025-04-21 15:00:00,+919820907986,+919897337131,356938011815577,229,"Kothrud, Pune"
REC002157,CASE0054,CDR,2025-04-22 13:00:00,+919820907986,+919823019124,356938011815577,71,"Anna Nagar, Chennai"
REC002158,CASE0054,CDR,2025-04-22 20:00:00,+919820907986,+919862136717,356938011815577,96,"Vaishali Nagar, Jaipur"
REC002159,CASE0054,CDR,2025-04-22 21:00:00,+919820907986,+919812553241,356938011815577,226,"Salt Lake, Kolkata"
REC002160,CASE0055,UPI,2023-05-23 11:00:00,meera.s30@okhdfcbank,traders2490@paytm,TXN534341,48000,N/A
REC002161,CASE0055,CDR,2023-05-23 14:00:00,+919808828733,+919857383277,356938039618356,255,"Salt Lake, Kolkata"
REC002162,CASE0055,CDR,2023-05-23 21:00:00,+919808828733,+919889760222,356938039618356,356,"Kothrud, Pune"
REC002163,CASE0055,CDR,2023-05-24 02:00:00,+919808828733,+919867732015,356938039618356,228,"Whitefield, Bengaluru"
REC002164,CASE0055,UPI,2023-05-24 10:00:00,vikram.t37@upi,meera.s30@okhdfcbank,TXN665785,48000,N/A
REC002165,CASE0055,UPI,2023-05-24 13:00:00,meera.s30@okhdfcbank,traders2490@paytm,TXN722002,22000,N/A
REC002166,CASE0055,CDR,2023-05-24 23:00:00,+919808828733,+919889760222,356938039618356,374,"Kothrud, Pune"
REC002167,CASE0055,UPI,2023-05-25 00:00:00,meera.s30@okhdfcbank,citypay59@icb,TXN693540,3000,N/A
REC002168,CASE0055,CDR,2023-05-25 10:00:00,+919808828733,+919867732015,356938039618356,95,"Kothrud, Pune"
REC002169,CASE0055,UPI,2023-05-25 11:00:00,meera.s30@okhdfcbank,traders2490@paytm,TXN857740,15000,N/A
REC002170,CASE0055,CDR,2023-05-25 20:00:00,+919808828733,+919867732015,356938039618356,271,"Sector 15, Gurugram"
REC002171,CASE0055,CDR,2023-05-25 23:00:00,+919808828733,+919800693664,356938039618356,441,"Cyber City, Gurugram"
REC002172,CASE0055,UPI,2023-05-26 02:00:00,meera.s30@okhdfcbank,traders2490@paytm,TXN221046,500,N/A
REC002173,CASE0055,UPI,2023-05-26 06:00:00,meera.s30@okhdfcbank,anita.r98@okhdfcbank,TXN668289,22000,N/A
REC002174,CASE0055,CDR,2023-05-26 13:00:00,+919808828733,+919800693664,356938039618356,101,"Whitefield, Bengaluru"
REC002175,CASE0055,UPI,2023-05-26 17:00:00,vikram.t37@upi,meera.s30@okhdfcbank,TXN119599,15000,N/A
REC002176,CASE0055,CDR,2023-05-27 05:00:00,+919808828733,+919854656832,356938039618356,251,"Andheri East, Mumbai"
REC002177,CASE0055,CDR,2023-05-27 09:00:00,+919808828733,+919867732015,356938039618356,76,"Banjara Hills, Hyderabad"
REC002178,CASE0055,CDR,2023-05-27 11:00:00,+919808828733,+919857383277,356938039618356,81,"Vaishali Nagar, Jaipur"
REC002179,CASE0055,UPI,2023-05-27 13:00:00,meera.s30@okhdfcbank,traders2490@paytm,TXN910382,48000,N/A
REC002180,CASE0055,CDR,2023-05-27 14:00:00,+919808828733,+919889760222,356938039618356,93,"Sector 15, Gurugram"
REC002181,CASE0055,CDR,2023-05-27 23:00:00,+919808828733,+919857383277,356938039618356,79,"Sector 15, Gurugram"
REC002182,CASE0055,CDR,2023-05-28 11:00:00,+919808828733,+919826885303,356938039618356,387,"Kothrud, Pune"
REC002183,CASE0055,UPI,2023-05-28 20:00:00,vikram.t37@upi,meera.s30@okhdfcbank,TXN918991,1200,N/A
REC002184,CASE0055,CDR,2023-05-29 00:00:00,+919808828733,+919800693664,356938039618356,203,"Whitefield, Bengaluru"
REC002185,CASE0055,CDR,2023-05-29 02:00:00,+919808828733,+919889760222,356938039618356,166,"Connaught Place, Delhi"
REC002186,CASE0055,UPI,2023-05-29 05:00:00,meera.s30@okhdfcbank,traders2490@paytm,TXN708636,500,N/A
REC002187,CASE0055,UPI,2023-05-29 10:00:00,meera.s30@okhdfcbank,traders2490@paytm,TXN712125,15000,N/A
REC002188,CASE0055,CDR,2023-05-29 19:00:00,+919808828733,+919857383277,356938039618356,125,"Whitefield, Bengaluru"
REC002189,CASE0055,UPI,2023-05-29 21:00:00,meera.s30@okhdfcbank,anita.r98@okhdfcbank,TXN468787,15000,N/A
REC002190,CASE0055,CDR,2023-05-31 12:00:00,+919808828733,+919889760222,356938039618356,144,"Cyber City, Gurugram"
REC002191,CASE0055,CDR,2023-05-31 20:00:00,+919808828733,+919816463303,356938039618356,230,"Banjara Hills, Hyderabad"
REC002192,CASE0055,CDR,2023-06-01 05:00:00,+919808828733,+919816463303,356938039618356,106,"Whitefield, Bengaluru"
REC002193,CASE0055,CDR,2023-06-01 07:00:00,+919808828733,+919857383277,356938039618356,93,"Salt Lake, Kolkata"
REC002194,CASE0055,UPI,2023-06-01 07:00:00,meera.s30@okhdfcbank,traders2490@paytm,TXN967813,3000,N/A
REC002195,CASE0056,CDR,2024-02-27 00:00:00,+919806239692,+919899547474,356938030585696,19,"Anna Nagar, Chennai"
REC002196,CASE0056,CDR,2024-02-27 05:00:00,+919806239692,+919836714710,356938030585696,312,"Vaishali Nagar, Jaipur"
REC002197,CASE0056,UPI,2024-02-27 22:00:00,quickcash37@okhdfcbank,sanjay.p34@upi,TXN353114,48000,N/A
REC002198,CASE0056,UPI,2024-02-28 01:00:00,ravi.k25@paytm,quickcash37@okhdfcbank,TXN141879,1200,N/A
REC002199,CASE0056,CDR,2024-02-28 17:00:00,+919806239692,+919899547474,356938030585696,36,"Vaishali Nagar, Jaipur"
REC002200,CASE0056,CDR,2024-02-28 19:00:00,+919806239692,+919856574254,356938030585696,130,"Salt Lake, Kolkata"
REC002201,CASE0056,CDR,2024-02-28 22:00:00,+919806239692,+919805119858,356938030585696,149,"Andheri East, Mumbai"
REC002202,CASE0056,UPI,2024-03-01 00:00:00,ravi.k25@paytm,quickcash37@okhdfcbank,TXN672008,7500,N/A
REC002203,CASE0056,CDR,2024-03-01 01:00:00,+919806239692,+919856574254,356938030585696,69,"Salt Lake, Kolkata"
REC002204,CASE0056,CDR,2024-03-01 11:00:00,+919806239692,+919814293679,356938030585696,22,"Kothrud, Pune"
REC002205,CASE0056,UPI,2024-03-01 12:00:00,ravi.k25@paytm,quickcash37@okhdfcbank,TXN412002,500,N/A
REC002206,CASE0056,CDR,2024-03-01 13:00:00,+919806239692,+919805119858,356938030585696,213,"Connaught Place, Delhi"
REC002207,CASE0056,CDR,2024-03-01 22:00:00,+919806239692,+919805119858,356938030585696,293,"Andheri East, Mumbai"
REC002208,CASE0056,UPI,2024-03-01 23:00:00,quickcash37@okhdfcbank,meera.s77@paytm,TXN651923,15000,N/A
REC002209,CASE0056,CDR,2024-03-02 09:00:00,+919806239692,+919899547474,356938030585696,417,"Connaught Place, Delhi"
REC002210,CASE0056,CDR,2024-03-02 11:00:00,+919806239692,+919805119858,356938030585696,113,"Vaishali Nagar, Jaipur"
REC002211,CASE0056,UPI,2024-03-02 12:00:00,ravi.k25@paytm,quickcash37@okhdfcbank,TXN343874,15000,N/A
REC002212,CASE0056,CDR,2024-03-02 19:00:00,+919806239692,+919814293679,356938030585696,112,"Salt Lake, Kolkata"
REC002213,CASE0056,CDR,2024-03-03 00:00:00,+919806239692,+919800105481,356938030585696,266,"Vaishali Nagar, Jaipur"
REC002214,CASE0056,UPI,2024-03-03 08:00:00,quickcash37@okhdfcbank,sanjay.p34@upi,TXN551111,48000,N/A
REC002215,CASE0056,CDR,2024-03-03 13:00:00,+919806239692,+919836714710,356938030585696,361,"Whitefield, Bengaluru"
REC002216,CASE0056,UPI,2024-03-03 13:00:00,quickcash37@okhdfcbank,deepa.v41@icb,TXN200315,1200,N/A
REC002217,CASE0056,CDR,2024-03-03 16:00:00,+919806239692,+919814293679,356938030585696,208,"Cyber City, Gurugram"
REC002218,CASE0056,CDR,2024-03-03 21:00:00,+919806239692,+919805119858,356938030585696,108,"Kothrud, Pune"
REC002219,CASE0056,CDR,2024-03-04 00:00:00,+919806239692,+919809785539,356938030585696,188,"Salt Lake, Kolkata"
REC002220,CASE0056,UPI,2024-03-04 00:00:00,quickcash37@okhdfcbank,meera.s77@paytm,TXN953647,22000,N/A
REC002221,CASE0056,CDR,2024-03-04 02:00:00,+919806239692,+919809785539,356938030585696,176,"Andheri East, Mumbai"
REC002222,CASE0056,UPI,2024-03-05 04:00:00,ravi.k25@paytm,quickcash37@okhdfcbank,TXN173749,22000,N/A
REC002223,CASE0056,UPI,2024-03-05 10:00:00,ravi.k25@paytm,quickcash37@okhdfcbank,TXN193627,500,N/A
REC002224,CASE0056,CDR,2024-03-05 18:00:00,+919806239692,+919836714710,356938030585696,363,"Banjara Hills, Hyderabad"
REC002225,CASE0056,CDR,2024-03-06 05:00:00,+919806239692,+919814293679,356938030585696,123,"Anna Nagar, Chennai"
REC002226,CASE0056,CDR,2024-03-06 17:00:00,+919806239692,+919899547474,356938030585696,362,"Whitefield, Bengaluru"
REC002227,CASE0056,CDR,2024-03-07 17:00:00,+919806239692,+919899547474,356938030585696,203,"Kothrud, Pune"
REC002228,CASE0056,CDR,2024-03-07 22:00:00,+919806239692,+919899547474,356938030585696,151,"Salt Lake, Kolkata"
REC002229,CASE0057,CDR,2024-11-26 06:00:00,+919891842653,+919822134596,356938050714606,119,"Banjara Hills, Hyderabad"
REC002230,CASE0057,CDR,2024-11-26 10:00:00,+919891842653,+919868120399,356938050714606,286,"Banjara Hills, Hyderabad"
REC002231,CASE0057,CDR,2024-11-26 22:00:00,+919891842653,+919822134596,356938050714606,352,"Andheri East, Mumbai"
REC002232,CASE0057,CDR,2024-11-26 22:00:00,+919891842653,+919869957635,356938050714606,161,"Banjara Hills, Hyderabad"
REC002233,CASE0057,UPI,2024-11-27 03:00:00,deepa.v56@ybl,citypay23@paytm,TXN637754,48000,N/A
REC002234,CASE0057,UPI,2024-11-27 04:00:00,deepa.v56@ybl,vikram.t33@paytm,TXN998474,15000,N/A
REC002235,CASE0057,UPI,2024-11-27 07:00:00,sanjay.p80@okhdfcbank,deepa.v56@ybl,TXN910338,48000,N/A
REC002236,CASE0057,UPI,2024-11-27 09:00:00,sanjay.p80@okhdfcbank,deepa.v56@ybl,TXN791217,3000,N/A
REC002237,CASE0057,CDR,2024-11-27 19:00:00,+919891842653,+919869957635,356938050714606,34,"Kothrud, Pune"
REC002238,CASE0057,CDR,2024-11-27 21:00:00,+919891842653,+919808990440,356938050714606,135,"Anna Nagar, Chennai"
REC002239,CASE0057,UPI,2024-11-28 01:00:00,sanjay.p80@okhdfcbank,deepa.v56@ybl,TXN999450,48000,N/A
REC002240,CASE0057,UPI,2024-11-28 03:00:00,sanjay.p80@okhdfcbank,deepa.v56@ybl,TXN468337,7500,N/A
REC002241,CASE0057,UPI,2024-11-28 07:00:00,sanjay.p80@okhdfcbank,deepa.v56@ybl,TXN303084,500,N/A
REC002242,CASE0057,UPI,2024-11-28 13:00:00,sanjay.p80@okhdfcbank,deepa.v56@ybl,TXN547769,48000,N/A
REC002243,CASE0057,CDR,2024-11-28 19:00:00,+919891842653,+919868120399,356938050714606,31,"Andheri East, Mumbai"
REC002244,CASE0057,CDR,2024-11-28 22:00:00,+919891842653,+919868120399,356938050714606,377,"Banjara Hills, Hyderabad"
REC002245,CASE0057,UPI,2024-11-29 09:00:00,deepa.v56@ybl,vikram.t33@paytm,TXN618646,15000,N/A
REC002246,CASE0057,CDR,2024-11-29 14:00:00,+919891842653,+919868120399,356938050714606,284,"Anna Nagar, Chennai"
REC002247,CASE0057,CDR,2024-11-29 18:00:00,+919891842653,+919822134596,356938050714606,96,"Salt Lake, Kolkata"
REC002248,CASE0057,CDR,2024-11-30 04:00:00,+919891842653,+919808990440,356938050714606,58,"Salt Lake, Kolkata"
REC002249,CASE0057,CDR,2024-11-30 09:00:00,+919891842653,+919822134596,356938050714606,316,"Connaught Place, Delhi"
REC002250,CASE0057,UPI,2024-12-01 00:00:00,deepa.v56@ybl,deepa.v23@paytm,TXN111155,22000,N/A
REC002251,CASE0057,UPI,2024-12-01 08:00:00,deepa.v56@ybl,vikram.t33@paytm,TXN230003,3000,N/A
REC002252,CASE0057,UPI,2024-12-01 11:00:00,sanjay.p80@okhdfcbank,deepa.v56@ybl,TXN353738,3000,N/A
REC002253,CASE0057,CDR,2024-12-02 02:00:00,+919891842653,+919857793457,356938050714606,492,"Kothrud, Pune"
REC002254,CASE0057,UPI,2024-12-02 05:00:00,deepa.v56@ybl,deepa.v23@paytm,TXN916824,15000,N/A
REC002255,CASE0057,CDR,2024-12-02 10:00:00,+919891842653,+919822134596,356938050714606,85,"Sector 15, Gurugram"
REC002256,CASE0057,CDR,2024-12-03 02:00:00,+919891842653,+919857793457,356938050714606,168,"Whitefield, Bengaluru"
REC002257,CASE0057,CDR,2024-12-03 12:00:00,+919891842653,+919814788197,356938050714606,243,"Whitefield, Bengaluru"
REC002258,CASE0057,CDR,2024-12-03 12:00:00,+919891842653,+919869957635,356938050714606,332,"Andheri East, Mumbai"
REC002259,CASE0057,CDR,2024-12-04 03:00:00,+919891842653,+919868120399,356938050714606,44,"Sector 15, Gurugram"
REC002260,CASE0057,CDR,2024-12-04 05:00:00,+919891842653,+919822134596,356938050714606,219,"Andheri East, Mumbai"
REC002261,CASE0057,UPI,2024-12-04 12:00:00,deepa.v56@ybl,citypay23@paytm,TXN824069,1200,N/A
REC002262,CASE0057,CDR,2024-12-04 14:00:00,+919891842653,+919814788197,356938050714606,304,"Salt Lake, Kolkata"
REC002263,CASE0057,CDR,2024-12-05 07:00:00,+919891842653,+919814788197,356938050714606,355,"Sector 15, Gurugram"
REC002264,CASE0057,CDR,2024-12-05 11:00:00,+919891842653,+919808990440,356938050714606,214,"Cyber City, Gurugram"
REC002265,CASE0057,CDR,2024-12-05 11:00:00,+919891842653,+919814788197,356938050714606,376,"Andheri East, Mumbai"
REC002266,CASE0057,CDR,2024-12-05 12:00:00,+919891842653,+919869957635,356938050714606,190,"Sector 15, Gurugram"
REC002267,CASE0057,UPI,2024-12-05 13:00:00,deepa.v56@ybl,vikram.t33@paytm,TXN631045,22000,N/A
REC002268,CASE0058,CDR,2025-04-06 03:00:00,+919813790836,+919894248148,356938087492853,71,"Cyber City, Gurugram"
REC002269,CASE0058,UPI,2025-04-06 05:00:00,rajesh.m58@okhdfcbank,amitpay5@paytm,TXN515233,3000,N/A
REC002270,CASE0058,CDR,2025-04-06 15:00:00,+919813790836,+919819155366,356938087492853,111,"Vaishali Nagar, Jaipur"
REC002271,CASE0058,CDR,2025-04-07 05:00:00,+919813790836,+919819155366,356938087492853,334,"Connaught Place, Delhi"
REC002272,CASE0058,CDR,2025-04-07 08:00:00,+919813790836,+919845462891,356938087492853,359,"Cyber City, Gurugram"
REC002273,CASE0058,CDR,2025-04-07 11:00:00,+919813790836,+919819155366,356938087492853,325,"Banjara Hills, Hyderabad"
REC002274,CASE0058,UPI,2025-04-07 18:00:00,amitpay5@paytm,kavita.n17@okhdfcbank,TXN444176,7500,N/A
REC002275,CASE0058,CDR,2025-04-08 01:00:00,+919813790836,+919805606208,356938087492853,106,"Whitefield, Bengaluru"
REC002276,CASE0058,CDR,2025-04-08 15:00:00,+919813790836,+919819155366,356938087492853,347,"Banjara Hills, Hyderabad"
REC002277,CASE0058,UPI,2025-04-08 15:00:00,amitpay5@paytm,meera.s96@ybl,TXN720775,7500,N/A
REC002278,CASE0058,CDR,2025-04-09 02:00:00,+919813790836,+919886630464,356938087492853,221,"Banjara Hills, Hyderabad"
REC002279,CASE0058,CDR,2025-04-09 22:00:00,+919813790836,+919894248148,356938087492853,127,"Kothrud, Pune"
REC002280,CASE0058,UPI,2025-04-10 04:00:00,amitpay5@paytm,kavita.n17@okhdfcbank,TXN690126,7500,N/A
REC002281,CASE0058,CDR,2025-04-10 21:00:00,+919813790836,+919886630464,356938087492853,272,"Salt Lake, Kolkata"
REC002282,CASE0058,UPI,2025-04-11 01:00:00,rajesh.m58@okhdfcbank,amitpay5@paytm,TXN649893,22000,N/A
REC002283,CASE0058,CDR,2025-04-11 05:00:00,+919813790836,+919845462891,356938087492853,252,"Andheri East, Mumbai"
REC002284,CASE0058,CDR,2025-04-11 08:00:00,+919813790836,+919846827530,356938087492853,216,"Banjara Hills, Hyderabad"
REC002285,CASE0058,UPI,2025-04-11 13:00:00,rajesh.m58@okhdfcbank,amitpay5@paytm,TXN322071,15000,N/A
REC002286,CASE0058,UPI,2025-04-11 13:00:00,amitpay5@paytm,meera.s96@ybl,TXN337254,500,N/A
REC002287,CASE0058,CDR,2025-04-11 23:00:00,+919813790836,+919846827530,356938087492853,124,"Vaishali Nagar, Jaipur"
REC002288,CASE0058,UPI,2025-04-12 04:00:00,amitpay5@paytm,freshmart77@upi,TXN856802,7500,N/A
REC002289,CASE0058,CDR,2025-04-12 07:00:00,+919813790836,+919894248148,356938087492853,144,"Banjara Hills, Hyderabad"
REC002290,CASE0058,UPI,2025-04-12 11:00:00,amitpay5@paytm,kavita.n17@okhdfcbank,TXN600186,22000,N/A
REC002291,CASE0058,CDR,2025-04-12 16:00:00,+919813790836,+919849478779,356938087492853,249,"Banjara Hills, Hyderabad"
REC002292,CASE0058,CDR,2025-04-13 07:00:00,+919813790836,+919886630464,356938087492853,254,"Salt Lake, Kolkata"
REC002293,CASE0058,CDR,2025-04-14 07:00:00,+919813790836,+919845462891,356938087492853,405,"Banjara Hills, Hyderabad"
REC002294,CASE0058,UPI,2025-04-14 18:00:00,amitpay5@paytm,kavita.n17@okhdfcbank,TXN665307,22000,N/A
REC002295,CASE0059,CDR,2024-12-13 04:00:00,+919886567533,+919806280155,356938015046967,172,"Andheri East, Mumbai"
REC002296,CASE0059,CDR,2024-12-13 07:00:00,+919886567533,+919806280155,356938015046967,48,"Salt Lake, Kolkata"
REC002297,CASE0059,CDR,2024-12-13 09:00:00,+919886567533,+919828975920,356938015046967,491,"Andheri East, Mumbai"
REC002298,CASE0059,CDR,2024-12-13 10:00:00,+919886567533,+919828975920,356938015046967,451,"Cyber City, Gurugram"
REC002299,CASE0059,CDR,2024-12-13 21:00:00,+919886567533,+919843446809,356938015046967,490,"Sector 15, Gurugram"
REC002300,CASE0059,CDR,2024-12-13 22:00:00,+919886567533,+919828975920,356938015046967,398,"Salt Lake, Kolkata"
REC002301,CASE0059,UPI,2024-12-13 22:00:00,amitpay14@okhdfcbank,ravi.k17@okhdfcbank,TXN691695,500,N/A
REC002302,CASE0059,UPI,2024-12-13 22:00:00,ravi.k17@okhdfcbank,pooja.b57@icb,TXN125589,1200,N/A
REC002303,CASE0059,CDR,2024-12-14 03:00:00,+919886567533,+919828975920,356938015046967,493,"Sector 15, Gurugram"
REC002304,CASE0059,CDR,2024-12-14 07:00:00,+919886567533,+919843446809,356938015046967,436,"Kothrud, Pune"
REC002305,CASE0059,CDR,2024-12-14 08:00:00,+919886567533,+919828975920,356938015046967,243,"Whitefield, Bengaluru"
REC002306,CASE0059,UPI,2024-12-14 11:00:00,ravi.k17@okhdfcbank,vikram.t12@icb,TXN704364,7500,N/A
REC002307,CASE0059,UPI,2024-12-14 16:00:00,amitpay14@okhdfcbank,ravi.k17@okhdfcbank,TXN786688,48000,N/A
REC002308,CASE0059,UPI,2024-12-14 20:00:00,ravi.k17@okhdfcbank,pooja.b57@icb,TXN324748,3000,N/A
REC002309,CASE0059,UPI,2024-12-15 10:00:00,amitpay14@okhdfcbank,ravi.k17@okhdfcbank,TXN460399,500,N/A
REC002310,CASE0059,UPI,2024-12-15 11:00:00,ravi.k17@okhdfcbank,traders2476@icb,TXN158896,48000,N/A
REC002311,CASE0059,CDR,2024-12-15 14:00:00,+919886567533,+919826408114,356938015046967,456,"Whitefield, Bengaluru"
REC002312,CASE0059,UPI,2024-12-15 16:00:00,amitpay14@okhdfcbank,ravi.k17@okhdfcbank,TXN294393,22000,N/A
REC002313,CASE0059,UPI,2024-12-15 20:00:00,amitpay14@okhdfcbank,ravi.k17@okhdfcbank,TXN805184,500,N/A
REC002314,CASE0059,CDR,2024-12-15 22:00:00,+919886567533,+919883793216,356938015046967,163,"Whitefield, Bengaluru"
REC002315,CASE0059,CDR,2024-12-16 00:00:00,+919886567533,+919826408114,356938015046967,101,"Connaught Place, Delhi"
REC002316,CASE0059,CDR,2024-12-16 01:00:00,+919886567533,+919884564515,356938015046967,278,"Salt Lake, Kolkata"
REC002317,CASE0059,UPI,2024-12-16 06:00:00,amitpay14@okhdfcbank,ravi.k17@okhdfcbank,TXN939852,7500,N/A
REC002318,CASE0059,CDR,2024-12-16 07:00:00,+919886567533,+919883793216,356938015046967,244,"Sector 15, Gurugram"
REC002319,CASE0059,CDR,2024-12-16 13:00:00,+919886567533,+919883793216,356938015046967,311,"Banjara Hills, Hyderabad"
REC002320,CASE0059,CDR,2024-12-16 15:00:00,+919886567533,+919884564515,356938015046967,237,"Anna Nagar, Chennai"
REC002321,CASE0059,UPI,2024-12-17 00:00:00,amitpay14@okhdfcbank,ravi.k17@okhdfcbank,TXN524584,15000,N/A
REC002322,CASE0059,CDR,2024-12-17 02:00:00,+919886567533,+919817853545,356938015046967,356,"Kothrud, Pune"
REC002323,CASE0059,CDR,2024-12-17 14:00:00,+919886567533,+919817853545,356938015046967,277,"Whitefield, Bengaluru"
REC002324,CASE0059,CDR,2024-12-17 17:00:00,+919886567533,+919826408114,356938015046967,150,"Andheri East, Mumbai"
REC002325,CASE0059,CDR,2024-12-17 19:00:00,+919886567533,+919828975920,356938015046967,468,"Vaishali Nagar, Jaipur"
REC002326,CASE0059,CDR,2024-12-18 12:00:00,+919886567533,+919806280155,356938015046967,213,"Salt Lake, Kolkata"
REC002327,CASE0059,UPI,2024-12-18 15:00:00,ravi.k17@okhdfcbank,vikram.t12@icb,TXN199621,15000,N/A
REC002328,CASE0059,CDR,2024-12-18 21:00:00,+919886567533,+919817853545,356938015046967,111,"Kothrud, Pune"
REC002329,CASE0059,UPI,2024-12-18 22:00:00,amitpay14@okhdfcbank,ravi.k17@okhdfcbank,TXN769766,1200,N/A
REC002330,CASE0059,CDR,2024-12-19 01:00:00,+919886567533,+919828975920,356938015046967,154,"Whitefield, Bengaluru"
REC002331,CASE0059,CDR,2024-12-19 03:00:00,+919886567533,+919884564515,356938015046967,285,"Banjara Hills, Hyderabad"
REC002332,CASE0059,UPI,2024-12-19 03:00:00,ravi.k17@okhdfcbank,traders2476@icb,TXN485059,3000,N/A
REC002333,CASE0059,UPI,2024-12-19 04:00:00,amitpay14@okhdfcbank,ravi.k17@okhdfcbank,TXN340842,22000,N/A
REC002334,CASE0059,CDR,2024-12-19 06:00:00,+919886567533,+919843446809,356938015046967,324,"Cyber City, Gurugram"
REC002335,CASE0059,UPI,2024-12-19 14:00:00,ravi.k17@okhdfcbank,pooja.b57@icb,TXN589702,500,N/A
REC002336,CASE0059,UPI,2024-12-19 15:00:00,ravi.k17@okhdfcbank,vikram.t12@icb,TXN325638,7500,N/A
REC002337,CASE0059,UPI,2024-12-20 01:00:00,amitpay14@okhdfcbank,ravi.k17@okhdfcbank,TXN701099,22000,N/A
REC002338,CASE0059,CDR,2024-12-20 14:00:00,+919886567533,+919806280155,356938015046967,55,"Vaishali Nagar, Jaipur"
REC002339,CASE0059,UPI,2024-12-20 16:00:00,amitpay14@okhdfcbank,ravi.k17@okhdfcbank,TXN856922,1200,N/A
REC002340,CASE0059,CDR,2024-12-20 18:00:00,+919886567533,+919806280155,356938015046967,227,"Cyber City, Gurugram"
REC002341,CASE0059,UPI,2024-12-21 04:00:00,amitpay14@okhdfcbank,ravi.k17@okhdfcbank,TXN773068,500,N/A
REC002342,CASE0059,CDR,2024-12-21 07:00:00,+919886567533,+919826408114,356938015046967,447,"Anna Nagar, Chennai"
REC002343,CASE0059,UPI,2024-12-21 09:00:00,ravi.k17@okhdfcbank,vikram.t12@icb,TXN637692,22000,N/A
REC002344,CASE0059,UPI,2024-12-21 10:00:00,ravi.k17@okhdfcbank,vikram.t12@icb,TXN282527,7500,N/A
REC002345,CASE0059,UPI,2024-12-21 11:00:00,ravi.k17@okhdfcbank,pooja.b57@icb,TXN154532,22000,N/A
REC002346,CASE0059,CDR,2024-12-21 13:00:00,+919886567533,+919884564515,356938015046967,122,"Banjara Hills, Hyderabad"
REC002347,CASE0059,CDR,2024-12-22 02:00:00,+919886567533,+919826408114,356938015046967,59,"Andheri East, Mumbai"
REC002348,CASE0059,CDR,2024-12-22 10:00:00,+919886567533,+919828975920,356938015046967,226,"Sector 15, Gurugram"
REC002349,CASE0059,UPI,2024-12-22 13:00:00,ravi.k17@okhdfcbank,traders2476@icb,TXN183696,3000,N/A
REC002350,CASE0059,UPI,2024-12-22 23:00:00,ravi.k17@okhdfcbank,vikram.t12@icb,TXN547818,48000,N/A
REC002351,CASE0060,CDR,2023-07-07 09:00:00,+919847887847,+919892527497,356938023791577,310,"Whitefield, Bengaluru"
REC002352,CASE0060,CDR,2023-07-07 10:00:00,+919847887847,+919803626405,356938023791577,61,"Kothrud, Pune"
REC002353,CASE0060,UPI,2023-07-07 15:00:00,sanjay.p48@okhdfcbank,rajesh.m19@upi,TXN499319,22000,N/A
REC002354,CASE0060,UPI,2023-07-07 15:00:00,sanjay.p48@okhdfcbank,sanjay.p82@icb,TXN150721,1200,N/A
REC002355,CASE0060,CDR,2023-07-07 16:00:00,+919847887847,+919815367281,356938023791577,69,"Salt Lake, Kolkata"
REC002356,CASE0060,UPI,2023-07-07 17:00:00,freshmart29@upi,sanjay.p48@okhdfcbank,TXN370018,3000,N/A
REC002357,CASE0060,CDR,2023-07-07 23:00:00,+919847887847,+919803626405,356938023791577,45,"Vaishali Nagar, Jaipur"
REC002358,CASE0060,CDR,2023-07-08 04:00:00,+919847887847,+919869297112,356938023791577,268,"Cyber City, Gurugram"
REC002359,CASE0060,CDR,2023-07-08 04:00:00,+919847887847,+919859831086,356938023791577,268,"Kothrud, Pune"
REC002360,CASE0060,CDR,2023-07-09 02:00:00,+919847887847,+919815367281,356938023791577,358,"Anna Nagar, Chennai"
REC002361,CASE0060,UPI,2023-07-09 02:00:00,sanjay.p48@okhdfcbank,sanjay.p82@icb,TXN231429,22000,N/A
REC002362,CASE0060,CDR,2023-07-09 03:00:00,+919847887847,+919869297112,356938023791577,121,"Vaishali Nagar, Jaipur"
REC002363,CASE0060,UPI,2023-07-09 03:00:00,freshmart29@upi,sanjay.p48@okhdfcbank,TXN796046,500,N/A
REC002364,CASE0060,CDR,2023-07-09 22:00:00,+919847887847,+919837016736,356938023791577,220,"Cyber City, Gurugram"
REC002365,CASE0060,UPI,2023-07-10 01:00:00,sanjay.p48@okhdfcbank,sanjay.p82@icb,TXN354284,1200,N/A
REC002366,CASE0060,UPI,2023-07-10 04:00:00,freshmart29@upi,sanjay.p48@okhdfcbank,TXN770981,3000,N/A
REC002367,CASE0060,UPI,2023-07-10 05:00:00,freshmart29@upi,sanjay.p48@okhdfcbank,TXN847715,48000,N/A
REC002368,CASE0060,CDR,2023-07-10 10:00:00,+919847887847,+919892527497,356938023791577,398,"Vaishali Nagar, Jaipur"
REC002369,CASE0060,UPI,2023-07-10 12:00:00,sanjay.p48@okhdfcbank,sanjay.p82@icb,TXN144109,3000,N/A
REC002370,CASE0060,UPI,2023-07-10 17:00:00,freshmart29@upi,sanjay.p48@okhdfcbank,TXN780689,7500,N/A
REC002371,CASE0060,CDR,2023-07-11 04:00:00,+919847887847,+919837016736,356938023791577,93,"Andheri East, Mumbai"
REC002372,CASE0060,CDR,2023-07-11 09:00:00,+919847887847,+919815367281,356938023791577,113,"Anna Nagar, Chennai"
REC002373,CASE0060,CDR,2023-07-11 10:00:00,+919847887847,+919882578415,356938023791577,86,"Banjara Hills, Hyderabad"
REC002374,CASE0060,CDR,2023-07-11 10:00:00,+919847887847,+919803626405,356938023791577,208,"Vaishali Nagar, Jaipur"
REC002375,CASE0060,CDR,2023-07-11 11:00:00,+919847887847,+919803626405,356938023791577,462,"Andheri East, Mumbai"
REC002376,CASE0060,CDR,2023-07-11 16:00:00,+919847887847,+919892527497,356938023791577,445,"Salt Lake, Kolkata"
REC002377,CASE0060,CDR,2023-07-12 09:00:00,+919847887847,+919837016736,356938023791577,411,"Salt Lake, Kolkata"
REC002378,CASE0060,CDR,2023-07-12 13:00:00,+919847887847,+919869297112,356938023791577,345,"Salt Lake, Kolkata"
REC002379,CASE0060,UPI,2023-07-12 21:00:00,sanjay.p48@okhdfcbank,ravi.k40@okhdfcbank,TXN345959,15000,N/A
REC002380,CASE0060,CDR,2023-07-13 01:00:00,+919847887847,+919869297112,356938023791577,276,"Sector 15, Gurugram"
REC002381,CASE0060,UPI,2023-07-13 04:00:00,sanjay.p48@okhdfcbank,citypay23@ybl,TXN892635,7500,N/A
REC002382,CASE0060,UPI,2023-07-13 09:00:00,sanjay.p48@okhdfcbank,citypay23@ybl,TXN860900,1200,N/A
REC002383,CASE0060,CDR,2023-07-13 14:00:00,+919847887847,+919892527497,356938023791577,45,"Anna Nagar, Chennai"
REC002384,CASE0060,UPI,2023-07-13 18:00:00,freshmart29@upi,sanjay.p48@okhdfcbank,TXN879779,22000,N/A
REC002385,CASE0060,CDR,2023-07-14 07:00:00,+919847887847,+919869297112,356938023791577,54,"Connaught Place, Delhi"
REC002386,CASE0060,CDR,2023-07-14 12:00:00,+919847887847,+919869297112,356938023791577,87,"Vaishali Nagar, Jaipur"
REC002387,CASE0060,CDR,2023-07-14 22:00:00,+919847887847,+919882578415,356938023791577,143,"Connaught Place, Delhi"
REC002388,CASE0060,CDR,2023-07-14 23:00:00,+919847887847,+919837016736,356938023791577,339,"Connaught Place, Delhi"
REC002389,CASE0060,CDR,2023-07-15 01:00:00,+919847887847,+919815367281,356938023791577,81,"Connaught Place, Delhi"
REC002390,CASE0060,UPI,2023-07-15 01:00:00,sanjay.p48@okhdfcbank,citypay23@ybl,TXN989313,48000,N/A
REC002391,CASE0060,CDR,2023-07-15 14:00:00,+919847887847,+919882578415,356938023791577,140,"Anna Nagar, Chennai"
REC002392,CASE0060,CDR,2023-07-16 00:00:00,+919847887847,+919882578415,356938023791577,36,"Andheri East, Mumbai"
REC002393,CASE0060,UPI,2023-07-16 00:00:00,freshmart29@upi,sanjay.p48@okhdfcbank,TXN671453,1200,N/A
REC002394,CASE0060,CDR,2023-07-16 03:00:00,+919847887847,+919859831086,356938023791577,386,"Cyber City, Gurugram"
REC002395,CASE0060,CDR,2023-07-16 09:00:00,+919847887847,+919859831086,356938023791577,26,"Kothrud, Pune"
REC002396,CASE0060,UPI,2023-07-16 10:00:00,freshmart29@upi,sanjay.p48@okhdfcbank,TXN162429,48000,N/A
REC002397,CASE0060,CDR,2023-07-16 12:00:00,+919847887847,+919803626405,356938023791577,375,"Sector 15, Gurugram"
REC002398,CASE0060,UPI,2023-07-16 12:00:00,freshmart29@upi,sanjay.p48@okhdfcbank,TXN902832,7500,N/A
REC002399,CASE0060,CDR,2023-07-16 16:00:00,+919847887847,+919815367281,356938023791577,328,"Sector 15, Gurugram"
REC002400,CASE0060,CDR,2023-07-16 18:00:00,+919847887847,+919815367281,356938023791577,297,"Anna Nagar, Chennai"
REC002401,CASE0060,UPI,2023-07-16 19:00:00,sanjay.p48@okhdfcbank,citypay23@ybl,TXN898621,15000,N/A
REC002402,CASE0060,CDR,2023-07-16 21:00:00,+919847887847,+919892527497,356938023791577,15,"Kothrud, Pune"
REC002403,CASE0061,CDR,2025-02-04 01:00:00,+919884244527,+919882590036,356938095289892,330,"Anna Nagar, Chennai"
REC002404,CASE0061,CDR,2025-02-04 15:00:00,+919884244527,+919866637100,356938095289892,34,"Andheri East, Mumbai"
REC002405,CASE0061,CDR,2025-02-05 12:00:00,+919884244527,+919869122399,356938095289892,75,"Connaught Place, Delhi"
REC002406,CASE0061,CDR,2025-02-06 01:00:00,+919884244527,+919851524024,356938095289892,20,"Andheri East, Mumbai"
REC002407,CASE0061,UPI,2025-02-07 07:00:00,deepa.v60@icb,sanjay.p12@upi,TXN846722,1200,N/A
REC002408,CASE0061,CDR,2025-02-07 11:00:00,+919884244527,+919882590036,356938095289892,323,"Connaught Place, Delhi"
REC002409,CASE0061,UPI,2025-02-07 11:00:00,sanjay.p12@upi,sanjay.p87@ybl,TXN789907,500,N/A
REC002410,CASE0061,UPI,2025-02-07 23:00:00,sanjay.p12@upi,amitpay30@paytm,TXN834729,1200,N/A
REC002411,CASE0061,CDR,2025-02-08 06:00:00,+919884244527,+919840584805,356938095289892,39,"Connaught Place, Delhi"
REC002412,CASE0061,UPI,2025-02-08 21:00:00,deepa.v60@icb,sanjay.p12@upi,TXN284808,1200,N/A
REC002413,CASE0061,CDR,2025-02-08 23:00:00,+919884244527,+919866637100,356938095289892,156,"Andheri East, Mumbai"
REC002414,CASE0061,CDR,2025-02-09 07:00:00,+919884244527,+919866637100,356938095289892,312,"Salt Lake, Kolkata"
REC002415,CASE0061,UPI,2025-02-09 11:00:00,sanjay.p12@upi,sanjay.p87@ybl,TXN749858,15000,N/A
REC002416,CASE0061,UPI,2025-02-09 14:00:00,deepa.v60@icb,sanjay.p12@upi,TXN150862,7500,N/A
REC002417,CASE0061,UPI,2025-02-09 15:00:00,deepa.v60@icb,sanjay.p12@upi,TXN140885,1200,N/A
REC002418,CASE0061,UPI,2025-02-09 16:00:00,sanjay.p12@upi,sanjay.p87@ybl,TXN146892,3000,N/A
REC002419,CASE0061,UPI,2025-02-09 20:00:00,sanjay.p12@upi,ravi.k94@ybl,TXN627100,3000,N/A
REC002420,CASE0061,CDR,2025-02-09 22:00:00,+919884244527,+919866637100,356938095289892,302,"Banjara Hills, Hyderabad"
REC002421,CASE0061,CDR,2025-02-10 01:00:00,+919884244527,+919870312928,356938095289892,303,"Banjara Hills, Hyderabad"
REC002422,CASE0061,CDR,2025-02-10 08:00:00,+919884244527,+919840584805,356938095289892,287,"Cyber City, Gurugram"
REC002423,CASE0061,CDR,2025-02-11 02:00:00,+919884244527,+919840584805,356938095289892,159,"Anna Nagar, Chennai"
REC002424,CASE0061,CDR,2025-02-11 06:00:00,+919884244527,+919840584805,356938095289892,456,"Connaught Place, Delhi"
REC002425,CASE0061,UPI,2025-02-11 09:00:00,sanjay.p12@upi,ravi.k94@ybl,TXN673867,15000,N/A
REC002426,CASE0061,UPI,2025-02-12 08:00:00,sanjay.p12@upi,sanjay.p87@ybl,TXN414341,7500,N/A
REC002427,CASE0061,CDR,2025-02-12 16:00:00,+919884244527,+919882590036,356938095289892,348,"Sector 15, Gurugram"
REC002428,CASE0061,CDR,2025-02-12 20:00:00,+919884244527,+919870312928,356938095289892,152,"Whitefield, Bengaluru"
REC002429,CASE0061,CDR,2025-02-13 05:00:00,+919884244527,+919840584805,356938095289892,457,"Connaught Place, Delhi"
REC002430,CASE0061,UPI,2025-02-13 15:00:00,sanjay.p12@upi,ravi.k94@ybl,TXN334148,15000,N/A
REC002431,CASE0062,CDR,2024-12-17 00:00:00,+919868467823,+919842643045,356938016862076,19,"Andheri East, Mumbai"
REC002432,CASE0062,CDR,2024-12-17 00:00:00,+919868467823,+919870443953,356938016862076,338,"Banjara Hills, Hyderabad"
REC002433,CASE0062,CDR,2024-12-17 23:00:00,+919868467823,+919870443953,356938016862076,468,"Cyber City, Gurugram"
REC002434,CASE0062,CDR,2024-12-19 14:00:00,+919868467823,+919833442584,356938016862076,353,"Sector 15, Gurugram"
REC002435,CASE0062,UPI,2024-12-19 15:00:00,citypay26@ybl,sanjay.p92@upi,TXN249789,1200,N/A
REC002436,CASE0062,UPI,2024-12-19 15:00:00,deepa.v16@icb,citypay26@ybl,TXN417366,7500,N/A
REC002437,CASE0062,UPI,2024-12-20 00:00:00,deepa.v16@icb,citypay26@ybl,TXN895866,22000,N/A
REC002438,CASE0062,UPI,2024-12-20 15:00:00,deepa.v16@icb,citypay26@ybl,TXN224685,500,N/A
REC002439,CASE0062,CDR,2024-12-20 17:00:00,+919868467823,+919870443953,356938016862076,167,"Vaishali Nagar, Jaipur"
REC002440,CASE0062,UPI,2024-12-21 10:00:00,citypay26@ybl,freshmart58@ybl,TXN137023,48000,N/A
REC002441,CASE0062,CDR,2024-12-21 14:00:00,+919868467823,+919842643045,356938016862076,100,"Banjara Hills, Hyderabad"
REC002442,CASE0062,UPI,2024-12-21 17:00:00,citypay26@ybl,freshmart58@ybl,TXN784978,48000,N/A
REC002443,CASE0062,CDR,2024-12-21 23:00:00,+919868467823,+919842643045,356938016862076,30,"Banjara Hills, Hyderabad"
REC002444,CASE0062,UPI,2024-12-22 02:00:00,citypay26@ybl,deepa.v78@okhdfcbank,TXN162441,22000,N/A
REC002445,CASE0062,CDR,2024-12-22 11:00:00,+919868467823,+919821092380,356938016862076,115,"Connaught Place, Delhi"
REC002446,CASE0062,CDR,2024-12-22 20:00:00,+919868467823,+919821092380,356938016862076,499,"Sector 15, Gurugram"
REC002447,CASE0062,UPI,2024-12-23 03:00:00,deepa.v16@icb,citypay26@ybl,TXN926120,3000,N/A
REC002448,CASE0062,CDR,2024-12-23 18:00:00,+919868467823,+919870443953,356938016862076,367,"Kothrud, Pune"
REC002449,CASE0062,CDR,2024-12-24 14:00:00,+919868467823,+919842643045,356938016862076,83,"Anna Nagar, Chennai"
REC002450,CASE0062,CDR,2024-12-24 16:00:00,+919868467823,+919892720543,356938016862076,60,"Banjara Hills, Hyderabad"
REC002451,CASE0062,CDR,2024-12-25 02:00:00,+919868467823,+919833442584,356938016862076,214,"Banjara Hills, Hyderabad"
REC002452,CASE0062,CDR,2024-12-25 13:00:00,+919868467823,+919821092380,356938016862076,78,"Anna Nagar, Chennai"
REC002453,CASE0062,UPI,2024-12-26 10:00:00,deepa.v16@icb,citypay26@ybl,TXN188202,7500,N/A
REC002454,CASE0062,CDR,2024-12-26 13:00:00,+919868467823,+919892720543,356938016862076,222,"Vaishali Nagar, Jaipur"
REC002455,CASE0062,CDR,2024-12-26 15:00:00,+919868467823,+919870443953,356938016862076,286,"Banjara Hills, Hyderabad"
REC002456,CASE0062,CDR,2024-12-26 17:00:00,+919868467823,+919892720543,356938016862076,484,"Vaishali Nagar, Jaipur"
REC002457,CASE0063,UPI,2023-09-15 02:00:00,amitpay99@paytm,sunita.d40@paytm,TXN894039,3000,N/A
REC002458,CASE0063,CDR,2023-09-15 05:00:00,+919872982908,+919812843265,356938017565477,487,"Kothrud, Pune"
REC002459,CASE0063,UPI,2023-09-15 08:00:00,amitpay99@paytm,rajesh.m87@ybl,TXN294195,7500,N/A
REC002460,CASE0063,CDR,2023-09-15 10:00:00,+919872982908,+919812843265,356938017565477,369,"Salt Lake, Kolkata"
REC002461,CASE0063,CDR,2023-09-15 21:00:00,+919872982908,+919812843265,356938017565477,107,"Anna Nagar, Chennai"
REC002462,CASE0063,CDR,2023-09-15 23:00:00,+919872982908,+919837237466,356938017565477,261,"Vaishali Nagar, Jaipur"
REC002463,CASE0063,CDR,2023-09-16 02:00:00,+919872982908,+919837237466,356938017565477,99,"Andheri East, Mumbai"
REC002464,CASE0063,UPI,2023-09-16 02:00:00,amitpay99@paytm,rajesh.m87@ybl,TXN369475,22000,N/A
REC002465,CASE0063,UPI,2023-09-16 12:00:00,amitpay99@paytm,rajesh.m98@okhdfcbank,TXN912864,3000,N/A
REC002466,CASE0063,UPI,2023-09-16 13:00:00,amitpay99@paytm,sunita.d40@paytm,TXN393130,500,N/A
REC002467,CASE0063,CDR,2023-09-16 16:00:00,+919872982908,+919812843265,356938017565477,88,"Kothrud, Pune"
REC002468,CASE0063,CDR,2023-09-17 05:00:00,+919872982908,+919838233360,356938017565477,184,"Banjara Hills, Hyderabad"
REC002469,CASE0063,CDR,2023-09-17 07:00:00,+919872982908,+919812843265,356938017565477,307,"Salt Lake, Kolkata"
REC002470,CASE0063,UPI,2023-09-17 08:00:00,meera.s58@icb,amitpay99@paytm,TXN713920,7500,N/A
REC002471,CASE0063,CDR,2023-09-17 09:00:00,+919872982908,+919832505170,356938017565477,39,"Banjara Hills, Hyderabad"
REC002472,CASE0063,CDR,2023-09-17 15:00:00,+919872982908,+919812843265,356938017565477,130,"Cyber City, Gurugram"
REC002473,CASE0063,UPI,2023-09-17 16:00:00,meera.s58@icb,amitpay99@paytm,TXN808990,48000,N/A
REC002474,CASE0063,CDR,2023-09-17 21:00:00,+919872982908,+919838233360,356938017565477,60,"Banjara Hills, Hyderabad"
REC002475,CASE0063,CDR,2023-09-17 21:00:00,+919872982908,+919812843265,356938017565477,394,"Salt Lake, Kolkata"
REC002476,CASE0063,CDR,2023-09-17 22:00:00,+919872982908,+919812208096,356938017565477,106,"Anna Nagar, Chennai"
REC002477,CASE0063,UPI,2023-09-18 02:00:00,meera.s58@icb,amitpay99@paytm,TXN298418,500,N/A
REC002478,CASE0063,UPI,2023-09-18 03:00:00,amitpay99@paytm,sunita.d40@paytm,TXN150446,22000,N/A
REC002479,CASE0063,CDR,2023-09-18 10:00:00,+919872982908,+919837237466,356938017565477,42,"Salt Lake, Kolkata"
REC002480,CASE0063,CDR,2023-09-18 20:00:00,+919872982908,+919812208096,356938017565477,133,"Kothrud, Pune"
REC002481,CASE0063,CDR,2023-09-18 22:00:00,+919872982908,+919832505170,356938017565477,163,"Whitefield, Bengaluru"
REC002482,CASE0063,UPI,2023-09-19 00:00:00,meera.s58@icb,amitpay99@paytm,TXN942219,3000,N/A
REC002483,CASE0063,UPI,2023-09-19 02:00:00,amitpay99@paytm,deepa.v52@okhdfcbank,TXN719529,15000,N/A
REC002484,CASE0063,UPI,2023-09-19 06:00:00,amitpay99@paytm,deepa.v52@okhdfcbank,TXN880908,7500,N/A
REC002485,CASE0063,CDR,2023-09-19 17:00:00,+919872982908,+919832505170,356938017565477,367,"Banjara Hills, Hyderabad"
REC002486,CASE0063,CDR,2023-09-19 18:00:00,+919872982908,+919833833283,356938017565477,123,"Whitefield, Bengaluru"
REC002487,CASE0063,CDR,2023-09-20 13:00:00,+919872982908,+919837237466,356938017565477,429,"Banjara Hills, Hyderabad"
REC002488,CASE0063,CDR,2023-09-20 18:00:00,+919872982908,+919837237466,356938017565477,467,"Cyber City, Gurugram"
REC002489,CASE0063,CDR,2023-09-20 19:00:00,+919872982908,+919812843265,356938017565477,328,"Vaishali Nagar, Jaipur"
REC002490,CASE0063,UPI,2023-09-20 20:00:00,amitpay99@paytm,rajesh.m98@okhdfcbank,TXN393209,22000,N/A
REC002491,CASE0063,UPI,2023-09-20 21:00:00,amitpay99@paytm,sunita.d40@paytm,TXN506684,7500,N/A
REC002492,CASE0063,UPI,2023-09-21 03:00:00,amitpay99@paytm,sunita.d40@paytm,TXN800413,3000,N/A
REC002493,CASE0063,UPI,2023-09-21 07:00:00,amitpay99@paytm,rajesh.m98@okhdfcbank,TXN401866,22000,N/A
REC002494,CASE0063,CDR,2023-09-21 09:00:00,+919872982908,+919812208096,356938017565477,494,"Vaishali Nagar, Jaipur"
REC002495,CASE0063,UPI,2023-09-21 13:00:00,meera.s58@icb,amitpay99@paytm,TXN565481,3000,N/A
REC002496,CASE0063,UPI,2023-09-22 04:00:00,amitpay99@paytm,deepa.v52@okhdfcbank,TXN437730,3000,N/A
REC002497,CASE0063,CDR,2023-09-22 05:00:00,+919872982908,+919832505170,356938017565477,314,"Whitefield, Bengaluru"
REC002498,CASE0063,CDR,2023-09-22 09:00:00,+919872982908,+919838233360,356938017565477,240,"Kothrud, Pune"
REC002499,CASE0063,UPI,2023-09-22 13:00:00,amitpay99@paytm,rajesh.m98@okhdfcbank,TXN213733,48000,N/A
REC002500,CASE0063,CDR,2023-09-23 11:00:00,+919872982908,+919812843265,356938017565477,360,"Banjara Hills, Hyderabad"
REC002501,CASE0063,CDR,2023-09-23 11:00:00,+919872982908,+919833833283,356938017565477,428,"Whitefield, Bengaluru"
REC002502,CASE0063,CDR,2023-09-23 13:00:00,+919872982908,+919838233360,356938017565477,474,"Kothrud, Pune"
REC002503,CASE0063,UPI,2023-09-23 16:00:00,amitpay99@paytm,deepa.v52@okhdfcbank,TXN848147,15000,N/A
REC002504,CASE0063,CDR,2023-09-23 20:00:00,+919872982908,+919838233360,356938017565477,240,"Cyber City, Gurugram"
REC002505,CASE0063,CDR,2023-09-24 00:00:00,+919872982908,+919828580560,356938017565477,447,"Vaishali Nagar, Jaipur"
REC002506,CASE0063,CDR,2023-09-24 04:00:00,+919872982908,+919832505170,356938017565477,376,"Whitefield, Bengaluru"
REC002507,CASE0063,CDR,2023-09-24 07:00:00,+919872982908,+919832505170,356938017565477,115,"Kothrud, Pune"
REC002508,CASE0063,CDR,2023-09-24 10:00:00,+919872982908,+919812208096,356938017565477,136,"Sector 15, Gurugram"
REC002509,CASE0063,UPI,2023-09-24 11:00:00,meera.s58@icb,amitpay99@paytm,TXN343669,22000,N/A
REC002510,CASE0063,CDR,2023-09-24 12:00:00,+919872982908,+919833833283,356938017565477,256,"Andheri East, Mumbai"
REC002511,CASE0064,UPI,2024-12-03 03:00:00,anita.r13@okhdfcbank,ravi.k39@ybl,TXN713830,1200,N/A
REC002512,CASE0064,UPI,2024-12-03 11:00:00,anita.r13@okhdfcbank,amitpay59@okhdfcbank,TXN438024,15000,N/A
REC002513,CASE0064,CDR,2024-12-04 04:00:00,+919888294313,+919897952540,356938018534404,138,"Salt Lake, Kolkata"
REC002514,CASE0064,UPI,2024-12-04 07:00:00,traders2431@paytm,anita.r13@okhdfcbank,TXN718313,22000,N/A
REC002515,CASE0064,CDR,2024-12-04 08:00:00,+919888294313,+919817098173,356938018534404,114,"Kothrud, Pune"
REC002516,CASE0064,UPI,2024-12-04 16:00:00,anita.r13@okhdfcbank,vikram.t22@ybl,TXN939162,22000,N/A
REC002517,CASE0064,CDR,2024-12-04 17:00:00,+919888294313,+919804323127,356938018534404,402,"Vaishali Nagar, Jaipur"
REC002518,CASE0064,CDR,2024-12-04 23:00:00,+919888294313,+919804323127,356938018534404,223,"Whitefield, Bengaluru"
REC002519,CASE0064,CDR,2024-12-05 01:00:00,+919888294313,+919817098173,356938018534404,271,"Anna Nagar, Chennai"
REC002520,CASE0064,CDR,2024-12-05 02:00:00,+919888294313,+919897952540,356938018534404,271,"Andheri East, Mumbai"
REC002521,CASE0064,CDR,2024-12-05 02:00:00,+919888294313,+919825127684,356938018534404,463,"Salt Lake, Kolkata"
REC002522,CASE0064,UPI,2024-12-05 21:00:00,anita.r13@okhdfcbank,ravi.k39@ybl,TXN956278,7500,N/A
REC002523,CASE0064,CDR,2024-12-06 07:00:00,+919888294313,+919817098173,356938018534404,66,"Anna Nagar, Chennai"
REC002524,CASE0064,CDR,2024-12-06 09:00:00,+919888294313,+919818297268,356938018534404,22,"Sector 15, Gurugram"
REC002525,CASE0064,CDR,2024-12-06 09:00:00,+919888294313,+919804323127,356938018534404,259,"Andheri East, Mumbai"
REC002526,CASE0064,UPI,2024-12-06 19:00:00,traders2431@paytm,anita.r13@okhdfcbank,TXN985361,500,N/A
REC002527,CASE0064,UPI,2024-12-06 22:00:00,anita.r13@okhdfcbank,nikhil.j84@okhdfcbank,TXN823877,48000,N/A
REC002528,CASE0064,CDR,2024-12-06 23:00:00,+919888294313,+919817098173,356938018534404,325,"Cyber City, Gurugram"
REC002529,CASE0064,CDR,2024-12-07 03:00:00,+919888294313,+919822131838,356938018534404,392,"Whitefield, Bengaluru"
REC002530,CASE0064,UPI,2024-12-07 03:00:00,anita.r13@okhdfcbank,ravi.k39@ybl,TXN360245,22000,N/A
REC002531,CASE0064,CDR,2024-12-07 16:00:00,+919888294313,+919897952540,356938018534404,225,"Andheri East, Mumbai"
REC002532,CASE0064,UPI,2024-12-07 19:00:00,anita.r13@okhdfcbank,ravi.k39@ybl,TXN631452,48000,N/A
REC002533,CASE0064,UPI,2024-12-07 20:00:00,anita.r13@okhdfcbank,amitpay59@okhdfcbank,TXN778782,3000,N/A
REC002534,CASE0064,CDR,2024-12-08 07:00:00,+919888294313,+919804323127,356938018534404,303,"Sector 15, Gurugram"
REC002535,CASE0064,CDR,2024-12-08 17:00:00,+919888294313,+919804323127,356938018534404,339,"Vaishali Nagar, Jaipur"
REC002536,CASE0064,UPI,2024-12-08 18:00:00,anita.r13@okhdfcbank,amitpay59@okhdfcbank,TXN620101,500,N/A
REC002537,CASE0064,CDR,2024-12-09 03:00:00,+919888294313,+919804323127,356938018534404,118,"Andheri East, Mumbai"
REC002538,CASE0064,CDR,2024-12-09 03:00:00,+919888294313,+919804323127,356938018534404,162,"Vaishali Nagar, Jaipur"
REC002539,CASE0064,CDR,2024-12-09 04:00:00,+919888294313,+919822131838,356938018534404,225,"Banjara Hills, Hyderabad"
REC002540,CASE0064,UPI,2024-12-09 13:00:00,traders2431@paytm,anita.r13@okhdfcbank,TXN799812,7500,N/A
REC002541,CASE0064,UPI,2024-12-09 14:00:00,anita.r13@okhdfcbank,nikhil.j84@okhdfcbank,TXN431260,48000,N/A
REC002542,CASE0064,CDR,2024-12-09 23:00:00,+919888294313,+919822131838,356938018534404,35,"Sector 15, Gurugram"
REC002543,CASE0064,UPI,2024-12-10 04:00:00,traders2431@paytm,anita.r13@okhdfcbank,TXN885706,500,N/A
REC002544,CASE0064,CDR,2024-12-10 05:00:00,+919888294313,+919804323127,356938018534404,210,"Kothrud, Pune"
REC002545,CASE0064,CDR,2024-12-10 12:00:00,+919888294313,+919817098173,356938018534404,33,"Salt Lake, Kolkata"
REC002546,CASE0064,CDR,2024-12-10 13:00:00,+919888294313,+919817098173,356938018534404,299,"Anna Nagar, Chennai"
REC002547,CASE0064,UPI,2024-12-10 13:00:00,traders2431@paytm,anita.r13@okhdfcbank,TXN990711,15000,N/A
REC002548,CASE0064,CDR,2024-12-10 18:00:00,+919888294313,+919853180415,356938018534404,90,"Kothrud, Pune"
REC002549,CASE0064,CDR,2024-12-10 20:00:00,+919888294313,+919853180415,356938018534404,64,"Salt Lake, Kolkata"
REC002550,CASE0064,CDR,2024-12-11 02:00:00,+919888294313,+919825127684,356938018534404,184,"Connaught Place, Delhi"
REC002551,CASE0064,CDR,2024-12-11 10:00:00,+919888294313,+919897952540,356938018534404,75,"Cyber City, Gurugram"
REC002552,CASE0064,CDR,2024-12-11 12:00:00,+919888294313,+919825127684,356938018534404,366,"Connaught Place, Delhi"
REC002553,CASE0064,CDR,2024-12-11 15:00:00,+919888294313,+919822131838,356938018534404,141,"Sector 15, Gurugram"
REC002554,CASE0064,UPI,2024-12-11 16:00:00,anita.r13@okhdfcbank,vikram.t22@ybl,TXN610476,48000,N/A
REC002555,CASE0064,CDR,2024-12-11 17:00:00,+919888294313,+919804323127,356938018534404,189,"Kothrud, Pune"
REC002556,CASE0064,CDR,2024-12-11 19:00:00,+919888294313,+919822131838,356938018534404,61,"Salt Lake, Kolkata"
REC002557,CASE0064,UPI,2024-12-11 22:00:00,traders2431@paytm,anita.r13@okhdfcbank,TXN335209,15000,N/A
REC002558,CASE0064,CDR,2024-12-12 01:00:00,+919888294313,+919818297268,356938018534404,100,"Kothrud, Pune"
REC002559,CASE0064,CDR,2024-12-12 02:00:00,+919888294313,+919897952540,356938018534404,123,"Cyber City, Gurugram"
REC002560,CASE0064,UPI,2024-12-12 02:00:00,traders2431@paytm,anita.r13@okhdfcbank,TXN623805,7500,N/A
REC002561,CASE0064,CDR,2024-12-12 08:00:00,+919888294313,+919897952540,356938018534404,80,"Anna Nagar, Chennai"
REC002562,CASE0064,UPI,2024-12-12 12:00:00,anita.r13@okhdfcbank,vikram.t22@ybl,TXN817019,7500,N/A
REC002563,CASE0064,CDR,2024-12-12 17:00:00,+919888294313,+919804323127,356938018534404,36,"Banjara Hills, Hyderabad"
REC002564,CASE0064,UPI,2024-12-12 20:00:00,anita.r13@okhdfcbank,amitpay59@okhdfcbank,TXN474756,22000,N/A
REC002565,CASE0064,CDR,2024-12-13 00:00:00,+919888294313,+919853180415,356938018534404,234,"Cyber City, Gurugram"
REC002566,CASE0064,UPI,2024-12-13 00:00:00,anita.r13@okhdfcbank,ravi.k39@ybl,TXN481338,7500,N/A
REC002567,CASE0065,UPI,2024-10-12 05:00:00,rajesh.m43@upi,rajesh.m29@paytm,TXN750469,48000,N/A
REC002568,CASE0065,UPI,2024-10-12 06:00:00,rajesh.m43@upi,rajesh.m29@paytm,TXN245130,7500,N/A
REC002569,CASE0065,CDR,2024-10-12 14:00:00,+919828249690,+919893976332,356938048265501,69,"Connaught Place, Delhi"
REC002570,CASE0065,UPI,2024-10-12 20:00:00,rajesh.m29@paytm,ravi.k50@icb,TXN801621,500,N/A
REC002571,CASE0065,UPI,2024-10-13 03:00:00,rajesh.m29@paytm,rajesh.m18@ybl,TXN927380,7500,N/A
REC002572,CASE0065,CDR,2024-10-13 05:00:00,+919828249690,+919855667354,356938048265501,135,"Vaishali Nagar, Jaipur"
REC002573,CASE0065,CDR,2024-10-13 05:00:00,+919828249690,+919881072942,356938048265501,325,"Cyber City, Gurugram"
REC002574,CASE0065,UPI,2024-10-13 05:00:00,rajesh.m29@paytm,nikhil.j10@paytm,TXN343967,7500,N/A
REC002575,CASE0065,UPI,2024-10-13 14:00:00,rajesh.m29@paytm,freshmart75@upi,TXN185713,500,N/A
REC002576,CASE0065,CDR,2024-10-13 15:00:00,+919828249690,+919855667354,356938048265501,119,"Kothrud, Pune"
REC002577,CASE0065,CDR,2024-10-14 03:00:00,+919828249690,+919837065407,356938048265501,262,"Kothrud, Pune"
REC002578,CASE0065,UPI,2024-10-14 06:00:00,rajesh.m43@upi,rajesh.m29@paytm,TXN311759,3000,N/A
REC002579,CASE0065,CDR,2024-10-14 08:00:00,+919828249690,+919881072942,356938048265501,439,"Andheri East, Mumbai"
REC002580,CASE0065,UPI,2024-10-14 15:00:00,rajesh.m43@upi,rajesh.m29@paytm,TXN656216,1200,N/A
REC002581,CASE0065,CDR,2024-10-14 17:00:00,+919828249690,+919855667354,356938048265501,487,"Sector 15, Gurugram"
REC002582,CASE0065,CDR,2024-10-14 20:00:00,+919828249690,+919855667354,356938048265501,375,"Connaught Place, Delhi"
REC002583,CASE0065,CDR,2024-10-15 00:00:00,+919828249690,+919881072942,356938048265501,222,"Sector 15, Gurugram"
REC002584,CASE0065,CDR,2024-10-15 03:00:00,+919828249690,+919881072942,356938048265501,331,"Connaught Place, Delhi"
REC002585,CASE0065,UPI,2024-10-15 11:00:00,rajesh.m43@upi,rajesh.m29@paytm,TXN270735,500,N/A
REC002586,CASE0065,CDR,2024-10-15 12:00:00,+919828249690,+919881072942,356938048265501,234,"Andheri East, Mumbai"
REC002587,CASE0065,CDR,2024-10-15 16:00:00,+919828249690,+919855667354,356938048265501,280,"Salt Lake, Kolkata"
REC002588,CASE0065,CDR,2024-10-15 16:00:00,+919828249690,+919892586414,356938048265501,347,"Cyber City, Gurugram"
REC002589,CASE0065,UPI,2024-10-15 22:00:00,rajesh.m29@paytm,ravi.k50@icb,TXN584448,1200,N/A
REC002590,CASE0065,CDR,2024-10-16 06:00:00,+919828249690,+919881072942,356938048265501,226,"Andheri East, Mumbai"
REC002591,CASE0065,CDR,2024-10-16 11:00:00,+919828249690,+919892586414,356938048265501,180,"Banjara Hills, Hyderabad"
REC002592,CASE0065,CDR,2024-10-16 16:00:00,+919828249690,+919893976332,356938048265501,168,"Andheri East, Mumbai"
REC002593,CASE0065,UPI,2024-10-17 10:00:00,rajesh.m43@upi,rajesh.m29@paytm,TXN924104,48000,N/A
REC002594,CASE0065,CDR,2024-10-17 13:00:00,+919828249690,+919838868422,356938048265501,268,"Vaishali Nagar, Jaipur"
REC002595,CASE0065,CDR,2024-10-17 14:00:00,+919828249690,+919893976332,356938048265501,103,"Banjara Hills, Hyderabad"
REC002596,CASE0065,UPI,2024-10-17 14:00:00,rajesh.m29@paytm,ravi.k50@icb,TXN431227,500,N/A
REC002597,CASE0065,UPI,2024-10-17 16:00:00,rajesh.m43@upi,rajesh.m29@paytm,TXN129730,7500,N/A
REC002598,CASE0065,CDR,2024-10-18 09:00:00,+919828249690,+919837065407,356938048265501,480,"Kothrud, Pune"
REC002599,CASE0065,UPI,2024-10-18 10:00:00,rajesh.m43@upi,rajesh.m29@paytm,TXN667700,15000,N/A
REC002600,CASE0065,CDR,2024-10-18 13:00:00,+919828249690,+919893976332,356938048265501,307,"Anna Nagar, Chennai"
REC002601,CASE0065,CDR,2024-10-18 17:00:00,+919828249690,+919865213854,356938048265501,47,"Sector 15, Gurugram"
REC002602,CASE0065,CDR,2024-10-18 19:00:00,+919828249690,+919893976332,356938048265501,81,"Banjara Hills, Hyderabad"
REC002603,CASE0065,CDR,2024-10-19 04:00:00,+919828249690,+919881072942,356938048265501,204,"Salt Lake, Kolkata"
REC002604,CASE0065,UPI,2024-10-19 04:00:00,rajesh.m29@paytm,nikhil.j10@paytm,TXN959600,22000,N/A
REC002605,CASE0065,CDR,2024-10-19 11:00:00,+919828249690,+919893976332,356938048265501,253,"Kothrud, Pune"
REC002606,CASE0065,CDR,2024-10-19 13:00:00,+919828249690,+919893976332,356938048265501,408,"Banjara Hills, Hyderabad"
REC002607,CASE0065,CDR,2024-10-19 18:00:00,+919828249690,+919855667354,356938048265501,300,"Banjara Hills, Hyderabad"
REC002608,CASE0065,UPI,2024-10-19 20:00:00,rajesh.m43@upi,rajesh.m29@paytm,TXN970275,500,N/A
REC002609,CASE0065,CDR,2024-10-20 13:00:00,+919828249690,+919838868422,356938048265501,121,"Anna Nagar, Chennai"
REC002610,CASE0065,UPI,2024-10-21 05:00:00,rajesh.m29@paytm,nikhil.j10@paytm,TXN770287,22000,N/A
REC002611,CASE0065,CDR,2024-10-21 11:00:00,+919828249690,+919837065407,356938048265501,323,"Whitefield, Bengaluru"
REC002612,CASE0065,CDR,2024-10-21 16:00:00,+919828249690,+919881072942,356938048265501,243,"Anna Nagar, Chennai"
REC002613,CASE0065,CDR,2024-10-21 21:00:00,+919828249690,+919855667354,356938048265501,338,"Whitefield, Bengaluru"
REC002614,CASE0066,CDR,2025-04-27 09:00:00,+919868109624,+919810011832,356938073897503,279,"Cyber City, Gurugram"
REC002615,CASE0066,UPI,2025-04-27 23:00:00,freshmart72@okhdfcbank,sanjay.p24@okhdfcbank,TXN379606,22000,N/A
REC002616,CASE0066,UPI,2025-04-28 01:00:00,freshmart72@okhdfcbank,sanjay.p24@okhdfcbank,TXN712487,15000,N/A
REC002617,CASE0066,UPI,2025-04-28 05:00:00,sanjay.p24@okhdfcbank,amitpay79@okhdfcbank,TXN580882,1200,N/A
REC002618,CASE0066,CDR,2025-04-28 09:00:00,+919868109624,+919854826941,356938073897503,41,"Vaishali Nagar, Jaipur"
REC002619,CASE0066,UPI,2025-04-28 09:00:00,sanjay.p24@okhdfcbank,amitpay79@okhdfcbank,TXN837430,7500,N/A
REC002620,CASE0066,CDR,2025-04-28 15:00:00,+919868109624,+919890770353,356938073897503,178,"Whitefield, Bengaluru"
REC002621,CASE0066,UPI,2025-04-28 17:00:00,freshmart72@okhdfcbank,sanjay.p24@okhdfcbank,TXN314103,15000,N/A
REC002622,CASE0066,UPI,2025-04-28 18:00:00,sanjay.p24@okhdfcbank,nikhil.j73@paytm,TXN660790,3000,N/A
REC002623,CASE0066,CDR,2025-04-29 02:00:00,+919868109624,+919834838406,356938073897503,276,"Sector 15, Gurugram"
REC002624,CASE0066,UPI,2025-04-29 05:00:00,sanjay.p24@okhdfcbank,citypay79@upi,TXN277692,48000,N/A
REC002625,CASE0066,CDR,2025-04-29 12:00:00,+919868109624,+919890770353,356938073897503,83,"Anna Nagar, Chennai"
REC002626,CASE0066,CDR,2025-04-29 20:00:00,+919868109624,+919879074144,356938073897503,399,"Banjara Hills, Hyderabad"
REC002627,CASE0066,CDR,2025-04-29 23:00:00,+919868109624,+919890770353,356938073897503,335,"Andheri East, Mumbai"
REC002628,CASE0066,CDR,2025-04-30 03:00:00,+919868109624,+919879074144,356938073897503,201,"Andheri East, Mumbai"
REC002629,CASE0066,UPI,2025-04-30 04:00:00,freshmart72@okhdfcbank,sanjay.p24@okhdfcbank,TXN969982,48000,N/A
REC002630,CASE0066,UPI,2025-04-30 11:00:00,freshmart72@okhdfcbank,sanjay.p24@okhdfcbank,TXN496369,500,N/A
REC002631,CASE0066,CDR,2025-04-30 14:00:00,+919868109624,+919895179968,356938073897503,133,"Andheri East, Mumbai"
REC002632,CASE0066,CDR,2025-04-30 21:00:00,+919868109624,+919890770353,356938073897503,393,"Cyber City, Gurugram"
REC002633,CASE0066,CDR,2025-05-01 06:00:00,+919868109624,+919854826941,356938073897503,20,"Salt Lake, Kolkata"
REC002634,CASE0066,CDR,2025-05-01 15:00:00,+919868109624,+919895179968,356938073897503,391,"Salt Lake, Kolkata"
REC002635,CASE0066,CDR,2025-05-01 20:00:00,+919868109624,+919879074144,356938073897503,369,"Whitefield, Bengaluru"
REC002636,CASE0066,UPI,2025-05-01 20:00:00,sanjay.p24@okhdfcbank,nikhil.j73@paytm,TXN180761,1200,N/A
REC002637,CASE0066,CDR,2025-05-01 22:00:00,+919868109624,+919834838406,356938073897503,413,"Anna Nagar, Chennai"
REC002638,CASE0066,UPI,2025-05-01 22:00:00,sanjay.p24@okhdfcbank,amitpay79@okhdfcbank,TXN425457,3000,N/A
REC002639,CASE0066,CDR,2025-05-02 08:00:00,+919868109624,+919890770353,356938073897503,265,"Sector 15, Gurugram"
REC002640,CASE0066,UPI,2025-05-02 09:00:00,sanjay.p24@okhdfcbank,amitpay79@okhdfcbank,TXN827098,22000,N/A
REC002641,CASE0066,UPI,2025-05-02 11:00:00,freshmart72@okhdfcbank,sanjay.p24@okhdfcbank,TXN879668,7500,N/A
REC002642,CASE0066,UPI,2025-05-02 15:00:00,sanjay.p24@okhdfcbank,citypay79@upi,TXN592947,500,N/A
REC002643,CASE0066,CDR,2025-05-02 16:00:00,+919868109624,+919890770353,356938073897503,341,"Kothrud, Pune"
REC002644,CASE0066,CDR,2025-05-02 18:00:00,+919868109624,+919894813970,356938073897503,480,"Connaught Place, Delhi"
REC002645,CASE0066,CDR,2025-05-03 08:00:00,+919868109624,+919879074144,356938073897503,479,"Banjara Hills, Hyderabad"
REC002646,CASE0066,UPI,2025-05-03 08:00:00,sanjay.p24@okhdfcbank,nikhil.j73@paytm,TXN981650,22000,N/A
REC002647,CASE0066,CDR,2025-05-03 17:00:00,+919868109624,+919894813970,356938073897503,72,"Andheri East, Mumbai"
REC002648,CASE0066,UPI,2025-05-03 17:00:00,freshmart72@okhdfcbank,sanjay.p24@okhdfcbank,TXN846218,7500,N/A
REC002649,CASE0066,UPI,2025-05-04 03:00:00,freshmart72@okhdfcbank,sanjay.p24@okhdfcbank,TXN208179,500,N/A
REC002650,CASE0066,CDR,2025-05-04 09:00:00,+919868109624,+919890770353,356938073897503,106,"Kothrud, Pune"
REC002651,CASE0066,CDR,2025-05-04 14:00:00,+919868109624,+919854826941,356938073897503,492,"Anna Nagar, Chennai"
REC002652,CASE0066,UPI,2025-05-04 14:00:00,freshmart72@okhdfcbank,sanjay.p24@okhdfcbank,TXN626437,48000,N/A
REC002653,CASE0066,CDR,2025-05-04 19:00:00,+919868109624,+919895179968,356938073897503,292,"Andheri East, Mumbai"
REC002654,CASE0066,CDR,2025-05-05 00:00:00,+919868109624,+919854826941,356938073897503,376,"Anna Nagar, Chennai"
REC002655,CASE0066,CDR,2025-05-05 00:00:00,+919868109624,+919834838406,356938073897503,226,"Anna Nagar, Chennai"
REC002656,CASE0066,UPI,2025-05-05 14:00:00,sanjay.p24@okhdfcbank,citypay79@upi,TXN683039,22000,N/A
REC002657,CASE0066,UPI,2025-05-05 23:00:00,freshmart72@okhdfcbank,sanjay.p24@okhdfcbank,TXN265411,500,N/A
REC002658,CASE0066,UPI,2025-05-06 00:00:00,sanjay.p24@okhdfcbank,nikhil.j73@paytm,TXN444100,15000,N/A
REC002659,CASE0066,UPI,2025-05-06 05:00:00,freshmart72@okhdfcbank,sanjay.p24@okhdfcbank,TXN932158,500,N/A
REC002660,CASE0066,CDR,2025-05-06 06:00:00,+919868109624,+919854826941,356938073897503,297,"Cyber City, Gurugram"
REC002661,CASE0066,CDR,2025-05-06 08:00:00,+919868109624,+919895179968,356938073897503,77,"Salt Lake, Kolkata"
REC002662,CASE0066,UPI,2025-05-06 08:00:00,freshmart72@okhdfcbank,sanjay.p24@okhdfcbank,TXN763851,500,N/A
REC002663,CASE0066,CDR,2025-05-06 11:00:00,+919868109624,+919890770353,356938073897503,63,"Salt Lake, Kolkata"
REC002664,CASE0066,CDR,2025-05-06 14:00:00,+919868109624,+919879074144,356938073897503,285,"Cyber City, Gurugram"
REC002665,CASE0066,CDR,2025-05-06 21:00:00,+919868109624,+919854826941,356938073897503,127,"Salt Lake, Kolkata"
REC002666,CASE0066,CDR,2025-05-06 22:00:00,+919868109624,+919894813970,356938073897503,211,"Salt Lake, Kolkata"
REC002667,CASE0066,UPI,2025-05-06 23:00:00,sanjay.p24@okhdfcbank,nikhil.j73@paytm,TXN313105,3000,N/A
REC002668,CASE0067,UPI,2024-01-06 17:00:00,traders2499@paytm,pooja.b81@icb,TXN475310,1200,N/A
REC002669,CASE0067,CDR,2024-01-07 09:00:00,+919858858718,+919886480771,356938067446153,411,"Cyber City, Gurugram"
REC002670,CASE0067,CDR,2024-01-07 14:00:00,+919858858718,+919886480771,356938067446153,381,"Sector 15, Gurugram"
REC002671,CASE0067,CDR,2024-01-07 14:00:00,+919858858718,+919888985748,356938067446153,260,"Cyber City, Gurugram"
REC002672,CASE0067,UPI,2024-01-08 10:00:00,traders2499@paytm,pooja.b81@icb,TXN913787,3000,N/A
REC002673,CASE0067,UPI,2024-01-08 16:00:00,traders2499@paytm,pooja.b81@icb,TXN521889,22000,N/A
REC002674,CASE0067,CDR,2024-01-09 07:00:00,+919858858718,+919886480771,356938067446153,225,"Connaught Place, Delhi"
REC002675,CASE0067,UPI,2024-01-09 15:00:00,pooja.b81@icb,quickcash9@okhdfcbank,TXN828586,7500,N/A
REC002676,CASE0067,UPI,2024-01-09 22:00:00,traders2499@paytm,pooja.b81@icb,TXN258932,7500,N/A
REC002677,CASE0067,CDR,2024-01-10 12:00:00,+919858858718,+919870521404,356938067446153,90,"Sector 15, Gurugram"
REC002678,CASE0067,CDR,2024-01-10 14:00:00,+919858858718,+919890028532,356938067446153,222,"Vaishali Nagar, Jaipur"
REC002679,CASE0067,CDR,2024-01-11 01:00:00,+919858858718,+919870521404,356938067446153,142,"Connaught Place, Delhi"
REC002680,CASE0067,CDR,2024-01-11 09:00:00,+919858858718,+919888985748,356938067446153,105,"Sector 15, Gurugram"
REC002681,CASE0067,CDR,2024-01-11 11:00:00,+919858858718,+919890028532,356938067446153,88,"Connaught Place, Delhi"
REC002682,CASE0067,CDR,2024-01-11 18:00:00,+919858858718,+919888985748,356938067446153,466,"Cyber City, Gurugram"
REC002683,CASE0067,UPI,2024-01-11 23:00:00,traders2499@paytm,pooja.b81@icb,TXN430526,1200,N/A
REC002684,CASE0067,UPI,2024-01-12 11:00:00,pooja.b81@icb,quickcash9@okhdfcbank,TXN849258,15000,N/A
REC002685,CASE0067,CDR,2024-01-13 00:00:00,+919858858718,+919886480771,356938067446153,288,"Anna Nagar, Chennai"
REC002686,CASE0067,CDR,2024-01-13 05:00:00,+919858858718,+919877067956,356938067446153,273,"Banjara Hills, Hyderabad"
REC002687,CASE0067,UPI,2024-01-13 18:00:00,pooja.b81@icb,anita.r74@paytm,TXN459073,7500,N/A
REC002688,CASE0067,CDR,2024-01-13 21:00:00,+919858858718,+919810083233,356938067446153,297,"Whitefield, Bengaluru"
REC002689,CASE0067,CDR,2024-01-13 21:00:00,+919858858718,+919886480771,356938067446153,131,"Vaishali Nagar, Jaipur"
REC002690,CASE0067,UPI,2024-01-13 23:00:00,traders2499@paytm,pooja.b81@icb,TXN276041,500,N/A
REC002691,CASE0067,CDR,2024-01-14 11:00:00,+919858858718,+919886480771,356938067446153,236,"Andheri East, Mumbai"
REC002692,CASE0067,CDR,2024-01-14 16:00:00,+919858858718,+919877067956,356938067446153,152,"Vaishali Nagar, Jaipur"
REC002693,CASE0067,UPI,2024-01-14 20:00:00,traders2499@paytm,pooja.b81@icb,TXN202416,15000,N/A
REC002694,CASE0067,CDR,2024-01-15 06:00:00,+919858858718,+919810083233,356938067446153,193,"Sector 15, Gurugram"
REC002695,CASE0067,CDR,2024-01-15 12:00:00,+919858858718,+919870521404,356938067446153,116,"Connaught Place, Delhi"
REC002696,CASE0067,CDR,2024-01-15 21:00:00,+919858858718,+919870521404,356938067446153,41,"Salt Lake, Kolkata"
REC002697,CASE0068,UPI,2023-11-19 04:00:00,vikram.t39@paytm,deepa.v17@okhdfcbank,TXN113597,7500,N/A
REC002698,CASE0068,CDR,2023-11-19 09:00:00,+919868822513,+919896309128,356938069806357,172,"Kothrud, Pune"
REC002699,CASE0068,CDR,2023-11-19 09:00:00,+919868822513,+919871086837,356938069806357,398,"Connaught Place, Delhi"
REC002700,CASE0068,CDR,2023-11-19 13:00:00,+919868822513,+919884603115,356938069806357,361,"Vaishali Nagar, Jaipur"
REC002701,CASE0068,UPI,2023-11-19 13:00:00,sanjay.p39@okhdfcbank,vikram.t39@paytm,TXN301384,1200,N/A
REC002702,CASE0068,CDR,2023-11-19 19:00:00,+919868822513,+919847460935,356938069806357,134,"Anna Nagar, Chennai"
REC002703,CASE0068,UPI,2023-11-20 03:00:00,sanjay.p39@okhdfcbank,vikram.t39@paytm,TXN161445,22000,N/A
REC002704,CASE0068,UPI,2023-11-20 04:00:00,sanjay.p39@okhdfcbank,vikram.t39@paytm,TXN650604,22000,N/A
REC002705,CASE0068,UPI,2023-11-20 12:00:00,vikram.t39@paytm,deepa.v17@okhdfcbank,TXN235620,48000,N/A
REC002706,CASE0068,UPI,2023-11-20 14:00:00,sanjay.p39@okhdfcbank,vikram.t39@paytm,TXN966792,7500,N/A
REC002707,CASE0068,CDR,2023-11-20 17:00:00,+919868822513,+919803892828,356938069806357,354,"Cyber City, Gurugram"
REC002708,CASE0068,UPI,2023-11-21 02:00:00,vikram.t39@paytm,nikhil.j25@upi,TXN572947,1200,N/A
REC002709,CASE0068,UPI,2023-11-21 08:00:00,sanjay.p39@okhdfcbank,vikram.t39@paytm,TXN739326,1200,N/A
REC002710,CASE0068,CDR,2023-11-21 11:00:00,+919868822513,+919863525950,356938069806357,460,"Kothrud, Pune"
REC002711,CASE0068,CDR,2023-11-21 14:00:00,+919868822513,+919871086837,356938069806357,166,"Whitefield, Bengaluru"
REC002712,CASE0068,CDR,2023-11-21 15:00:00,+919868822513,+919863525950,356938069806357,335,"Anna Nagar, Chennai"
REC002713,CASE0068,UPI,2023-11-21 15:00:00,vikram.t39@paytm,sanjay.p92@ybl,TXN790209,48000,N/A
REC002714,CASE0068,CDR,2023-11-21 18:00:00,+919868822513,+919803892828,356938069806357,25,"Kothrud, Pune"
REC002715,CASE0068,UPI,2023-11-22 01:00:00,sanjay.p39@okhdfcbank,vikram.t39@paytm,TXN890582,22000,N/A
REC002716,CASE0068,CDR,2023-11-22 05:00:00,+919868822513,+919847460935,356938069806357,152,"Connaught Place, Delhi"
REC002717,CASE0068,CDR,2023-11-22 09:00:00,+919868822513,+919857564318,356938069806357,44,"Connaught Place, Delhi"
REC002718,CASE0068,CDR,2023-11-23 00:00:00,+919868822513,+919857564318,356938069806357,155,"Cyber City, Gurugram"
REC002719,CASE0068,UPI,2023-11-23 05:00:00,sanjay.p39@okhdfcbank,vikram.t39@paytm,TXN552705,3000,N/A
REC002720,CASE0068,CDR,2023-11-23 06:00:00,+919868822513,+919871086837,356938069806357,218,"Anna Nagar, Chennai"
REC002721,CASE0068,CDR,2023-11-23 13:00:00,+919868822513,+919803892828,356938069806357,315,"Kothrud, Pune"
REC002722,CASE0068,CDR,2023-11-24 05:00:00,+919868822513,+919863525950,356938069806357,57,"Connaught Place, Delhi"
REC002723,CASE0068,CDR,2023-11-24 20:00:00,+919868822513,+919871086837,356938069806357,411,"Kothrud, Pune"
REC002724,CASE0068,CDR,2023-11-24 23:00:00,+919868822513,+919896309128,356938069806357,356,"Vaishali Nagar, Jaipur"
REC002725,CASE0068,CDR,2023-11-25 07:00:00,+919868822513,+919847460935,356938069806357,294,"Andheri East, Mumbai"
REC002726,CASE0068,UPI,2023-11-26 01:00:00,sanjay.p39@okhdfcbank,vikram.t39@paytm,TXN899308,15000,N/A
REC002727,CASE0068,UPI,2023-11-26 06:00:00,vikram.t39@paytm,deepa.v17@okhdfcbank,TXN863389,22000,N/A
REC002728,CASE0068,UPI,2023-11-26 07:00:00,sanjay.p39@okhdfcbank,vikram.t39@paytm,TXN801171,22000,N/A
REC002729,CASE0068,CDR,2023-11-26 13:00:00,+919868822513,+919857564318,356938069806357,164,"Vaishali Nagar, Jaipur"
REC002730,CASE0068,UPI,2023-11-26 16:00:00,vikram.t39@paytm,nikhil.j25@upi,TXN269449,22000,N/A
REC002731,CASE0068,CDR,2023-11-26 22:00:00,+919868822513,+919884603115,356938069806357,198,"Vaishali Nagar, Jaipur"
REC002732,CASE0068,CDR,2023-11-27 03:00:00,+919868822513,+919857564318,356938069806357,179,"Kothrud, Pune"
REC002733,CASE0068,CDR,2023-11-27 04:00:00,+919868822513,+919803892828,356938069806357,313,"Whitefield, Bengaluru"
REC002734,CASE0068,CDR,2023-11-27 06:00:00,+919868822513,+919863525950,356938069806357,281,"Sector 15, Gurugram"
REC002735,CASE0068,CDR,2023-11-27 09:00:00,+919868822513,+919863525950,356938069806357,59,"Salt Lake, Kolkata"
REC002736,CASE0068,UPI,2023-11-27 16:00:00,vikram.t39@paytm,deepa.v17@okhdfcbank,TXN763036,3000,N/A
REC002737,CASE0068,CDR,2023-11-27 18:00:00,+919868822513,+919871086837,356938069806357,317,"Vaishali Nagar, Jaipur"
REC002738,CASE0068,CDR,2023-11-28 00:00:00,+919868822513,+919803892828,356938069806357,350,"Connaught Place, Delhi"
REC002739,CASE0069,UPI,2024-08-21 06:00:00,nikhil.j59@paytm,rajesh.m83@paytm,TXN744795,15000,N/A
REC002740,CASE0069,UPI,2024-08-21 08:00:00,nikhil.j59@paytm,meera.s61@okhdfcbank,TXN265947,22000,N/A
REC002741,CASE0069,UPI,2024-08-21 10:00:00,nikhil.j59@paytm,meera.s61@okhdfcbank,TXN382051,15000,N/A
REC002742,CASE0069,CDR,2024-08-21 11:00:00,+919866148853,+919878330967,356938006997621,354,"Cyber City, Gurugram"
REC002743,CASE0069,CDR,2024-08-22 05:00:00,+919866148853,+919822002291,356938006997621,355,"Andheri East, Mumbai"
REC002744,CASE0069,CDR,2024-08-22 09:00:00,+919866148853,+919889399432,356938006997621,206,"Whitefield, Bengaluru"
REC002745,CASE0069,UPI,2024-08-22 12:00:00,deepa.v99@okhdfcbank,nikhil.j59@paytm,TXN539129,1200,N/A
REC002746,CASE0069,UPI,2024-08-22 15:00:00,nikhil.j59@paytm,deepa.v79@ybl,TXN600113,3000,N/A
REC002747,CASE0069,CDR,2024-08-22 17:00:00,+919866148853,+919841038326,356938006997621,390,"Banjara Hills, Hyderabad"
REC002748,CASE0069,CDR,2024-08-22 17:00:00,+919866148853,+919878330967,356938006997621,171,"Vaishali Nagar, Jaipur"
REC002749,CASE0069,UPI,2024-08-22 18:00:00,nikhil.j59@paytm,amitpay48@ybl,TXN307563,1200,N/A
REC002750,CASE0069,CDR,2024-08-23 03:00:00,+919866148853,+919891601969,356938006997621,49,"Cyber City, Gurugram"
REC002751,CASE0069,UPI,2024-08-23 03:00:00,nikhil.j59@paytm,meera.s61@okhdfcbank,TXN982438,500,N/A
REC002752,CASE0069,CDR,2024-08-23 09:00:00,+919866148853,+919833736722,356938006997621,278,"Banjara Hills, Hyderabad"
REC002753,CASE0069,UPI,2024-08-23 10:00:00,deepa.v99@okhdfcbank,nikhil.j59@paytm,TXN618033,15000,N/A
REC002754,CASE0069,CDR,2024-08-23 21:00:00,+919866148853,+919822002291,356938006997621,267,"Andheri East, Mumbai"
REC002755,CASE0069,CDR,2024-08-24 04:00:00,+919866148853,+919833736722,356938006997621,195,"Salt Lake, Kolkata"
REC002756,CASE0069,CDR,2024-08-24 05:00:00,+919866148853,+919889399432,356938006997621,125,"Anna Nagar, Chennai"
REC002757,CASE0069,UPI,2024-08-24 06:00:00,deepa.v99@okhdfcbank,nikhil.j59@paytm,TXN799608,48000,N/A
REC002758,CASE0069,CDR,2024-08-24 13:00:00,+919866148853,+919878330967,356938006997621,309,"Banjara Hills, Hyderabad"
REC002759,CASE0069,CDR,2024-08-24 15:00:00,+919866148853,+919878330967,356938006997621,334,"Andheri East, Mumbai"
REC002760,CASE0069,CDR,2024-08-25 07:00:00,+919866148853,+919889399432,356938006997621,32,"Vaishali Nagar, Jaipur"
REC002761,CASE0069,CDR,2024-08-25 13:00:00,+919866148853,+919833736722,356938006997621,493,"Sector 15, Gurugram"
REC002762,CASE0069,CDR,2024-08-25 23:00:00,+919866148853,+919878330967,356938006997621,228,"Whitefield, Bengaluru"
REC002763,CASE0069,CDR,2024-08-26 01:00:00,+919866148853,+919878330967,356938006997621,233,"Whitefield, Bengaluru"
REC002764,CASE0069,CDR,2024-08-26 04:00:00,+919866148853,+919891601969,356938006997621,252,"Banjara Hills, Hyderabad"
REC002765,CASE0069,CDR,2024-08-26 08:00:00,+919866148853,+919833736722,356938006997621,34,"Whitefield, Bengaluru"
REC002766,CASE0069,UPI,2024-08-26 12:00:00,nikhil.j59@paytm,amitpay48@ybl,TXN920954,7500,N/A
REC002767,CASE0069,CDR,2024-08-26 14:00:00,+919866148853,+919878330967,356938006997621,263,"Salt Lake, Kolkata"
REC002768,CASE0069,CDR,2024-08-26 14:00:00,+919866148853,+919891601969,356938006997621,388,"Sector 15, Gurugram"
REC002769,CASE0069,UPI,2024-08-26 21:00:00,deepa.v99@okhdfcbank,nikhil.j59@paytm,TXN455991,7500,N/A
REC002770,CASE0069,UPI,2024-08-27 04:00:00,deepa.v99@okhdfcbank,nikhil.j59@paytm,TXN572405,15000,N/A
REC002771,CASE0069,CDR,2024-08-27 05:00:00,+919866148853,+919889399432,356938006997621,228,"Sector 15, Gurugram"
REC002772,CASE0069,CDR,2024-08-27 14:00:00,+919866148853,+919889399432,356938006997621,401,"Connaught Place, Delhi"
REC002773,CASE0069,CDR,2024-08-27 20:00:00,+919866148853,+919898750370,356938006997621,112,"Anna Nagar, Chennai"
REC002774,CASE0069,CDR,2024-08-27 23:00:00,+919866148853,+919878330967,356938006997621,46,"Anna Nagar, Chennai"
REC002775,CASE0069,CDR,2024-08-27 23:00:00,+919866148853,+919898750370,356938006997621,163,"Anna Nagar, Chennai"
REC002776,CASE0069,CDR,2024-08-28 06:00:00,+919866148853,+919833736722,356938006997621,253,"Salt Lake, Kolkata"
REC002777,CASE0069,UPI,2024-08-28 16:00:00,nikhil.j59@paytm,deepa.v79@ybl,TXN742821,15000,N/A
REC002778,CASE0069,CDR,2024-08-29 21:00:00,+919866148853,+919898750370,356938006997621,425,"Banjara Hills, Hyderabad"
REC002779,CASE0069,CDR,2024-08-29 21:00:00,+919866148853,+919841038326,356938006997621,357,"Connaught Place, Delhi"
REC002780,CASE0069,UPI,2024-08-29 22:00:00,nikhil.j59@paytm,deepa.v79@ybl,TXN577790,3000,N/A
REC002781,CASE0069,CDR,2024-08-30 01:00:00,+919866148853,+919889399432,356938006997621,130,"Cyber City, Gurugram"
REC002782,CASE0069,UPI,2024-08-30 01:00:00,deepa.v99@okhdfcbank,nikhil.j59@paytm,TXN915339,1200,N/A
REC002783,CASE0069,CDR,2024-08-30 03:00:00,+919866148853,+919822002291,356938006997621,470,"Vaishali Nagar, Jaipur"
REC002784,CASE0069,CDR,2024-08-30 06:00:00,+919866148853,+919822002291,356938006997621,81,"Cyber City, Gurugram"
REC002785,CASE0069,UPI,2024-08-30 14:00:00,deepa.v99@okhdfcbank,nikhil.j59@paytm,TXN988713,7500,N/A
REC002786,CASE0070,UPI,2023-03-15 03:00:00,sunita.d33@upi,freshmart47@ybl,TXN131697,7500,N/A
REC002787,CASE0070,UPI,2023-03-15 15:00:00,nikhil.j97@icb,sunita.d33@upi,TXN550590,22000,N/A
REC002788,CASE0070,CDR,2023-03-16 10:00:00,+919850342739,+919820409386,356938051025634,178,"Sector 15, Gurugram"
REC002789,CASE0070,CDR,2023-03-16 11:00:00,+919850342739,+919899034760,356938051025634,74,"Vaishali Nagar, Jaipur"
REC002790,CASE0070,CDR,2023-03-16 18:00:00,+919850342739,+919820409386,356938051025634,357,"Andheri East, Mumbai"
REC002791,CASE0070,UPI,2023-03-16 23:00:00,sunita.d33@upi,amitpay97@okhdfcbank,TXN765914,48000,N/A
REC002792,CASE0070,UPI,2023-03-17 06:00:00,nikhil.j97@icb,sunita.d33@upi,TXN433198,22000,N/A
REC002793,CASE0070,CDR,2023-03-17 11:00:00,+919850342739,+919820409386,356938051025634,214,"Whitefield, Bengaluru"
REC002794,CASE0070,CDR,2023-03-17 12:00:00,+919850342739,+919840065669,356938051025634,430,"Banjara Hills, Hyderabad"
REC002795,CASE0070,UPI,2023-03-17 13:00:00,sunita.d33@upi,sunita.d74@upi,TXN992226,22000,N/A
REC002796,CASE0070,CDR,2023-03-18 23:00:00,+919850342739,+919816680427,356938051025634,112,"Banjara Hills, Hyderabad"
REC002797,CASE0070,CDR,2023-03-21 08:00:00,+919850342739,+919820409386,356938051025634,433,"Anna Nagar, Chennai"
REC002798,CASE0070,CDR,2023-03-22 00:00:00,+919850342739,+919899034760,356938051025634,335,"Cyber City, Gurugram"
REC002799,CASE0070,UPI,2023-03-22 14:00:00,sunita.d33@upi,sunita.d74@upi,TXN587792,15000,N/A
REC002800,CASE0070,UPI,2023-03-22 14:00:00,nikhil.j97@icb,sunita.d33@upi,TXN461356,1200,N/A
REC002801,CASE0070,UPI,2023-03-22 22:00:00,sunita.d33@upi,sunita.d74@upi,TXN436672,3000,N/A
REC002802,CASE0070,CDR,2023-03-23 04:00:00,+919850342739,+919845552669,356938051025634,341,"Whitefield, Bengaluru"
REC002803,CASE0070,CDR,2023-03-23 05:00:00,+919850342739,+919816680427,356938051025634,35,"Salt Lake, Kolkata"
REC002804,CASE0070,UPI,2023-03-23 05:00:00,nikhil.j97@icb,sunita.d33@upi,TXN997054,7500,N/A
REC002805,CASE0070,CDR,2023-03-23 21:00:00,+919850342739,+919845552669,356938051025634,307,"Andheri East, Mumbai"
REC002806,CASE0070,UPI,2023-03-24 04:00:00,sunita.d33@upi,sunita.d74@upi,TXN273684,7500,N/A
REC002807,CASE0070,UPI,2023-03-24 06:00:00,sunita.d33@upi,sunita.d74@upi,TXN750768,22000,N/A
REC002808,CASE0070,UPI,2023-03-24 12:00:00,nikhil.j97@icb,sunita.d33@upi,TXN221634,500,N/A
REC002809,CASE0070,CDR,2023-03-24 13:00:00,+919850342739,+919845552669,356938051025634,258,"Whitefield, Bengaluru"
REC002810,CASE0070,CDR,2023-03-24 18:00:00,+919850342739,+919816680427,356938051025634,54,"Vaishali Nagar, Jaipur"
REC002811,CASE0070,CDR,2023-03-24 22:00:00,+919850342739,+919899034760,356938051025634,219,"Andheri East, Mumbai"
REC002812,CASE0071,UPI,2024-09-01 01:00:00,sunita.d54@ybl,nikhil.j2@paytm,TXN425043,7500,N/A
REC002813,CASE0071,CDR,2024-09-01 20:00:00,+919810064390,+919848995317,356938006586211,289,"Andheri East, Mumbai"
REC002814,CASE0071,UPI,2024-09-01 22:00:00,sunita.d54@ybl,nikhil.j2@paytm,TXN314449,15000,N/A
REC002815,CASE0071,CDR,2024-09-02 02:00:00,+919810064390,+919823702077,356938006586211,112,"Kothrud, Pune"
REC002816,CASE0071,CDR,2024-09-02 14:00:00,+919810064390,+919896825688,356938006586211,181,"Salt Lake, Kolkata"
REC002817,CASE0071,UPI,2024-09-02 15:00:00,sunita.d54@ybl,pooja.b90@icb,TXN759337,22000,N/A
REC002818,CASE0071,CDR,2024-09-03 00:00:00,+919810064390,+919823702077,356938006586211,365,"Whitefield, Bengaluru"
REC002819,CASE0071,CDR,2024-09-03 05:00:00,+919810064390,+919898558160,356938006586211,267,"Anna Nagar, Chennai"
REC002820,CASE0071,CDR,2024-09-03 09:00:00,+919810064390,+919898558160,356938006586211,374,"Andheri East, Mumbai"
REC002821,CASE0071,CDR,2024-09-03 09:00:00,+919810064390,+919848995317,356938006586211,317,"Sector 15, Gurugram"
REC002822,CASE0071,CDR,2024-09-03 11:00:00,+919810064390,+919846455199,356938006586211,375,"Whitefield, Bengaluru"
REC002823,CASE0071,CDR,2024-09-03 13:00:00,+919810064390,+919823702077,356938006586211,450,"Vaishali Nagar, Jaipur"
REC002824,CASE0071,CDR,2024-09-03 18:00:00,+919810064390,+919848995317,356938006586211,209,"Salt Lake, Kolkata"
REC002825,CASE0071,UPI,2024-09-03 20:00:00,pooja.b88@upi,sunita.d54@ybl,TXN231575,500,N/A
REC002826,CASE0071,UPI,2024-09-03 23:00:00,sunita.d54@ybl,pooja.b90@icb,TXN852998,48000,N/A
REC002827,CASE0071,CDR,2024-09-04 04:00:00,+919810064390,+919888330197,356938006586211,93,"Cyber City, Gurugram"
REC002828,CASE0071,CDR,2024-09-04 09:00:00,+919810064390,+919896825688,356938006586211,22,"Connaught Place, Delhi"
REC002829,CASE0071,UPI,2024-09-04 20:00:00,pooja.b88@upi,sunita.d54@ybl,TXN302843,15000,N/A
REC002830,CASE0071,CDR,2024-09-04 23:00:00,+919810064390,+919898558160,356938006586211,260,"Sector 15, Gurugram"
REC002831,CASE0071,CDR,2024-09-05 01:00:00,+919810064390,+919848995317,356938006586211,337,"Anna Nagar, Chennai"
REC002832,CASE0071,CDR,2024-09-05 18:00:00,+919810064390,+919896825688,356938006586211,123,"Salt Lake, Kolkata"
REC002833,CASE0071,CDR,2024-09-05 18:00:00,+919810064390,+919823702077,356938006586211,223,"Sector 15, Gurugram"
REC002834,CASE0071,UPI,2024-09-05 22:00:00,sunita.d54@ybl,sanjay.p49@ybl,TXN866151,22000,N/A
REC002835,CASE0071,CDR,2024-09-06 01:00:00,+919810064390,+919848995317,356938006586211,310,"Whitefield, Bengaluru"
REC002836,CASE0071,UPI,2024-09-06 04:00:00,sunita.d54@ybl,amitpay40@ybl,TXN633630,7500,N/A
REC002837,CASE0071,CDR,2024-09-06 17:00:00,+919810064390,+919888330197,356938006586211,391,"Sector 15, Gurugram"
REC002838,CASE0071,UPI,2024-09-06 22:00:00,sunita.d54@ybl,nikhil.j2@paytm,TXN399319,3000,N/A
REC002839,CASE0071,UPI,2024-09-07 05:00:00,sunita.d54@ybl,sanjay.p49@ybl,TXN510772,15000,N/A
REC002840,CASE0071,CDR,2024-09-07 07:00:00,+919810064390,+919888330197,356938006586211,174,"Kothrud, Pune"
REC002841,CASE0071,UPI,2024-09-07 08:00:00,sunita.d54@ybl,nikhil.j2@paytm,TXN929415,15000,N/A
REC002842,CASE0071,UPI,2024-09-07 10:00:00,pooja.b88@upi,sunita.d54@ybl,TXN604883,15000,N/A
REC002843,CASE0071,CDR,2024-09-08 01:00:00,+919810064390,+919898558160,356938006586211,280,"Salt Lake, Kolkata"
REC002844,CASE0071,CDR,2024-09-08 03:00:00,+919810064390,+919848995317,356938006586211,486,"Anna Nagar, Chennai"
REC002845,CASE0071,CDR,2024-09-08 07:00:00,+919810064390,+919848995317,356938006586211,50,"Anna Nagar, Chennai"
REC002846,CASE0071,CDR,2024-09-08 07:00:00,+919810064390,+919817323848,356938006586211,422,"Whitefield, Bengaluru"
REC002847,CASE0071,UPI,2024-09-08 10:00:00,sunita.d54@ybl,sanjay.p49@ybl,TXN252866,7500,N/A
REC002848,CASE0071,UPI,2024-09-08 15:00:00,sunita.d54@ybl,nikhil.j2@paytm,TXN479698,1200,N/A
REC002849,CASE0071,UPI,2024-09-08 20:00:00,pooja.b88@upi,sunita.d54@ybl,TXN764231,22000,N/A
REC002850,CASE0071,UPI,2024-09-09 02:00:00,pooja.b88@upi,sunita.d54@ybl,TXN189743,500,N/A
REC002851,CASE0071,CDR,2024-09-09 09:00:00,+919810064390,+919888330197,356938006586211,491,"Anna Nagar, Chennai"
REC002852,CASE0071,UPI,2024-09-09 11:00:00,pooja.b88@upi,sunita.d54@ybl,TXN746892,22000,N/A
REC002853,CASE0071,UPI,2024-09-09 18:00:00,pooja.b88@upi,sunita.d54@ybl,TXN887987,48000,N/A
REC002854,CASE0071,CDR,2024-09-09 20:00:00,+919810064390,+919896825688,356938006586211,77,"Whitefield, Bengaluru"
REC002855,CASE0071,CDR,2024-09-09 21:00:00,+919810064390,+919823702077,356938006586211,263,"Cyber City, Gurugram"
REC002856,CASE0071,UPI,2024-09-10 03:00:00,pooja.b88@upi,sunita.d54@ybl,TXN704296,15000,N/A
REC002857,CASE0071,UPI,2024-09-10 04:00:00,pooja.b88@upi,sunita.d54@ybl,TXN263809,7500,N/A
REC002858,CASE0071,UPI,2024-09-10 06:00:00,sunita.d54@ybl,nikhil.j2@paytm,TXN253364,48000,N/A
REC002859,CASE0071,CDR,2024-09-10 14:00:00,+919810064390,+919846455199,356938006586211,339,"Connaught Place, Delhi"
REC002860,CASE0071,CDR,2024-09-10 15:00:00,+919810064390,+919823702077,356938006586211,51,"Cyber City, Gurugram"
REC002861,CASE0071,CDR,2024-09-10 16:00:00,+919810064390,+919823702077,356938006586211,278,"Whitefield, Bengaluru"
REC002862,CASE0071,CDR,2024-09-10 22:00:00,+919810064390,+919817323848,356938006586211,104,"Salt Lake, Kolkata"
REC002863,CASE0071,UPI,2024-09-10 23:00:00,pooja.b88@upi,sunita.d54@ybl,TXN412679,3000,N/A
REC002864,CASE0072,UPI,2023-08-03 10:00:00,ravi.k77@paytm,sunita.d6@icb,TXN886192,3000,N/A
REC002865,CASE0072,UPI,2023-08-03 16:00:00,vikram.t88@upi,ravi.k77@paytm,TXN929547,3000,N/A
REC002866,CASE0072,CDR,2023-08-03 17:00:00,+919809732505,+919898560255,356938033449030,433,"Banjara Hills, Hyderabad"
REC002867,CASE0072,UPI,2023-08-03 18:00:00,vikram.t88@upi,ravi.k77@paytm,TXN997895,500,N/A
REC002868,CASE0072,UPI,2023-08-03 20:00:00,ravi.k77@paytm,sunita.d6@icb,TXN134118,1200,N/A
REC002869,CASE0072,CDR,2023-08-03 21:00:00,+919809732505,+919869622839,356938033449030,62,"Banjara Hills, Hyderabad"
REC002870,CASE0072,CDR,2023-08-03 21:00:00,+919809732505,+919842017445,356938033449030,61,"Sector 15, Gurugram"
REC002871,CASE0072,UPI,2023-08-04 03:00:00,ravi.k77@paytm,traders2421@ybl,TXN340669,500,N/A
REC002872,CASE0072,CDR,2023-08-04 12:00:00,+919809732505,+919898560255,356938033449030,249,"Kothrud, Pune"
REC002873,CASE0072,CDR,2023-08-04 21:00:00,+919809732505,+919842017445,356938033449030,94,"Cyber City, Gurugram"
REC002874,CASE0072,CDR,2023-08-04 21:00:00,+919809732505,+919829275552,356938033449030,113,"Kothrud, Pune"
REC002875,CASE0072,CDR,2023-08-05 02:00:00,+919809732505,+919842017445,356938033449030,189,"Salt Lake, Kolkata"
REC002876,CASE0072,CDR,2023-08-05 08:00:00,+919809732505,+919808525678,356938033449030,444,"Salt Lake, Kolkata"
REC002877,CASE0072,UPI,2023-08-05 09:00:00,ravi.k77@paytm,vikram.t45@okhdfcbank,TXN442798,1200,N/A
REC002878,CASE0072,CDR,2023-08-05 17:00:00,+919809732505,+919829275552,356938033449030,196,"Salt Lake, Kolkata"
REC002879,CASE0072,UPI,2023-08-05 23:00:00,ravi.k77@paytm,sunita.d6@icb,TXN451060,500,N/A
REC002880,CASE0072,UPI,2023-08-06 00:00:00,ravi.k77@paytm,sunita.d6@icb,TXN281969,48000,N/A
REC002881,CASE0072,CDR,2023-08-06 02:00:00,+919809732505,+919829275552,356938033449030,291,"Vaishali Nagar, Jaipur"
REC002882,CASE0072,CDR,2023-08-06 04:00:00,+919809732505,+919829275552,356938033449030,481,"Cyber City, Gurugram"
REC002883,CASE0072,UPI,2023-08-06 04:00:00,vikram.t88@upi,ravi.k77@paytm,TXN645835,500,N/A
REC002884,CASE0072,CDR,2023-08-06 06:00:00,+919809732505,+919801192650,356938033449030,448,"Andheri East, Mumbai"
REC002885,CASE0072,UPI,2023-08-06 22:00:00,ravi.k77@paytm,vikram.t36@upi,TXN447672,500,N/A
REC002886,CASE0072,CDR,2023-08-07 04:00:00,+919809732505,+919886109303,356938033449030,346,"Anna Nagar, Chennai"
REC002887,CASE0072,UPI,2023-08-07 06:00:00,ravi.k77@paytm,vikram.t36@upi,TXN539277,15000,N/A
REC002888,CASE0072,UPI,2023-08-07 07:00:00,ravi.k77@paytm,vikram.t36@upi,TXN853017,7500,N/A
REC002889,CASE0072,UPI,2023-08-07 08:00:00,vikram.t88@upi,ravi.k77@paytm,TXN658944,3000,N/A
REC002890,CASE0072,UPI,2023-08-07 12:00:00,ravi.k77@paytm,sunita.d6@icb,TXN702203,22000,N/A
REC002891,CASE0072,CDR,2023-08-07 13:00:00,+919809732505,+919801192650,356938033449030,188,"Anna Nagar, Chennai"
REC002892,CASE0072,UPI,2023-08-07 14:00:00,ravi.k77@paytm,traders2421@ybl,TXN504681,3000,N/A
REC002893,CASE0072,UPI,2023-08-07 15:00:00,ravi.k77@paytm,traders2421@ybl,TXN878846,3000,N/A
REC002894,CASE0072,CDR,2023-08-07 19:00:00,+919809732505,+919808525678,356938033449030,412,"Whitefield, Bengaluru"
REC002895,CASE0072,CDR,2023-08-07 23:00:00,+919809732505,+919869622839,356938033449030,386,"Andheri East, Mumbai"
REC002896,CASE0072,CDR,2023-08-08 15:00:00,+919809732505,+919801192650,356938033449030,444,"Kothrud, Pune"
REC002897,CASE0072,CDR,2023-08-08 22:00:00,+919809732505,+919898560255,356938033449030,140,"Anna Nagar, Chennai"
REC002898,CASE0072,UPI,2023-08-08 22:00:00,ravi.k77@paytm,traders2421@ybl,TXN962480,22000,N/A
REC002899,CASE0072,UPI,2023-08-09 03:00:00,ravi.k77@paytm,sunita.d6@icb,TXN190740,1200,N/A
REC002900,CASE0072,CDR,2023-08-09 13:00:00,+919809732505,+919808525678,356938033449030,387,"Vaishali Nagar, Jaipur"
REC002901,CASE0072,CDR,2023-08-10 02:00:00,+919809732505,+919808525678,356938033449030,72,"Salt Lake, Kolkata"
REC002902,CASE0072,CDR,2023-08-10 09:00:00,+919809732505,+919869622839,356938033449030,346,"Salt Lake, Kolkata"
REC002903,CASE0072,UPI,2023-08-10 10:00:00,ravi.k77@paytm,vikram.t36@upi,TXN128423,15000,N/A
REC002904,CASE0072,CDR,2023-08-10 16:00:00,+919809732505,+919829275552,356938033449030,200,"Whitefield, Bengaluru"
REC002905,CASE0072,CDR,2023-08-10 16:00:00,+919809732505,+919886109303,356938033449030,220,"Kothrud, Pune"
REC002906,CASE0072,CDR,2023-08-10 18:00:00,+919809732505,+919869622839,356938033449030,38,"Cyber City, Gurugram"
REC002907,CASE0072,UPI,2023-08-10 19:00:00,ravi.k77@paytm,sunita.d6@icb,TXN541786,500,N/A
REC002908,CASE0072,UPI,2023-08-10 19:00:00,ravi.k77@paytm,traders2421@ybl,TXN400244,7500,N/A
REC002909,CASE0072,CDR,2023-08-11 02:00:00,+919809732505,+919886109303,356938033449030,471,"Salt Lake, Kolkata"
REC002910,CASE0072,CDR,2023-08-11 07:00:00,+919809732505,+919829275552,356938033449030,236,"Cyber City, Gurugram"
REC002911,CASE0072,UPI,2023-08-11 12:00:00,ravi.k77@paytm,vikram.t45@okhdfcbank,TXN443911,22000,N/A
REC002912,CASE0072,CDR,2023-08-11 19:00:00,+919809732505,+919886109303,356938033449030,210,"Connaught Place, Delhi"
REC002913,CASE0072,UPI,2023-08-12 09:00:00,ravi.k77@paytm,vikram.t36@upi,TXN321251,1200,N/A
REC002914,CASE0072,CDR,2023-08-12 14:00:00,+919809732505,+919829275552,356938033449030,269,"Banjara Hills, Hyderabad"
REC002915,CASE0072,CDR,2023-08-12 16:00:00,+919809732505,+919842017445,356938033449030,497,"Anna Nagar, Chennai"
REC002916,CASE0072,CDR,2023-08-12 19:00:00,+919809732505,+919869622839,356938033449030,20,"Cyber City, Gurugram"
REC002917,CASE0072,CDR,2023-08-12 20:00:00,+919809732505,+919842017445,356938033449030,29,"Banjara Hills, Hyderabad"
REC002918,CASE0073,UPI,2023-09-22 07:00:00,pooja.b44@icb,kavita.n96@ybl,TXN429204,1200,N/A
REC002919,CASE0073,CDR,2023-09-22 10:00:00,+919831077644,+919895554188,356938027931939,120,"Banjara Hills, Hyderabad"
REC002920,CASE0073,UPI,2023-09-22 10:00:00,pooja.b44@icb,vikram.t25@paytm,TXN134327,3000,N/A
REC002921,CASE0073,CDR,2023-09-22 22:00:00,+919831077644,+919890001505,356938027931939,219,"Banjara Hills, Hyderabad"
REC002922,CASE0073,CDR,2023-09-23 05:00:00,+919831077644,+919836623025,356938027931939,165,"Kothrud, Pune"
REC002923,CASE0073,CDR,2023-09-23 10:00:00,+919831077644,+919895554188,356938027931939,290,"Anna Nagar, Chennai"
REC002924,CASE0073,CDR,2023-09-23 13:00:00,+919831077644,+919830810284,356938027931939,454,"Kothrud, Pune"
REC002925,CASE0073,CDR,2023-09-23 15:00:00,+919831077644,+919820353874,356938027931939,184,"Banjara Hills, Hyderabad"
REC002926,CASE0073,UPI,2023-09-23 23:00:00,pooja.b44@icb,ravi.k39@okhdfcbank,TXN252773,22000,N/A
REC002927,CASE0073,CDR,2023-09-24 00:00:00,+919831077644,+919890001505,356938027931939,319,"Anna Nagar, Chennai"
REC002928,CASE0073,UPI,2023-09-24 03:00:00,pooja.b44@icb,ravi.k39@okhdfcbank,TXN312597,7500,N/A
REC002929,CASE0073,UPI,2023-09-24 21:00:00,freshmart21@paytm,pooja.b44@icb,TXN709088,500,N/A
REC002930,CASE0073,CDR,2023-09-25 00:00:00,+919831077644,+919890001505,356938027931939,241,"Connaught Place, Delhi"
REC002931,CASE0073,CDR,2023-09-25 06:00:00,+919831077644,+919875007256,356938027931939,487,"Cyber City, Gurugram"
REC002932,CASE0073,UPI,2023-09-25 07:00:00,pooja.b44@icb,ravi.k39@okhdfcbank,TXN505089,22000,N/A
REC002933,CASE0073,UPI,2023-09-25 21:00:00,pooja.b44@icb,vikram.t25@paytm,TXN363070,22000,N/A
REC002934,CASE0073,CDR,2023-09-25 22:00:00,+919831077644,+919895554188,356938027931939,413,"Vaishali Nagar, Jaipur"
REC002935,CASE0073,UPI,2023-09-25 23:00:00,freshmart21@paytm,pooja.b44@icb,TXN758449,15000,N/A
REC002936,CASE0073,CDR,2023-09-26 04:00:00,+919831077644,+919890001505,356938027931939,308,"Connaught Place, Delhi"
REC002937,CASE0073,CDR,2023-09-26 05:00:00,+919831077644,+919820353874,356938027931939,296,"Andheri East, Mumbai"
REC002938,CASE0073,CDR,2023-09-26 09:00:00,+919831077644,+919820353874,356938027931939,376,"Cyber City, Gurugram"
REC002939,CASE0073,CDR,2023-09-26 09:00:00,+919831077644,+919895554188,356938027931939,380,"Connaught Place, Delhi"
REC002940,CASE0073,CDR,2023-09-26 10:00:00,+919831077644,+919830810284,356938027931939,102,"Vaishali Nagar, Jaipur"
REC002941,CASE0073,UPI,2023-09-26 17:00:00,pooja.b44@icb,vikram.t25@paytm,TXN137413,15000,N/A
REC002942,CASE0073,CDR,2023-09-27 03:00:00,+919831077644,+919890001505,356938027931939,278,"Anna Nagar, Chennai"
REC002943,CASE0073,CDR,2023-09-27 16:00:00,+919831077644,+919820353874,356938027931939,378,"Vaishali Nagar, Jaipur"
REC002944,CASE0073,CDR,2023-09-29 02:00:00,+919831077644,+919836623025,356938027931939,352,"Andheri East, Mumbai"
REC002945,CASE0073,UPI,2023-09-29 03:00:00,pooja.b44@icb,quickcash7@ybl,TXN102368,500,N/A
REC002946,CASE0073,CDR,2023-09-29 14:00:00,+919831077644,+919875007256,356938027931939,349,"Connaught Place, Delhi"
REC002947,CASE0073,UPI,2023-09-30 14:00:00,pooja.b44@icb,ravi.k39@okhdfcbank,TXN508076,7500,N/A
REC002948,CASE0073,UPI,2023-09-30 17:00:00,freshmart21@paytm,pooja.b44@icb,TXN836331,1200,N/A
REC002949,CASE0073,CDR,2023-09-30 23:00:00,+919831077644,+919875007256,356938027931939,477,"Cyber City, Gurugram"
REC002950,CASE0073,UPI,2023-10-01 03:00:00,freshmart21@paytm,pooja.b44@icb,TXN203524,15000,N/A
REC002951,CASE0073,CDR,2023-10-01 12:00:00,+919831077644,+919830810284,356938027931939,77,"Andheri East, Mumbai"
REC002952,CASE0073,CDR,2023-10-01 13:00:00,+919831077644,+919895554188,356938027931939,433,"Vaishali Nagar, Jaipur"
REC002953,CASE0073,CDR,2023-10-01 18:00:00,+919831077644,+919890001505,356938027931939,497,"Andheri East, Mumbai"
REC002954,CASE0073,CDR,2023-10-01 21:00:00,+919831077644,+919836623025,356938027931939,88,"Kothrud, Pune"
REC002955,CASE0074,CDR,2025-02-26 04:00:00,+919808863367,+919861121536,356938073706493,155,"Sector 15, Gurugram"
REC002956,CASE0074,CDR,2025-02-26 22:00:00,+919808863367,+919831683220,356938073706493,148,"Cyber City, Gurugram"
REC002957,CASE0074,UPI,2025-02-26 22:00:00,quickcash37@paytm,kavita.n89@okhdfcbank,TXN195553,1200,N/A
REC002958,CASE0074,CDR,2025-02-27 01:00:00,+919808863367,+919814273344,356938073706493,111,"Connaught Place, Delhi"
REC002959,CASE0074,CDR,2025-02-27 18:00:00,+919808863367,+919831683220,356938073706493,181,"Banjara Hills, Hyderabad"
REC002960,CASE0074,UPI,2025-02-28 06:00:00,rajesh.m59@paytm,quickcash37@paytm,TXN241185,7500,N/A
REC002961,CASE0074,CDR,2025-02-28 08:00:00,+919808863367,+919827095214,356938073706493,191,"Anna Nagar, Chennai"
REC002962,CASE0074,CDR,2025-02-28 09:00:00,+919808863367,+919814273344,356938073706493,432,"Vaishali Nagar, Jaipur"
REC002963,CASE0074,CDR,2025-03-01 03:00:00,+919808863367,+919827095214,356938073706493,15,"Connaught Place, Delhi"
REC002964,CASE0074,CDR,2025-03-01 09:00:00,+919808863367,+919814273344,356938073706493,405,"Sector 15, Gurugram"
REC002965,CASE0074,UPI,2025-03-01 16:00:00,quickcash37@paytm,quickcash32@icb,TXN192643,3000,N/A
REC002966,CASE0074,UPI,2025-03-01 22:00:00,rajesh.m59@paytm,quickcash37@paytm,TXN324647,7500,N/A
REC002967,CASE0074,UPI,2025-03-02 22:00:00,rajesh.m59@paytm,quickcash37@paytm,TXN442895,48000,N/A
REC002968,CASE0074,CDR,2025-03-03 09:00:00,+919808863367,+919831683220,356938073706493,218,"Kothrud, Pune"
REC002969,CASE0074,UPI,2025-03-03 09:00:00,rajesh.m59@paytm,quickcash37@paytm,TXN461638,48000,N/A
REC002970,CASE0074,UPI,2025-03-04 03:00:00,rajesh.m59@paytm,quickcash37@paytm,TXN518817,1200,N/A
REC002971,CASE0074,CDR,2025-03-04 13:00:00,+919808863367,+919867029715,356938073706493,212,"Andheri East, Mumbai"
REC002972,CASE0074,CDR,2025-03-05 10:00:00,+919808863367,+919861121536,356938073706493,113,"Connaught Place, Delhi"
REC002973,CASE0074,CDR,2025-03-05 10:00:00,+919808863367,+919867029715,356938073706493,321,"Whitefield, Bengaluru"
REC002974,CASE0074,CDR,2025-03-05 18:00:00,+919808863367,+919877853686,356938073706493,19,"Andheri East, Mumbai"
REC002975,CASE0074,CDR,2025-03-05 22:00:00,+919808863367,+919831683220,356938073706493,411,"Sector 15, Gurugram"
REC002976,CASE0074,UPI,2025-03-06 04:00:00,rajesh.m59@paytm,quickcash37@paytm,TXN777857,7500,N/A
REC002977,CASE0074,CDR,2025-03-06 17:00:00,+919808863367,+919831683220,356938073706493,421,"Sector 15, Gurugram"
REC002978,CASE0074,CDR,2025-03-07 06:00:00,+919808863367,+919831683220,356938073706493,291,"Anna Nagar, Chennai"
REC002979,CASE0075,UPI,2024-07-03 03:00:00,nikhil.j99@paytm,pooja.b3@ybl,TXN537297,7500,N/A
REC002980,CASE0075,CDR,2024-07-03 12:00:00,+919825336035,+919861938180,356938005001085,197,"Whitefield, Bengaluru"
REC002981,CASE0075,CDR,2024-07-03 18:00:00,+919825336035,+919866699381,356938005001085,404,"Vaishali Nagar, Jaipur"
REC002982,CASE0075,UPI,2024-07-03 18:00:00,nikhil.j99@paytm,deepa.v52@upi,TXN743545,48000,N/A
REC002983,CASE0075,CDR,2024-07-03 19:00:00,+919825336035,+919831798742,356938005001085,462,"Cyber City, Gurugram"
REC002984,CASE0075,CDR,2024-07-03 23:00:00,+919825336035,+919870142493,356938005001085,117,"Banjara Hills, Hyderabad"
REC002985,CASE0075,UPI,2024-07-04 04:00:00,nikhil.j99@paytm,pooja.b3@ybl,TXN242095,22000,N/A
REC002986,CASE0075,CDR,2024-07-04 05:00:00,+919825336035,+919831798742,356938005001085,292,"Sector 15, Gurugram"
REC002987,CASE0075,CDR,2024-07-05 03:00:00,+919825336035,+919865472062,356938005001085,318,"Kothrud, Pune"
REC002988,CASE0075,CDR,2024-07-05 07:00:00,+919825336035,+919815282378,356938005001085,81,"Sector 15, Gurugram"
REC002989,CASE0075,CDR,2024-07-05 11:00:00,+919825336035,+919861938180,356938005001085,344,"Andheri East, Mumbai"
REC002990,CASE0075,UPI,2024-07-05 12:00:00,nikhil.j99@paytm,quickcash78@icb,TXN266771,48000,N/A
REC002991,CASE0075,CDR,2024-07-05 22:00:00,+919825336035,+919865472062,356938005001085,258,"Vaishali Nagar, Jaipur"
REC002992,CASE0075,UPI,2024-07-05 22:00:00,nikhil.j99@paytm,pooja.b3@ybl,TXN555059,7500,N/A
REC002993,CASE0075,UPI,2024-07-05 23:00:00,pooja.b45@paytm,nikhil.j99@paytm,TXN431615,15000,N/A
REC002994,CASE0075,CDR,2024-07-06 02:00:00,+919825336035,+919870142493,356938005001085,402,"Whitefield, Bengaluru"
REC002995,CASE0075,CDR,2024-07-06 04:00:00,+919825336035,+919827833472,356938005001085,203,"Connaught Place, Delhi"
REC002996,CASE0075,UPI,2024-07-06 06:00:00,nikhil.j99@paytm,kavita.n44@upi,TXN194823,15000,N/A
REC002997,CASE0075,CDR,2024-07-06 13:00:00,+919825336035,+919831798742,356938005001085,385,"Anna Nagar, Chennai"
REC002998,CASE0075,UPI,2024-07-06 14:00:00,nikhil.j99@paytm,deepa.v52@upi,TXN793196,48000,N/A
REC002999,CASE0075,CDR,2024-07-06 17:00:00,+919825336035,+919865472062,356938005001085,245,"Vaishali Nagar, Jaipur"
REC003000,CASE0075,UPI,2024-07-06 21:00:00,nikhil.j99@paytm,kavita.n44@upi,TXN381600,500,N/A
REC003001,CASE0075,CDR,2024-07-07 03:00:00,+919825336035,+919831798742,356938005001085,435,"Connaught Place, Delhi"
REC003002,CASE0075,UPI,2024-07-07 05:00:00,nikhil.j99@paytm,pooja.b3@ybl,TXN902257,7500,N/A
REC003003,CASE0075,CDR,2024-07-07 06:00:00,+919825336035,+919865472062,356938005001085,202,"Anna Nagar, Chennai"
REC003004,CASE0075,CDR,2024-07-07 08:00:00,+919825336035,+919815282378,356938005001085,18,"Vaishali Nagar, Jaipur"
REC003005,CASE0075,UPI,2024-07-07 08:00:00,pooja.b45@paytm,nikhil.j99@paytm,TXN481811,15000,N/A
REC003006,CASE0075,UPI,2024-07-07 09:00:00,pooja.b45@paytm,nikhil.j99@paytm,TXN579540,500,N/A
REC003007,CASE0075,UPI,2024-07-07 10:00:00,pooja.b45@paytm,nikhil.j99@paytm,TXN671266,15000,N/A
REC003008,CASE0075,CDR,2024-07-07 11:00:00,+919825336035,+919815282378,356938005001085,106,"Andheri East, Mumbai"
REC003009,CASE0075,CDR,2024-07-07 21:00:00,+919825336035,+919870142493,356938005001085,191,"Sector 15, Gurugram"
REC003010,CASE0075,UPI,2024-07-08 00:00:00,nikhil.j99@paytm,kavita.n44@upi,TXN248316,15000,N/A
REC003011,CASE0075,CDR,2024-07-08 02:00:00,+919825336035,+919831798742,356938005001085,326,"Whitefield, Bengaluru"
REC003012,CASE0075,CDR,2024-07-08 10:00:00,+919825336035,+919827833472,356938005001085,115,"Vaishali Nagar, Jaipur"
REC003013,CASE0075,CDR,2024-07-08 12:00:00,+919825336035,+919831798742,356938005001085,327,"Connaught Place, Delhi"
REC003014,CASE0075,UPI,2024-07-08 13:00:00,pooja.b45@paytm,nikhil.j99@paytm,TXN377708,500,N/A
REC003015,CASE0075,CDR,2024-07-08 15:00:00,+919825336035,+919870142493,356938005001085,367,"Vaishali Nagar, Jaipur"
REC003016,CASE0075,CDR,2024-07-08 16:00:00,+919825336035,+919861938180,356938005001085,143,"Whitefield, Bengaluru"
REC003017,CASE0075,UPI,2024-07-09 06:00:00,pooja.b45@paytm,nikhil.j99@paytm,TXN503397,7500,N/A
REC003018,CASE0075,CDR,2024-07-09 08:00:00,+919825336035,+919815282378,356938005001085,200,"Salt Lake, Kolkata"
REC003019,CASE0075,UPI,2024-07-10 08:00:00,pooja.b45@paytm,nikhil.j99@paytm,TXN801285,3000,N/A
REC003020,CASE0075,CDR,2024-07-10 19:00:00,+919825336035,+919865472062,356938005001085,439,"Vaishali Nagar, Jaipur"
REC003021,CASE0075,UPI,2024-07-10 23:00:00,nikhil.j99@paytm,kavita.n44@upi,TXN484881,1200,N/A
REC003022,CASE0075,UPI,2024-07-11 01:00:00,nikhil.j99@paytm,kavita.n44@upi,TXN862060,500,N/A
REC003023,CASE0075,CDR,2024-07-11 02:00:00,+919825336035,+919870142493,356938005001085,383,"Kothrud, Pune"
REC003024,CASE0075,CDR,2024-07-11 06:00:00,+919825336035,+919815282378,356938005001085,251,"Andheri East, Mumbai"
REC003025,CASE0075,UPI,2024-07-11 06:00:00,nikhil.j99@paytm,pooja.b3@ybl,TXN195280,3000,N/A
REC003026,CASE0075,UPI,2024-07-11 14:00:00,nikhil.j99@paytm,quickcash78@icb,TXN779830,500,N/A
REC003027,CASE0075,CDR,2024-07-11 19:00:00,+919825336035,+919831798742,356938005001085,494,"Sector 15, Gurugram"
REC003028,CASE0075,UPI,2024-07-11 21:00:00,nikhil.j99@paytm,kavita.n44@upi,TXN819274,3000,N/A
REC003029,CASE0075,CDR,2024-07-12 06:00:00,+919825336035,+919815282378,356938005001085,377,"Anna Nagar, Chennai"
REC003030,CASE0075,CDR,2024-07-12 19:00:00,+919825336035,+919865472062,356938005001085,53,"Salt Lake, Kolkata"
REC003031,CASE0075,CDR,2024-07-12 19:00:00,+919825336035,+919870142493,356938005001085,447,"Whitefield, Bengaluru"
REC003032,CASE0075,UPI,2024-07-12 20:00:00,nikhil.j99@paytm,kavita.n44@upi,TXN979048,22000,N/A
REC003033,CASE0075,CDR,2024-07-12 22:00:00,+919825336035,+919865472062,356938005001085,132,"Cyber City, Gurugram"
REC003034,CASE0076,CDR,2024-02-19 03:00:00,+919851802995,+919802898461,356938002275788,321,"Banjara Hills, Hyderabad"
REC003035,CASE0076,CDR,2024-02-19 14:00:00,+919851802995,+919861785080,356938002275788,83,"Salt Lake, Kolkata"
REC003036,CASE0076,CDR,2024-02-20 23:00:00,+919851802995,+919880342711,356938002275788,154,"Andheri East, Mumbai"
REC003037,CASE0076,UPI,2024-02-21 13:00:00,sunita.d80@paytm,ravi.k4@upi,TXN650477,48000,N/A
REC003038,CASE0076,UPI,2024-02-21 22:00:00,rajesh.m90@okhdfcbank,sunita.d80@paytm,TXN386339,7500,N/A
REC003039,CASE0076,CDR,2024-02-22 06:00:00,+919851802995,+919815462810,356938002275788,280,"Whitefield, Bengaluru"
REC003040,CASE0076,UPI,2024-02-22 11:00:00,rajesh.m90@okhdfcbank,sunita.d80@paytm,TXN815718,15000,N/A
REC003041,CASE0076,UPI,2024-02-22 13:00:00,sunita.d80@paytm,traders2445@icb,TXN838427,7500,N/A
REC003042,CASE0076,UPI,2024-02-22 18:00:00,rajesh.m90@okhdfcbank,sunita.d80@paytm,TXN343657,22000,N/A
REC003043,CASE0076,CDR,2024-02-23 05:00:00,+919851802995,+919802895627,356938002275788,417,"Kothrud, Pune"
REC003044,CASE0076,CDR,2024-02-23 06:00:00,+919851802995,+919815462810,356938002275788,423,"Vaishali Nagar, Jaipur"
REC003045,CASE0076,CDR,2024-02-24 01:00:00,+919851802995,+919880342711,356938002275788,117,"Connaught Place, Delhi"
REC003046,CASE0076,CDR,2024-02-24 09:00:00,+919851802995,+919802898461,356938002275788,193,"Kothrud, Pune"
REC003047,CASE0076,CDR,2024-02-24 09:00:00,+919851802995,+919861785080,356938002275788,221,"Sector 15, Gurugram"
REC003048,CASE0076,CDR,2024-02-24 13:00:00,+919851802995,+919848428089,356938002275788,360,"Banjara Hills, Hyderabad"
REC003049,CASE0076,CDR,2024-02-24 14:00:00,+919851802995,+919802895627,356938002275788,298,"Salt Lake, Kolkata"
REC003050,CASE0076,CDR,2024-02-26 16:00:00,+919851802995,+919815462810,356938002275788,95,"Banjara Hills, Hyderabad"
REC003051,CASE0076,UPI,2024-02-27 15:00:00,sunita.d80@paytm,ravi.k4@upi,TXN105564,15000,N/A
REC003052,CASE0076,CDR,2024-02-28 00:00:00,+919851802995,+919861785080,356938002275788,488,"Sector 15, Gurugram"
REC003053,CASE0076,CDR,2024-02-28 05:00:00,+919851802995,+919802898461,356938002275788,417,"Whitefield, Bengaluru"
REC003054,CASE0076,UPI,2024-02-28 12:00:00,sunita.d80@paytm,traders2445@icb,TXN380170,22000,N/A
REC003055,CASE0077,UPI,2024-12-27 12:00:00,vikram.t38@paytm,citypay42@upi,TXN188487,48000,N/A
REC003056,CASE0077,CDR,2024-12-27 18:00:00,+919803658870,+919869059460,356938087149170,51,"Kothrud, Pune"
REC003057,CASE0077,CDR,2024-12-27 23:00:00,+919803658870,+919801036154,356938087149170,252,"Andheri East, Mumbai"
REC003058,CASE0077,CDR,2024-12-28 00:00:00,+919803658870,+919869059460,356938087149170,201,"Anna Nagar, Chennai"
REC003059,CASE0077,UPI,2024-12-28 05:00:00,vikram.t38@paytm,nikhil.j98@icb,TXN883541,48000,N/A
REC003060,CASE0077,CDR,2024-12-28 13:00:00,+919803658870,+919801036154,356938087149170,93,"Cyber City, Gurugram"
REC003061,CASE0077,CDR,2024-12-29 12:00:00,+919803658870,+919801036154,356938087149170,202,"Connaught Place, Delhi"
REC003062,CASE0077,UPI,2024-12-29 23:00:00,rajesh.m82@paytm,vikram.t38@paytm,TXN335870,1200,N/A
REC003063,CASE0077,UPI,2024-12-30 10:00:00,vikram.t38@paytm,freshmart86@okhdfcbank,TXN419700,1200,N/A
REC003064,CASE0077,CDR,2024-12-30 14:00:00,+919803658870,+919866862196,356938087149170,71,"Whitefield, Bengaluru"
REC003065,CASE0077,UPI,2024-12-30 14:00:00,vikram.t38@paytm,citypay42@upi,TXN638544,15000,N/A
REC003066,CASE0077,UPI,2024-12-30 14:00:00,vikram.t38@paytm,nikhil.j98@icb,TXN897517,22000,N/A
REC003067,CASE0077,CDR,2024-12-30 23:00:00,+919803658870,+919869059460,356938087149170,467,"Sector 15, Gurugram"
REC003068,CASE0077,CDR,2025-01-01 11:00:00,+919803658870,+919812373241,356938087149170,132,"Salt Lake, Kolkata"
REC003069,CASE0077,CDR,2025-01-01 21:00:00,+919803658870,+919869059460,356938087149170,441,"Andheri East, Mumbai"
REC003070,CASE0077,UPI,2025-01-01 22:00:00,vikram.t38@paytm,freshmart86@okhdfcbank,TXN474110,500,N/A
REC003071,CASE0077,CDR,2025-01-02 12:00:00,+919803658870,+919812373241,356938087149170,324,"Cyber City, Gurugram"
REC003072,CASE0077,CDR,2025-01-02 12:00:00,+919803658870,+919869059460,356938087149170,179,"Kothrud, Pune"
REC003073,CASE0077,UPI,2025-01-04 04:00:00,rajesh.m82@paytm,vikram.t38@paytm,TXN719627,15000,N/A
REC003074,CASE0077,CDR,2025-01-04 06:00:00,+919803658870,+919866862196,356938087149170,305,"Anna Nagar, Chennai"
REC003075,CASE0077,CDR,2025-01-04 07:00:00,+919803658870,+919802927820,356938087149170,37,"Anna Nagar, Chennai"
REC003076,CASE0077,UPI,2025-01-05 23:00:00,vikram.t38@paytm,freshmart86@okhdfcbank,TXN651615,1200,N/A
REC003077,CASE0078,UPI,2023-03-04 05:00:00,amitpay75@ybl,sanjay.p54@ybl,TXN246760,500,N/A
REC003078,CASE0078,CDR,2023-03-04 07:00:00,+919810622740,+919892703733,356938086153904,213,"Andheri East, Mumbai"
REC003079,CASE0078,CDR,2023-03-04 07:00:00,+919810622740,+919892703733,356938086153904,439,"Cyber City, Gurugram"
REC003080,CASE0078,CDR,2023-03-04 16:00:00,+919810622740,+919837040870,356938086153904,256,"Whitefield, Bengaluru"
REC003081,CASE0078,CDR,2023-03-05 12:00:00,+919810622740,+919853274534,356938086153904,378,"Andheri East, Mumbai"
REC003082,CASE0078,UPI,2023-03-06 04:00:00,amitpay75@ybl,sanjay.p54@ybl,TXN435810,22000,N/A
REC003083,CASE0078,CDR,2023-03-06 09:00:00,+919810622740,+919853274534,356938086153904,155,"Cyber City, Gurugram"
REC003084,CASE0078,CDR,2023-03-06 10:00:00,+919810622740,+919837040870,356938086153904,494,"Andheri East, Mumbai"
REC003085,CASE0078,CDR,2023-03-06 11:00:00,+919810622740,+919892802888,356938086153904,406,"Salt Lake, Kolkata"
REC003086,CASE0078,CDR,2023-03-06 12:00:00,+919810622740,+919853274534,356938086153904,116,"Anna Nagar, Chennai"
REC003087,CASE0078,CDR,2023-03-06 15:00:00,+919810622740,+919838864433,356938086153904,323,"Connaught Place, Delhi"
REC003088,CASE0078,CDR,2023-03-07 05:00:00,+919810622740,+919853274534,356938086153904,420,"Salt Lake, Kolkata"
REC003089,CASE0078,UPI,2023-03-07 20:00:00,amitpay75@ybl,deepa.v79@icb,TXN107854,500,N/A
REC003090,CASE0078,CDR,2023-03-08 03:00:00,+919810622740,+919892802888,356938086153904,372,"Salt Lake, Kolkata"
REC003091,CASE0078,UPI,2023-03-08 08:00:00,amitpay75@ybl,rajesh.m9@upi,TXN672951,22000,N/A
REC003092,CASE0078,CDR,2023-03-08 21:00:00,+919810622740,+919838864433,356938086153904,478,"Vaishali Nagar, Jaipur"
REC003093,CASE0078,CDR,2023-03-09 03:00:00,+919810622740,+919827985045,356938086153904,333,"Banjara Hills, Hyderabad"
REC003094,CASE0078,CDR,2023-03-09 03:00:00,+919810622740,+919838864433,356938086153904,357,"Connaught Place, Delhi"
REC003095,CASE0078,UPI,2023-03-09 12:00:00,amitpay30@paytm,amitpay75@ybl,TXN701274,500,N/A
REC003096,CASE0078,UPI,2023-03-09 13:00:00,amitpay30@paytm,amitpay75@ybl,TXN730400,48000,N/A
REC003097,CASE0078,CDR,2023-03-09 21:00:00,+919810622740,+919810364285,356938086153904,494,"Salt Lake, Kolkata"
REC003098,CASE0078,UPI,2023-03-10 17:00:00,amitpay75@ybl,deepa.v79@icb,TXN908034,3000,N/A
REC003099,CASE0078,UPI,2023-03-11 01:00:00,amitpay75@ybl,rajesh.m9@upi,TXN304839,15000,N/A
REC003100,CASE0078,UPI,2023-03-11 08:00:00,amitpay30@paytm,amitpay75@ybl,TXN177632,22000,N/A
REC003101,CASE0078,UPI,2023-03-12 23:00:00,amitpay75@ybl,sanjay.p54@ybl,TXN167672,3000,N/A
REC003102,CASE0079,CDR,2024-02-02 16:00:00,+919856977720,+919870982380,356938036854423,197,"Kothrud, Pune"
REC003103,CASE0079,UPI,2024-02-02 19:00:00,ravi.k94@icb,kavita.n25@upi,TXN436015,48000,N/A
REC003104,CASE0079,CDR,2024-02-04 01:00:00,+919856977720,+919847625271,356938036854423,367,"Sector 15, Gurugram"
REC003105,CASE0079,CDR,2024-02-04 11:00:00,+919856977720,+919851030451,356938036854423,377,"Sector 15, Gurugram"
REC003106,CASE0079,UPI,2024-02-05 04:00:00,ravi.k94@icb,sunita.d20@okhdfcbank,TXN375076,15000,N/A
REC003107,CASE0079,CDR,2024-02-05 10:00:00,+919856977720,+919847625271,356938036854423,347,"Anna Nagar, Chennai"
REC003108,CASE0079,CDR,2024-02-05 11:00:00,+919856977720,+919847625271,356938036854423,352,"Cyber City, Gurugram"
REC003109,CASE0079,CDR,2024-02-05 18:00:00,+919856977720,+919804996415,356938036854423,419,"Connaught Place, Delhi"
REC003110,CASE0079,UPI,2024-02-06 00:00:00,quickcash67@okhdfcbank,ravi.k94@icb,TXN171296,3000,N/A
REC003111,CASE0079,CDR,2024-02-06 03:00:00,+919856977720,+919866242649,356938036854423,351,"Anna Nagar, Chennai"
REC003112,CASE0079,UPI,2024-02-06 03:00:00,ravi.k94@icb,kavita.n25@upi,TXN326839,1200,N/A
REC003113,CASE0079,CDR,2024-02-06 04:00:00,+919856977720,+919851030451,356938036854423,497,"Anna Nagar, Chennai"
REC003114,CASE0079,CDR,2024-02-06 05:00:00,+919856977720,+919870982380,356938036854423,467,"Sector 15, Gurugram"
REC003115,CASE0079,UPI,2024-02-06 08:00:00,ravi.k94@icb,kavita.n25@upi,TXN644510,7500,N/A
REC003116,CASE0079,CDR,2024-02-06 12:00:00,+919856977720,+919804996415,356938036854423,35,"Anna Nagar, Chennai"
REC003117,CASE0079,UPI,2024-02-06 13:00:00,ravi.k94@icb,kavita.n75@icb,TXN235551,500,N/A
REC003118,CASE0079,CDR,2024-02-06 16:00:00,+919856977720,+919804996415,356938036854423,212,"Andheri East, Mumbai"
REC003119,CASE0079,CDR,2024-02-07 05:00:00,+919856977720,+919804996415,356938036854423,406,"Whitefield, Bengaluru"
REC003120,CASE0079,CDR,2024-02-07 17:00:00,+919856977720,+919866242649,356938036854423,117,"Banjara Hills, Hyderabad"
REC003121,CASE0079,CDR,2024-02-07 20:00:00,+919856977720,+919870982380,356938036854423,345,"Andheri East, Mumbai"
REC003122,CASE0079,CDR,2024-02-08 00:00:00,+919856977720,+919870982380,356938036854423,184,"Whitefield, Bengaluru"
REC003123,CASE0079,CDR,2024-02-08 19:00:00,+919856977720,+919847625271,356938036854423,148,"Salt Lake, Kolkata"
REC003124,CASE0079,CDR,2024-02-09 02:00:00,+919856977720,+919861732036,356938036854423,238,"Salt Lake, Kolkata"
REC003125,CASE0079,CDR,2024-02-09 17:00:00,+919856977720,+919804996415,356938036854423,391,"Kothrud, Pune"
REC003126,CASE0079,CDR,2024-02-09 20:00:00,+919856977720,+919851030451,356938036854423,398,"Vaishali Nagar, Jaipur"
REC003127,CASE0079,CDR,2024-02-09 23:00:00,+919856977720,+919804996415,356938036854423,441,"Connaught Place, Delhi"
REC003128,CASE0079,UPI,2024-02-09 23:00:00,quickcash67@okhdfcbank,ravi.k94@icb,TXN145493,500,N/A
REC003129,CASE0079,CDR,2024-02-10 00:00:00,+919856977720,+919851030451,356938036854423,133,"Cyber City, Gurugram"
REC003130,CASE0079,CDR,2024-02-10 00:00:00,+919856977720,+919892260551,356938036854423,141,"Cyber City, Gurugram"
REC003131,CASE0079,UPI,2024-02-10 14:00:00,ravi.k94@icb,kavita.n25@upi,TXN538272,500,N/A
REC003132,CASE0079,UPI,2024-02-10 21:00:00,quickcash67@okhdfcbank,ravi.k94@icb,TXN673179,1200,N/A
REC003133,CASE0079,UPI,2024-02-10 22:00:00,ravi.k94@icb,quickcash46@paytm,TXN764708,15000,N/A
REC003134,CASE0079,UPI,2024-02-11 01:00:00,ravi.k94@icb,quickcash46@paytm,TXN359293,3000,N/A
REC003135,CASE0079,CDR,2024-02-11 14:00:00,+919856977720,+919861732036,356938036854423,23,"Andheri East, Mumbai"
REC003136,CASE0079,UPI,2024-02-11 14:00:00,ravi.k94@icb,sunita.d20@okhdfcbank,TXN461456,15000,N/A
REC003137,CASE0079,UPI,2024-02-11 21:00:00,ravi.k94@icb,sunita.d20@okhdfcbank,TXN624595,15000,N/A
REC003138,CASE0079,UPI,2024-02-11 22:00:00,ravi.k94@icb,sunita.d20@okhdfcbank,TXN845971,7500,N/A
REC003139,CASE0080,UPI,2023-06-25 13:00:00,freshmart6@paytm,sanjay.p1@ybl,TXN512651,22000,N/A
REC003140,CASE0080,CDR,2023-06-25 16:00:00,+919812720362,+919817673009,356938083655494,257,"Banjara Hills, Hyderabad"
REC003141,CASE0080,UPI,2023-06-26 23:00:00,freshmart6@paytm,sanjay.p1@ybl,TXN243134,3000,N/A
REC003142,CASE0080,CDR,2023-06-27 01:00:00,+919812720362,+919806030175,356938083655494,336,"Cyber City, Gurugram"
REC003143,CASE0080,CDR,2023-06-27 13:00:00,+919812720362,+919894946134,356938083655494,203,"Cyber City, Gurugram"
REC003144,CASE0080,UPI,2023-06-28 00:00:00,freshmart6@paytm,sanjay.p1@ybl,TXN514857,7500,N/A
REC003145,CASE0080,UPI,2023-06-28 05:00:00,sanjay.p1@ybl,vikram.t37@icb,TXN333293,3000,N/A
REC003146,CASE0080,CDR,2023-06-28 10:00:00,+919812720362,+919821162776,356938083655494,486,"Connaught Place, Delhi"
REC003147,CASE0080,CDR,2023-06-28 14:00:00,+919812720362,+919829986658,356938083655494,419,"Salt Lake, Kolkata"
REC003148,CASE0080,UPI,2023-06-28 16:00:00,freshmart6@paytm,sanjay.p1@ybl,TXN767576,48000,N/A
REC003149,CASE0080,CDR,2023-06-28 17:00:00,+919812720362,+919874440098,356938083655494,79,"Anna Nagar, Chennai"
REC003150,CASE0080,UPI,2023-06-28 21:00:00,sanjay.p1@ybl,vikram.t37@icb,TXN543633,7500,N/A
REC003151,CASE0080,CDR,2023-06-29 11:00:00,+919812720362,+919874440098,356938083655494,241,"Cyber City, Gurugram"
REC003152,CASE0080,UPI,2023-06-30 01:00:00,sanjay.p1@ybl,kavita.n96@okhdfcbank,TXN660346,7500,N/A
REC003153,CASE0080,CDR,2023-06-30 07:00:00,+919812720362,+919816839882,356938083655494,460,"Salt Lake, Kolkata"
REC003154,CASE0080,CDR,2023-06-30 10:00:00,+919812720362,+919806030175,356938083655494,131,"Salt Lake, Kolkata"
REC003155,CASE0080,UPI,2023-06-30 11:00:00,freshmart6@paytm,sanjay.p1@ybl,TXN756254,1200,N/A
REC003156,CASE0080,CDR,2023-07-01 01:00:00,+919812720362,+919806030175,356938083655494,184,"Anna Nagar, Chennai"
REC003157,CASE0080,CDR,2023-07-01 07:00:00,+919812720362,+919874440098,356938083655494,405,"Salt Lake, Kolkata"
REC003158,CASE0080,CDR,2023-07-01 11:00:00,+919812720362,+919816839882,356938083655494,387,"Salt Lake, Kolkata"
REC003159,CASE0080,CDR,2023-07-02 03:00:00,+919812720362,+919816839882,356938083655494,205,"Cyber City, Gurugram"
REC003160,CASE0080,CDR,2023-07-02 07:00:00,+919812720362,+919817673009,356938083655494,109,"Kothrud, Pune"
REC003161,CASE0080,CDR,2023-07-02 09:00:00,+919812720362,+919829986658,356938083655494,330,"Andheri East, Mumbai"
REC003162,CASE0080,UPI,2023-07-02 09:00:00,sanjay.p1@ybl,kavita.n96@okhdfcbank,TXN853652,3000,N/A
REC003163,CASE0080,UPI,2023-07-02 16:00:00,freshmart6@paytm,sanjay.p1@ybl,TXN317700,3000,N/A
REC003164,CASE0080,CDR,2023-07-02 17:00:00,+919812720362,+919821162776,356938083655494,492,"Cyber City, Gurugram"
REC003165,CASE0080,UPI,2023-07-02 20:00:00,freshmart6@paytm,sanjay.p1@ybl,TXN835526,1200,N/A
REC003166,CASE0080,CDR,2023-07-03 17:00:00,+919812720362,+919894946134,356938083655494,497,"Whitefield, Bengaluru"
REC003167,CASE0081,CDR,2025-05-18 14:00:00,+919817898878,+919818409529,356938054587889,434,"Anna Nagar, Chennai"
REC003168,CASE0081,UPI,2025-05-18 15:00:00,pooja.b62@ybl,traders2466@okhdfcbank,TXN718677,48000,N/A
REC003169,CASE0081,UPI,2025-05-18 15:00:00,pooja.b62@ybl,traders2466@okhdfcbank,TXN770615,7500,N/A
REC003170,CASE0081,UPI,2025-05-18 17:00:00,pooja.b62@ybl,traders2466@okhdfcbank,TXN394449,48000,N/A
REC003171,CASE0081,UPI,2025-05-19 06:00:00,traders2466@okhdfcbank,vikram.t65@ybl,TXN189578,15000,N/A
REC003172,CASE0081,CDR,2025-05-19 07:00:00,+919817898878,+919801894315,356938054587889,368,"Anna Nagar, Chennai"
REC003173,CASE0081,CDR,2025-05-19 08:00:00,+919817898878,+919864085798,356938054587889,437,"Sector 15, Gurugram"
REC003174,CASE0081,CDR,2025-05-19 08:00:00,+919817898878,+919865898410,356938054587889,432,"Whitefield, Bengaluru"
REC003175,CASE0081,CDR,2025-05-19 12:00:00,+919817898878,+919891773981,356938054587889,216,"Vaishali Nagar, Jaipur"
REC003176,CASE0081,CDR,2025-05-19 20:00:00,+919817898878,+919865898410,356938054587889,135,"Salt Lake, Kolkata"
REC003177,CASE0081,CDR,2025-05-20 05:00:00,+919817898878,+919818409529,356938054587889,292,"Salt Lake, Kolkata"
REC003178,CASE0081,CDR,2025-05-20 06:00:00,+919817898878,+919880245557,356938054587889,264,"Connaught Place, Delhi"
REC003179,CASE0081,UPI,2025-05-20 06:00:00,pooja.b62@ybl,traders2466@okhdfcbank,TXN419733,1200,N/A
REC003180,CASE0081,CDR,2025-05-20 11:00:00,+919817898878,+919801894315,356938054587889,154,"Anna Nagar, Chennai"
REC003181,CASE0081,CDR,2025-05-20 11:00:00,+919817898878,+919801894315,356938054587889,206,"Vaishali Nagar, Jaipur"
REC003182,CASE0081,CDR,2025-05-20 15:00:00,+919817898878,+919880245557,356938054587889,227,"Andheri East, Mumbai"
REC003183,CASE0081,UPI,2025-05-20 22:00:00,traders2466@okhdfcbank,pooja.b81@okhdfcbank,TXN386519,22000,N/A
REC003184,CASE0081,CDR,2025-05-21 05:00:00,+919817898878,+919828643615,356938054587889,435,"Banjara Hills, Hyderabad"
REC003185,CASE0081,CDR,2025-05-21 10:00:00,+919817898878,+919801894315,356938054587889,432,"Andheri East, Mumbai"
REC003186,CASE0081,CDR,2025-05-21 17:00:00,+919817898878,+919864085798,356938054587889,427,"Vaishali Nagar, Jaipur"
REC003187,CASE0081,CDR,2025-05-22 09:00:00,+919817898878,+919880245557,356938054587889,423,"Connaught Place, Delhi"
REC003188,CASE0081,CDR,2025-05-22 10:00:00,+919817898878,+919801894315,356938054587889,201,"Connaught Place, Delhi"
REC003189,CASE0081,CDR,2025-05-22 10:00:00,+919817898878,+919864085798,356938054587889,327,"Salt Lake, Kolkata"
REC003190,CASE0081,CDR,2025-05-22 20:00:00,+919817898878,+919880245557,356938054587889,252,"Anna Nagar, Chennai"
REC003191,CASE0081,CDR,2025-05-22 23:00:00,+919817898878,+919864085798,356938054587889,166,"Andheri East, Mumbai"
REC003192,CASE0081,UPI,2025-05-23 03:00:00,traders2466@okhdfcbank,deepa.v46@ybl,TXN765806,15000,N/A
REC003193,CASE0081,UPI,2025-05-23 07:00:00,traders2466@okhdfcbank,sanjay.p84@ybl,TXN645453,1200,N/A
REC003194,CASE0081,CDR,2025-05-23 09:00:00,+919817898878,+919801894315,356938054587889,470,"Cyber City, Gurugram"
REC003195,CASE0081,UPI,2025-05-23 21:00:00,traders2466@okhdfcbank,pooja.b81@okhdfcbank,TXN589621,500,N/A
REC003196,CASE0081,UPI,2025-05-24 02:00:00,pooja.b62@ybl,traders2466@okhdfcbank,TXN641990,7500,N/A
REC003197,CASE0081,CDR,2025-05-24 05:00:00,+919817898878,+919864085798,356938054587889,209,"Whitefield, Bengaluru"
REC003198,CASE0081,UPI,2025-05-24 15:00:00,traders2466@okhdfcbank,pooja.b81@okhdfcbank,TXN118415,3000,N/A
REC003199,CASE0081,CDR,2025-05-24 20:00:00,+919817898878,+919880245557,356938054587889,154,"Sector 15, Gurugram"
REC003200,CASE0081,UPI,2025-05-24 22:00:00,pooja.b62@ybl,traders2466@okhdfcbank,TXN848061,22000,N/A
REC003201,CASE0081,UPI,2025-05-25 04:00:00,traders2466@okhdfcbank,vikram.t65@ybl,TXN358816,15000,N/A
REC003202,CASE0081,CDR,2025-05-25 09:00:00,+919817898878,+919865898410,356938054587889,99,"Cyber City, Gurugram"
REC003203,CASE0081,CDR,2025-05-25 09:00:00,+919817898878,+919865898410,356938054587889,60,"Connaught Place, Delhi"
REC003204,CASE0081,CDR,2025-05-25 11:00:00,+919817898878,+919828643615,356938054587889,499,"Banjara Hills, Hyderabad"
REC003205,CASE0081,UPI,2025-05-25 16:00:00,traders2466@okhdfcbank,vikram.t65@ybl,TXN976188,15000,N/A
REC003206,CASE0081,CDR,2025-05-25 18:00:00,+919817898878,+919818409529,356938054587889,28,"Andheri East, Mumbai"
REC003207,CASE0081,CDR,2025-05-25 23:00:00,+919817898878,+919828643615,356938054587889,172,"Anna Nagar, Chennai"
REC003208,CASE0081,CDR,2025-05-26 00:00:00,+919817898878,+919891773981,356938054587889,383,"Kothrud, Pune"
REC003209,CASE0081,CDR,2025-05-26 03:00:00,+919817898878,+919818409529,356938054587889,210,"Kothrud, Pune"
REC003210,CASE0081,CDR,2025-05-26 07:00:00,+919817898878,+919880245557,356938054587889,359,"Whitefield, Bengaluru"
REC003211,CASE0081,CDR,2025-05-26 10:00:00,+919817898878,+919891773981,356938054587889,457,"Cyber City, Gurugram"
REC003212,CASE0081,UPI,2025-05-26 15:00:00,traders2466@okhdfcbank,pooja.b81@okhdfcbank,TXN739974,48000,N/A
REC003213,CASE0081,CDR,2025-05-26 16:00:00,+919817898878,+919828643615,356938054587889,193,"Kothrud, Pune"
REC003214,CASE0081,CDR,2025-05-26 17:00:00,+919817898878,+919818409529,356938054587889,148,"Vaishali Nagar, Jaipur"
REC003215,CASE0081,CDR,2025-05-26 19:00:00,+919817898878,+919891773981,356938054587889,351,"Sector 15, Gurugram"
REC003216,CASE0081,UPI,2025-05-26 21:00:00,pooja.b62@ybl,traders2466@okhdfcbank,TXN843004,500,N/A
REC003217,CASE0081,UPI,2025-05-27 09:00:00,traders2466@okhdfcbank,sanjay.p84@ybl,TXN931879,500,N/A
REC003218,CASE0081,CDR,2025-05-27 10:00:00,+919817898878,+919864085798,356938054587889,161,"Connaught Place, Delhi"
REC003219,CASE0081,UPI,2025-05-27 12:00:00,pooja.b62@ybl,traders2466@okhdfcbank,TXN537822,15000,N/A
REC003220,CASE0081,UPI,2025-05-27 13:00:00,pooja.b62@ybl,traders2466@okhdfcbank,TXN264032,48000,N/A
REC003221,CASE0081,UPI,2025-05-27 17:00:00,pooja.b62@ybl,traders2466@okhdfcbank,TXN567637,15000,N/A
REC003222,CASE0081,UPI,2025-05-27 17:00:00,pooja.b62@ybl,traders2466@okhdfcbank,TXN606619,1200,N/A
REC003223,CASE0082,UPI,2023-04-21 07:00:00,vikram.t39@okhdfcbank,traders2424@ybl,TXN964492,7500,N/A
REC003224,CASE0082,CDR,2023-04-21 21:00:00,+919832620270,+919888013676,356938040724555,71,"Connaught Place, Delhi"
REC003225,CASE0082,UPI,2023-04-22 05:00:00,vikram.t39@okhdfcbank,pooja.b40@ybl,TXN874152,3000,N/A
REC003226,CASE0082,CDR,2023-04-22 17:00:00,+919832620270,+919878425604,356938040724555,421,"Vaishali Nagar, Jaipur"
REC003227,CASE0082,CDR,2023-04-22 22:00:00,+919832620270,+919881632381,356938040724555,233,"Andheri East, Mumbai"
REC003228,CASE0082,UPI,2023-04-23 10:00:00,vikram.t39@okhdfcbank,anita.r59@icb,TXN636257,15000,N/A
REC003229,CASE0082,CDR,2023-04-23 18:00:00,+919832620270,+919898259942,356938040724555,344,"Vaishali Nagar, Jaipur"
REC003230,CASE0082,UPI,2023-04-24 07:00:00,vikram.t39@okhdfcbank,anita.r59@icb,TXN923802,15000,N/A
REC003231,CASE0082,CDR,2023-04-24 14:00:00,+919832620270,+919881632381,356938040724555,151,"Cyber City, Gurugram"
REC003232,CASE0082,CDR,2023-04-25 10:00:00,+919832620270,+919878425604,356938040724555,247,"Banjara Hills, Hyderabad"
REC003233,CASE0082,CDR,2023-04-25 16:00:00,+919832620270,+919839827570,356938040724555,206,"Vaishali Nagar, Jaipur"
REC003234,CASE0082,CDR,2023-04-26 14:00:00,+919832620270,+919888013676,356938040724555,482,"Sector 15, Gurugram"
REC003235,CASE0082,UPI,2023-04-26 14:00:00,citypay14@okhdfcbank,vikram.t39@okhdfcbank,TXN627130,3000,N/A
REC003236,CASE0082,UPI,2023-04-26 16:00:00,vikram.t39@okhdfcbank,anita.r59@icb,TXN460155,3000,N/A
REC003237,CASE0082,CDR,2023-04-26 19:00:00,+919832620270,+919888013676,356938040724555,178,"Vaishali Nagar, Jaipur"
REC003238,CASE0082,CDR,2023-04-26 21:00:00,+919832620270,+919898259942,356938040724555,55,"Sector 15, Gurugram"
REC003239,CASE0082,UPI,2023-04-27 01:00:00,vikram.t39@okhdfcbank,traders2424@ybl,TXN552409,1200,N/A
REC003240,CASE0082,UPI,2023-04-27 01:00:00,citypay14@okhdfcbank,vikram.t39@okhdfcbank,TXN668093,15000,N/A
REC003241,CASE0082,UPI,2023-04-27 04:00:00,citypay14@okhdfcbank,vikram.t39@okhdfcbank,TXN783177,1200,N/A
REC003242,CASE0082,UPI,2023-04-27 04:00:00,vikram.t39@okhdfcbank,pooja.b40@ybl,TXN159509,48000,N/A
REC003243,CASE0082,UPI,2023-04-27 09:00:00,vikram.t39@okhdfcbank,anita.r59@icb,TXN101112,48000,N/A
REC003244,CASE0082,CDR,2023-04-27 15:00:00,+919832620270,+919881632381,356938040724555,171,"Andheri East, Mumbai"
REC003245,CASE0082,CDR,2023-04-27 18:00:00,+919832620270,+919881632381,356938040724555,425,"Andheri East, Mumbai"
REC003246,CASE0082,UPI,2023-04-27 19:00:00,vikram.t39@okhdfcbank,traders2424@ybl,TXN602337,3000,N/A
REC003247,CASE0082,CDR,2023-04-28 07:00:00,+919832620270,+919827395320,356938040724555,82,"Salt Lake, Kolkata"
REC003248,CASE0082,CDR,2023-04-28 13:00:00,+919832620270,+919888013676,356938040724555,228,"Banjara Hills, Hyderabad"
REC003249,CASE0082,CDR,2023-04-28 21:00:00,+919832620270,+919894433625,356938040724555,159,"Whitefield, Bengaluru"
REC003250,CASE0082,CDR,2023-04-30 06:00:00,+919832620270,+919888013676,356938040724555,32,"Sector 15, Gurugram"
REC003251,CASE0082,UPI,2023-04-30 09:00:00,citypay14@okhdfcbank,vikram.t39@okhdfcbank,TXN401942,15000,N/A
REC003252,CASE0083,CDR,2023-06-17 01:00:00,+919883997682,+919878208288,356938001903240,351,"Andheri East, Mumbai"
REC003253,CASE0083,CDR,2023-06-17 02:00:00,+919883997682,+919854026015,356938001903240,304,"Banjara Hills, Hyderabad"
REC003254,CASE0083,CDR,2023-06-17 05:00:00,+919883997682,+919878208288,356938001903240,47,"Andheri East, Mumbai"
REC003255,CASE0083,CDR,2023-06-17 10:00:00,+919883997682,+919846747546,356938001903240,265,"Anna Nagar, Chennai"
REC003256,CASE0083,CDR,2023-06-17 11:00:00,+919883997682,+919891739750,356938001903240,73,"Cyber City, Gurugram"
REC003257,CASE0083,UPI,2023-06-18 04:00:00,citypay80@okhdfcbank,meera.s26@paytm,TXN795851,48000,N/A
REC003258,CASE0083,UPI,2023-06-18 04:00:00,meera.s26@paytm,freshmart19@paytm,TXN127865,48000,N/A
REC003259,CASE0083,CDR,2023-06-18 06:00:00,+919883997682,+919846747546,356938001903240,463,"Cyber City, Gurugram"
REC003260,CASE0083,UPI,2023-06-18 08:00:00,citypay80@okhdfcbank,meera.s26@paytm,TXN193634,7500,N/A
REC003261,CASE0083,UPI,2023-06-18 16:00:00,meera.s26@paytm,freshmart19@paytm,TXN663232,500,N/A
REC003262,CASE0083,CDR,2023-06-18 19:00:00,+919883997682,+919854026015,356938001903240,287,"Sector 15, Gurugram"
REC003263,CASE0083,UPI,2023-06-18 22:00:00,meera.s26@paytm,deepa.v88@upi,TXN555086,48000,N/A
REC003264,CASE0083,UPI,2023-06-19 11:00:00,citypay80@okhdfcbank,meera.s26@paytm,TXN621831,3000,N/A
REC003265,CASE0083,UPI,2023-06-19 16:00:00,citypay80@okhdfcbank,meera.s26@paytm,TXN635869,3000,N/A
REC003266,CASE0083,CDR,2023-06-20 08:00:00,+919883997682,+919854026015,356938001903240,123,"Banjara Hills, Hyderabad"
REC003267,CASE0083,UPI,2023-06-21 02:00:00,citypay80@okhdfcbank,meera.s26@paytm,TXN577826,22000,N/A
REC003268,CASE0083,CDR,2023-06-21 14:00:00,+919883997682,+919896024760,356938001903240,256,"Andheri East, Mumbai"
REC003269,CASE0083,UPI,2023-06-21 15:00:00,meera.s26@paytm,nikhil.j36@upi,TXN972115,1200,N/A
REC003270,CASE0083,UPI,2023-06-22 07:00:00,citypay80@okhdfcbank,meera.s26@paytm,TXN548845,3000,N/A
REC003271,CASE0083,CDR,2023-06-22 14:00:00,+919883997682,+919878208288,356938001903240,150,"Anna Nagar, Chennai"
REC003272,CASE0083,CDR,2023-06-22 16:00:00,+919883997682,+919891739750,356938001903240,480,"Anna Nagar, Chennai"
REC003273,CASE0083,CDR,2023-06-22 22:00:00,+919883997682,+919878208288,356938001903240,224,"Vaishali Nagar, Jaipur"
REC003274,CASE0083,UPI,2023-06-23 03:00:00,meera.s26@paytm,rajesh.m36@paytm,TXN807399,500,N/A
REC003275,CASE0083,CDR,2023-06-23 16:00:00,+919883997682,+919891739750,356938001903240,236,"Anna Nagar, Chennai"
REC003276,CASE0083,UPI,2023-06-23 19:00:00,meera.s26@paytm,nikhil.j36@upi,TXN384920,1200,N/A
REC003277,CASE0083,CDR,2023-06-23 20:00:00,+919883997682,+919878208288,356938001903240,126,"Cyber City, Gurugram"
REC003278,CASE0083,CDR,2023-06-24 12:00:00,+919883997682,+919878208288,356938001903240,250,"Whitefield, Bengaluru"
REC003279,CASE0083,CDR,2023-06-24 13:00:00,+919883997682,+919891739750,356938001903240,50,"Anna Nagar, Chennai"
REC003280,CASE0083,CDR,2023-06-24 17:00:00,+919883997682,+919891739750,356938001903240,468,"Cyber City, Gurugram"
REC003281,CASE0083,UPI,2023-06-24 17:00:00,meera.s26@paytm,rajesh.m36@paytm,TXN423274,3000,N/A
REC003282,CASE0083,CDR,2023-06-25 00:00:00,+919883997682,+919891739750,356938001903240,303,"Andheri East, Mumbai"
REC003283,CASE0083,CDR,2023-06-25 02:00:00,+919883997682,+919851718938,356938001903240,169,"Cyber City, Gurugram"
REC003284,CASE0083,UPI,2023-06-25 05:00:00,meera.s26@paytm,freshmart19@paytm,TXN120621,22000,N/A
REC003285,CASE0083,UPI,2023-06-25 05:00:00,meera.s26@paytm,rajesh.m36@paytm,TXN678844,3000,N/A
REC003286,CASE0083,CDR,2023-06-25 07:00:00,+919883997682,+919851718938,356938001903240,103,"Sector 15, Gurugram"
REC003287,CASE0083,CDR,2023-06-25 09:00:00,+919883997682,+919891739750,356938001903240,448,"Anna Nagar, Chennai"
REC003288,CASE0083,UPI,2023-06-25 15:00:00,citypay80@okhdfcbank,meera.s26@paytm,TXN922050,500,N/A
REC003289,CASE0083,UPI,2023-06-25 15:00:00,meera.s26@paytm,rajesh.m36@paytm,TXN233244,500,N/A
REC003290,CASE0083,CDR,2023-06-25 18:00:00,+919883997682,+919878208288,356938001903240,254,"Sector 15, Gurugram"
REC003291,CASE0083,UPI,2023-06-25 18:00:00,meera.s26@paytm,rajesh.m36@paytm,TXN348568,7500,N/A
REC003292,CASE0083,CDR,2023-06-26 08:00:00,+919883997682,+919846747546,356938001903240,25,"Banjara Hills, Hyderabad"
REC003293,CASE0083,UPI,2023-06-26 08:00:00,citypay80@okhdfcbank,meera.s26@paytm,TXN853436,1200,N/A
REC003294,CASE0083,CDR,2023-06-26 13:00:00,+919883997682,+919828568968,356938001903240,314,"Banjara Hills, Hyderabad"
REC003295,CASE0083,CDR,2023-06-26 15:00:00,+919883997682,+919891739750,356938001903240,197,"Kothrud, Pune"
REC003296,CASE0083,CDR,2023-06-26 21:00:00,+919883997682,+919851718938,356938001903240,498,"Anna Nagar, Chennai"
REC003297,CASE0084,UPI,2024-07-15 01:00:00,nikhil.j33@icb,rajesh.m41@paytm,TXN655428,500,N/A
REC003298,CASE0084,UPI,2024-07-15 06:00:00,nikhil.j33@icb,rajesh.m41@paytm,TXN380745,22000,N/A
REC003299,CASE0084,UPI,2024-07-15 09:00:00,rajesh.m41@paytm,pooja.b82@okhdfcbank,TXN844793,15000,N/A
REC003300,CASE0084,CDR,2024-07-15 17:00:00,+919822346530,+919895874530,356938022549698,405,"Salt Lake, Kolkata"
REC003301,CASE0084,CDR,2024-07-18 11:00:00,+919822346530,+919892780410,356938022549698,373,"Kothrud, Pune"
REC003302,CASE0084,CDR,2024-07-18 15:00:00,+919822346530,+919886835875,356938022549698,159,"Banjara Hills, Hyderabad"
REC003303,CASE0084,UPI,2024-07-18 20:00:00,nikhil.j33@icb,rajesh.m41@paytm,TXN569756,22000,N/A
REC003304,CASE0084,UPI,2024-07-19 15:00:00,rajesh.m41@paytm,anita.r41@upi,TXN438430,22000,N/A
REC003305,CASE0084,UPI,2024-07-20 12:00:00,nikhil.j33@icb,rajesh.m41@paytm,TXN472538,1200,N/A
REC003306,CASE0084,CDR,2024-07-21 11:00:00,+919822346530,+919892780410,356938022549698,205,"Salt Lake, Kolkata"
REC003307,CASE0084,CDR,2024-07-21 18:00:00,+919822346530,+919802271237,356938022549698,172,"Kothrud, Pune"
REC003308,CASE0084,CDR,2024-07-22 04:00:00,+919822346530,+919887466232,356938022549698,64,"Banjara Hills, Hyderabad"
REC003309,CASE0084,CDR,2024-07-22 08:00:00,+919822346530,+919851687920,356938022549698,475,"Banjara Hills, Hyderabad"
REC003310,CASE0084,UPI,2024-07-22 08:00:00,nikhil.j33@icb,rajesh.m41@paytm,TXN881395,22000,N/A
REC003311,CASE0084,CDR,2024-07-22 09:00:00,+919822346530,+919851687920,356938022549698,304,"Anna Nagar, Chennai"
REC003312,CASE0084,CDR,2024-07-22 11:00:00,+919822346530,+919886835875,356938022549698,315,"Andheri East, Mumbai"
REC003313,CASE0084,CDR,2024-07-23 09:00:00,+919822346530,+919851687920,356938022549698,225,"Anna Nagar, Chennai"
REC003314,CASE0084,UPI,2024-07-23 13:00:00,rajesh.m41@paytm,anita.r41@upi,TXN895168,22000,N/A
REC003315,CASE0084,CDR,2024-07-23 16:00:00,+919822346530,+919851687920,356938022549698,65,"Anna Nagar, Chennai"
REC003316,CASE0084,UPI,2024-07-23 16:00:00,nikhil.j33@icb,rajesh.m41@paytm,TXN869836,48000,N/A
REC003317,CASE0085,UPI,2024-09-15 00:00:00,deepa.v70@ybl,deepa.v22@upi,TXN259594,22000,N/A
REC003318,CASE0085,CDR,2024-09-15 08:00:00,+919828658414,+919887673269,356938070866364,21,"Anna Nagar, Chennai"
REC003319,CASE0085,CDR,2024-09-15 13:00:00,+919828658414,+919885340392,356938070866364,395,"Cyber City, Gurugram"
REC003320,CASE0085,UPI,2024-09-16 03:00:00,deepa.v70@ybl,pooja.b99@ybl,TXN547487,500,N/A
REC003321,CASE0085,CDR,2024-09-16 06:00:00,+919828658414,+919843238815,356938070866364,161,"Andheri East, Mumbai"
REC003322,CASE0085,CDR,2024-09-16 20:00:00,+919828658414,+919843238815,356938070866364,85,"Whitefield, Bengaluru"
REC003323,CASE0085,CDR,2024-09-17 01:00:00,+919828658414,+919878109293,356938070866364,338,"Salt Lake, Kolkata"
REC003324,CASE0085,UPI,2024-09-17 07:00:00,deepa.v70@ybl,ravi.k95@upi,TXN954078,3000,N/A
REC003325,CASE0085,CDR,2024-09-17 09:00:00,+919828658414,+919878109293,356938070866364,266,"Banjara Hills, Hyderabad"
REC003326,CASE0085,CDR,2024-09-17 12:00:00,+919828658414,+919827073319,356938070866364,212,"Salt Lake, Kolkata"
REC003327,CASE0085,CDR,2024-09-17 22:00:00,+919828658414,+919893601397,356938070866364,244,"Cyber City, Gurugram"
REC003328,CASE0085,CDR,2024-09-18 00:00:00,+919828658414,+919827073319,356938070866364,113,"Andheri East, Mumbai"
REC003329,CASE0085,UPI,2024-09-18 03:00:00,deepa.v65@ybl,deepa.v70@ybl,TXN987149,48000,N/A
REC003330,CASE0085,UPI,2024-09-18 06:00:00,deepa.v65@ybl,deepa.v70@ybl,TXN846052,7500,N/A
REC003331,CASE0085,UPI,2024-09-18 07:00:00,deepa.v65@ybl,deepa.v70@ybl,TXN990248,48000,N/A
REC003332,CASE0085,UPI,2024-09-18 10:00:00,deepa.v70@ybl,ravi.k95@upi,TXN144147,1200,N/A
REC003333,CASE0085,CDR,2024-09-18 13:00:00,+919828658414,+919886841519,356938070866364,170,"Kothrud, Pune"
REC003334,CASE0085,CDR,2024-09-18 17:00:00,+919828658414,+919827073319,356938070866364,324,"Vaishali Nagar, Jaipur"
REC003335,CASE0085,UPI,2024-09-18 22:00:00,deepa.v70@ybl,ravi.k95@upi,TXN363455,500,N/A
REC003336,CASE0085,CDR,2024-09-19 23:00:00,+919828658414,+919843238815,356938070866364,207,"Whitefield, Bengaluru"
REC003337,CASE0085,UPI,2024-09-20 04:00:00,deepa.v70@ybl,rajesh.m23@okhdfcbank,TXN303654,1200,N/A
REC003338,CASE0085,UPI,2024-09-20 04:00:00,deepa.v65@ybl,deepa.v70@ybl,TXN961930,7500,N/A
REC003339,CASE0085,CDR,2024-09-21 02:00:00,+919828658414,+919878109293,356938070866364,307,"Salt Lake, Kolkata"
REC003340,CASE0085,UPI,2024-09-21 03:00:00,deepa.v70@ybl,ravi.k95@upi,TXN867941,22000,N/A
REC003341,CASE0085,CDR,2024-09-21 10:00:00,+919828658414,+919885340392,356938070866364,60,"Banjara Hills, Hyderabad"
REC003342,CASE0085,CDR,2024-09-21 13:00:00,+919828658414,+919827073319,356938070866364,258,"Whitefield, Bengaluru"
REC003343,CASE0085,UPI,2024-09-21 17:00:00,deepa.v65@ybl,deepa.v70@ybl,TXN143000,3000,N/A
REC003344,CASE0085,CDR,2024-09-22 02:00:00,+919828658414,+919893601397,356938070866364,290,"Vaishali Nagar, Jaipur"
REC003345,CASE0085,CDR,2024-09-22 20:00:00,+919828658414,+919878109293,356938070866364,379,"Sector 15, Gurugram"
REC003346,CASE0085,CDR,2024-09-22 22:00:00,+919828658414,+919827073319,356938070866364,411,"Kothrud, Pune"
REC003347,CASE0085,CDR,2024-09-22 22:00:00,+919828658414,+919887673269,356938070866364,94,"Anna Nagar, Chennai"
REC003348,CASE0085,UPI,2024-09-23 04:00:00,deepa.v65@ybl,deepa.v70@ybl,TXN309419,48000,N/A
REC003349,CASE0085,CDR,2024-09-23 10:00:00,+919828658414,+919843238815,356938070866364,385,"Banjara Hills, Hyderabad"
REC003350,CASE0085,UPI,2024-09-23 22:00:00,deepa.v70@ybl,deepa.v22@upi,TXN933907,500,N/A
REC003351,CASE0085,CDR,2024-09-24 02:00:00,+919828658414,+919843238815,356938070866364,244,"Kothrud, Pune"
REC003352,CASE0085,CDR,2024-09-24 09:00:00,+919828658414,+919843238815,356938070866364,41,"Sector 15, Gurugram"
REC003353,CASE0085,CDR,2024-09-24 10:00:00,+919828658414,+919886841519,356938070866364,423,"Connaught Place, Delhi"
REC003354,CASE0085,CDR,2024-09-24 13:00:00,+919828658414,+919886841519,356938070866364,164,"Vaishali Nagar, Jaipur"
REC003355,CASE0085,CDR,2024-09-24 14:00:00,+919828658414,+919878109293,356938070866364,217,"Whitefield, Bengaluru"
REC003356,CASE0086,UPI,2024-04-15 06:00:00,pooja.b51@upi,vikram.t74@icb,TXN585034,3000,N/A
REC003357,CASE0086,CDR,2024-04-15 09:00:00,+919847187163,+919899698013,356938097648682,291,"Andheri East, Mumbai"
REC003358,CASE0086,UPI,2024-04-15 21:00:00,pooja.b51@upi,sunita.d94@ybl,TXN113175,1200,N/A
REC003359,CASE0086,UPI,2024-04-16 03:00:00,pooja.b51@upi,rajesh.m38@ybl,TXN556408,500,N/A
REC003360,CASE0086,CDR,2024-04-16 07:00:00,+919847187163,+919864905999,356938097648682,68,"Salt Lake, Kolkata"
REC003361,CASE0086,CDR,2024-04-16 20:00:00,+919847187163,+919893028175,356938097648682,108,"Vaishali Nagar, Jaipur"
REC003362,CASE0086,UPI,2024-04-17 15:00:00,pooja.b51@upi,amitpay92@ybl,TXN394667,15000,N/A
REC003363,CASE0086,CDR,2024-04-17 17:00:00,+919847187163,+919816634352,356938097648682,441,"Sector 15, Gurugram"
REC003364,CASE0086,CDR,2024-04-18 15:00:00,+919847187163,+919816634352,356938097648682,346,"Whitefield, Bengaluru"
REC003365,CASE0086,UPI,2024-04-19 08:00:00,pooja.b51@upi,amitpay92@ybl,TXN611810,500,N/A
REC003366,CASE0086,CDR,2024-04-19 11:00:00,+919847187163,+919893028175,356938097648682,469,"Connaught Place, Delhi"
REC003367,CASE0086,CDR,2024-04-19 16:00:00,+919847187163,+919864905999,356938097648682,32,"Connaught Place, Delhi"
REC003368,CASE0086,UPI,2024-04-20 16:00:00,meera.s99@icb,pooja.b51@upi,TXN347170,22000,N/A
REC003369,CASE0086,CDR,2024-04-21 04:00:00,+919847187163,+919869532394,356938097648682,403,"Salt Lake, Kolkata"
REC003370,CASE0086,UPI,2024-04-22 19:00:00,meera.s99@icb,pooja.b51@upi,TXN620185,22000,N/A
REC003371,CASE0086,CDR,2024-04-22 21:00:00,+919847187163,+919850547637,356938097648682,399,"Kothrud, Pune"
REC003372,CASE0086,UPI,2024-04-23 02:00:00,pooja.b51@upi,vikram.t74@icb,TXN525304,1200,N/A
REC003373,CASE0086,CDR,2024-04-23 05:00:00,+919847187163,+919880443618,356938097648682,361,"Sector 15, Gurugram"
REC003374,CASE0086,UPI,2024-04-23 06:00:00,pooja.b51@upi,amitpay92@ybl,TXN164963,48000,N/A
REC003375,CASE0086,CDR,2024-04-23 09:00:00,+919847187163,+919869532394,356938097648682,440,"Andheri East, Mumbai"
REC003376,CASE0086,CDR,2024-04-24 08:00:00,+919847187163,+919850547637,356938097648682,414,"Connaught Place, Delhi"
REC003377,CASE0087,CDR,2023-08-11 02:00:00,+919866810952,+919809226945,356938022355623,235,"Andheri East, Mumbai"
REC003378,CASE0087,CDR,2023-08-11 02:00:00,+919866810952,+919858420337,356938022355623,276,"Whitefield, Bengaluru"
REC003379,CASE0087,CDR,2023-08-11 11:00:00,+919866810952,+919858420337,356938022355623,333,"Sector 15, Gurugram"
REC003380,CASE0087,UPI,2023-08-11 11:00:00,sanjay.p41@upi,quickcash64@upi,TXN928019,7500,N/A
REC003381,CASE0087,CDR,2023-08-11 20:00:00,+919866810952,+919895189072,356938022355623,31,"Whitefield, Bengaluru"
REC003382,CASE0087,UPI,2023-08-11 23:00:00,sanjay.p41@upi,anita.r23@upi,TXN789014,1200,N/A
REC003383,CASE0087,CDR,2023-08-12 02:00:00,+919866810952,+919895189072,356938022355623,225,"Vaishali Nagar, Jaipur"
REC003384,CASE0087,UPI,2023-08-12 08:00:00,sanjay.p41@upi,quickcash64@upi,TXN642608,22000,N/A
REC003385,CASE0087,CDR,2023-08-12 11:00:00,+919866810952,+919895189072,356938022355623,479,"Andheri East, Mumbai"
REC003386,CASE0087,UPI,2023-08-12 13:00:00,meera.s47@okhdfcbank,sanjay.p41@upi,TXN121607,500,N/A
REC003387,CASE0087,CDR,2023-08-12 19:00:00,+919866810952,+919807850732,356938022355623,205,"Anna Nagar, Chennai"
REC003388,CASE0087,CDR,2023-08-13 10:00:00,+919866810952,+919809226945,356938022355623,250,"Banjara Hills, Hyderabad"
REC003389,CASE0087,CDR,2023-08-13 18:00:00,+919866810952,+919859789482,356938022355623,298,"Kothrud, Pune"
REC003390,CASE0087,UPI,2023-08-13 20:00:00,meera.s47@okhdfcbank,sanjay.p41@upi,TXN987114,48000,N/A
REC003391,CASE0087,UPI,2023-08-13 22:00:00,meera.s47@okhdfcbank,sanjay.p41@upi,TXN837070,48000,N/A
REC003392,CASE0087,CDR,2023-08-14 01:00:00,+919866810952,+919895189072,356938022355623,456,"Salt Lake, Kolkata"
REC003393,CASE0087,UPI,2023-08-14 01:00:00,sanjay.p41@upi,quickcash64@upi,TXN823716,22000,N/A
REC003394,CASE0087,UPI,2023-08-14 02:00:00,sanjay.p41@upi,traders2463@icb,TXN736398,7500,N/A
REC003395,CASE0087,CDR,2023-08-14 03:00:00,+919866810952,+919835503650,356938022355623,106,"Whitefield, Bengaluru"
REC003396,CASE0087,CDR,2023-08-14 05:00:00,+919866810952,+919809226945,356938022355623,126,"Whitefield, Bengaluru"
REC003397,CASE0087,CDR,2023-08-14 13:00:00,+919866810952,+919858420337,356938022355623,331,"Whitefield, Bengaluru"
REC003398,CASE0087,UPI,2023-08-14 19:00:00,meera.s47@okhdfcbank,sanjay.p41@upi,TXN290613,15000,N/A
REC003399,CASE0087,UPI,2023-08-15 11:00:00,meera.s47@okhdfcbank,sanjay.p41@upi,TXN716533,3000,N/A
REC003400,CASE0087,CDR,2023-08-15 13:00:00,+919866810952,+919835124318,356938022355623,118,"Vaishali Nagar, Jaipur"
REC003401,CASE0087,CDR,2023-08-15 16:00:00,+919866810952,+919809226945,356938022355623,443,"Andheri East, Mumbai"
REC003402,CASE0087,CDR,2023-08-15 17:00:00,+919866810952,+919895189072,356938022355623,466,"Sector 15, Gurugram"
REC003403,CASE0087,UPI,2023-08-15 20:00:00,meera.s47@okhdfcbank,sanjay.p41@upi,TXN618038,15000,N/A
REC003404,CASE0087,UPI,2023-08-15 21:00:00,sanjay.p41@upi,anita.r23@upi,TXN989305,3000,N/A
REC003405,CASE0087,CDR,2023-08-15 23:00:00,+919866810952,+919835124318,356938022355623,160,"Anna Nagar, Chennai"
REC003406,CASE0087,UPI,2023-08-15 23:00:00,sanjay.p41@upi,anita.r23@upi,TXN162955,48000,N/A
REC003407,CASE0087,CDR,2023-08-16 01:00:00,+919866810952,+919835503650,356938022355623,417,"Kothrud, Pune"
REC003408,CASE0087,CDR,2023-08-16 07:00:00,+919866810952,+919858420337,356938022355623,248,"Vaishali Nagar, Jaipur"
REC003409,CASE0087,CDR,2023-08-16 09:00:00,+919866810952,+919895189072,356938022355623,238,"Anna Nagar, Chennai"
REC003410,CASE0087,CDR,2023-08-16 14:00:00,+919866810952,+919859789482,356938022355623,264,"Cyber City, Gurugram"
REC003411,CASE0087,UPI,2023-08-16 16:00:00,sanjay.p41@upi,traders2463@icb,TXN504658,22000,N/A
REC003412,CASE0087,CDR,2023-08-17 08:00:00,+919866810952,+919859789482,356938022355623,125,"Banjara Hills, Hyderabad"
REC003413,CASE0087,CDR,2023-08-17 12:00:00,+919866810952,+919807850732,356938022355623,354,"Anna Nagar, Chennai"
REC003414,CASE0087,UPI,2023-08-18 02:00:00,sanjay.p41@upi,citypay91@ybl,TXN207178,500,N/A
REC003415,CASE0087,CDR,2023-08-18 05:00:00,+919866810952,+919835503650,356938022355623,58,"Vaishali Nagar, Jaipur"
REC003416,CASE0087,UPI,2023-08-18 09:00:00,sanjay.p41@upi,traders2463@icb,TXN178702,7500,N/A
REC003417,CASE0087,UPI,2023-08-18 11:00:00,meera.s47@okhdfcbank,sanjay.p41@upi,TXN824707,15000,N/A
REC003418,CASE0087,UPI,2023-08-18 21:00:00,meera.s47@okhdfcbank,sanjay.p41@upi,TXN630622,1200,N/A
REC003419,CASE0087,CDR,2023-08-18 23:00:00,+919866810952,+919858420337,356938022355623,28,"Whitefield, Bengaluru"
REC003420,CASE0087,CDR,2023-08-19 00:00:00,+919866810952,+919809226945,356938022355623,32,"Anna Nagar, Chennai"
REC003421,CASE0087,CDR,2023-08-19 03:00:00,+919866810952,+919835503650,356938022355623,309,"Sector 15, Gurugram"
REC003422,CASE0087,UPI,2023-08-19 11:00:00,meera.s47@okhdfcbank,sanjay.p41@upi,TXN605490,48000,N/A
REC003423,CASE0087,UPI,2023-08-19 13:00:00,meera.s47@okhdfcbank,sanjay.p41@upi,TXN371768,15000,N/A
REC003424,CASE0087,CDR,2023-08-19 18:00:00,+919866810952,+919809226945,356938022355623,170,"Andheri East, Mumbai"
REC003425,CASE0087,UPI,2023-08-20 02:00:00,meera.s47@okhdfcbank,sanjay.p41@upi,TXN875732,500,N/A
REC003426,CASE0087,UPI,2023-08-20 04:00:00,meera.s47@okhdfcbank,sanjay.p41@upi,TXN518782,1200,N/A
REC003427,CASE0087,UPI,2023-08-20 04:00:00,sanjay.p41@upi,traders2463@icb,TXN660596,7500,N/A
REC003428,CASE0087,UPI,2023-08-20 11:00:00,sanjay.p41@upi,citypay91@ybl,TXN836876,1200,N/A
REC003429,CASE0087,CDR,2023-08-20 14:00:00,+919866810952,+919835503650,356938022355623,341,"Salt Lake, Kolkata"
REC003430,CASE0087,CDR,2023-08-20 19:00:00,+919866810952,+919858420337,356938022355623,339,"Vaishali Nagar, Jaipur"
REC003431,CASE0087,UPI,2023-08-20 20:00:00,sanjay.p41@upi,traders2463@icb,TXN541254,7500,N/A
REC003432,CASE0087,CDR,2023-08-21 00:00:00,+919866810952,+919859789482,356938022355623,106,"Kothrud, Pune"
REC003433,CASE0087,UPI,2023-08-21 00:00:00,sanjay.p41@upi,citypay91@ybl,TXN189822,22000,N/A
REC003434,CASE0088,CDR,2023-07-19 14:00:00,+919885204566,+919867517548,356938020450682,279,"Sector 15, Gurugram"
REC003435,CASE0088,UPI,2023-07-19 15:00:00,amitpay31@ybl,traders2484@paytm,TXN334243,22000,N/A
REC003436,CASE0088,CDR,2023-07-19 20:00:00,+919885204566,+919847418536,356938020450682,347,"Salt Lake, Kolkata"
REC003437,CASE0088,CDR,2023-07-20 00:00:00,+919885204566,+919846935974,356938020450682,410,"Banjara Hills, Hyderabad"
REC003438,CASE0088,UPI,2023-07-20 08:00:00,traders2484@paytm,kavita.n81@okhdfcbank,TXN734682,1200,N/A
REC003439,CASE0088,CDR,2023-07-20 16:00:00,+919885204566,+919867517548,356938020450682,495,"Andheri East, Mumbai"
REC003440,CASE0088,UPI,2023-07-20 16:00:00,traders2484@paytm,kavita.n81@okhdfcbank,TXN708406,3000,N/A
REC003441,CASE0088,CDR,2023-07-21 03:00:00,+919885204566,+919873018652,356938020450682,470,"Anna Nagar, Chennai"
REC003442,CASE0088,UPI,2023-07-21 12:00:00,traders2484@paytm,deepa.v44@okhdfcbank,TXN720567,7500,N/A
REC003443,CASE0088,CDR,2023-07-21 15:00:00,+919885204566,+919891034562,356938020450682,193,"Connaught Place, Delhi"
REC003444,CASE0088,CDR,2023-07-21 18:00:00,+919885204566,+919847418536,356938020450682,214,"Vaishali Nagar, Jaipur"
REC003445,CASE0088,CDR,2023-07-22 01:00:00,+919885204566,+919877491483,356938020450682,172,"Banjara Hills, Hyderabad"
REC003446,CASE0088,CDR,2023-07-22 02:00:00,+919885204566,+919813904120,356938020450682,473,"Sector 15, Gurugram"
REC003447,CASE0088,CDR,2023-07-22 04:00:00,+919885204566,+919891034562,356938020450682,178,"Salt Lake, Kolkata"
REC003448,CASE0088,CDR,2023-07-22 04:00:00,+919885204566,+919873018652,356938020450682,399,"Connaught Place, Delhi"
REC003449,CASE0088,CDR,2023-07-22 05:00:00,+919885204566,+919847418536,356938020450682,397,"Andheri East, Mumbai"
REC003450,CASE0088,UPI,2023-07-22 05:00:00,traders2484@paytm,kavita.n81@okhdfcbank,TXN772319,48000,N/A
REC003451,CASE0088,UPI,2023-07-22 10:00:00,traders2484@paytm,deepa.v44@okhdfcbank,TXN201722,48000,N/A
REC003452,CASE0088,UPI,2023-07-22 15:00:00,traders2484@paytm,anita.r32@paytm,TXN366823,48000,N/A
REC003453,CASE0088,CDR,2023-07-23 00:00:00,+919885204566,+919873018652,356938020450682,62,"Salt Lake, Kolkata"
REC003454,CASE0088,CDR,2023-07-23 03:00:00,+919885204566,+919867517548,356938020450682,125,"Whitefield, Bengaluru"
REC003455,CASE0088,CDR,2023-07-23 06:00:00,+919885204566,+919891034562,356938020450682,236,"Vaishali Nagar, Jaipur"
REC003456,CASE0088,CDR,2023-07-23 06:00:00,+919885204566,+919813904120,356938020450682,408,"Sector 15, Gurugram"
REC003457,CASE0088,UPI,2023-07-23 17:00:00,amitpay31@ybl,traders2484@paytm,TXN166472,1200,N/A
REC003458,CASE0088,UPI,2023-07-23 21:00:00,amitpay31@ybl,traders2484@paytm,TXN612497,15000,N/A
REC003459,CASE0088,CDR,2023-07-24 09:00:00,+919885204566,+919847418536,356938020450682,312,"Salt Lake, Kolkata"
REC003460,CASE0088,CDR,2023-07-24 14:00:00,+919885204566,+919873018652,356938020450682,134,"Salt Lake, Kolkata"
REC003461,CASE0088,CDR,2023-07-24 14:00:00,+919885204566,+919813904120,356938020450682,432,"Kothrud, Pune"
REC003462,CASE0088,CDR,2023-07-24 15:00:00,+919885204566,+919867517548,356938020450682,169,"Andheri East, Mumbai"
REC003463,CASE0088,CDR,2023-07-25 04:00:00,+919885204566,+919847418536,356938020450682,200,"Anna Nagar, Chennai"
REC003464,CASE0088,CDR,2023-07-25 04:00:00,+919885204566,+919891034562,356938020450682,175,"Andheri East, Mumbai"
REC003465,CASE0088,UPI,2023-07-25 05:00:00,amitpay31@ybl,traders2484@paytm,TXN425903,500,N/A
REC003466,CASE0088,CDR,2023-07-25 08:00:00,+919885204566,+919846935974,356938020450682,32,"Salt Lake, Kolkata"
REC003467,CASE0088,UPI,2023-07-25 13:00:00,amitpay31@ybl,traders2484@paytm,TXN645102,7500,N/A
REC003468,CASE0088,CDR,2023-07-25 21:00:00,+919885204566,+919847418536,356938020450682,382,"Salt Lake, Kolkata"
REC003469,CASE0088,CDR,2023-07-25 22:00:00,+919885204566,+919873018652,356938020450682,250,"Vaishali Nagar, Jaipur"
REC003470,CASE0088,UPI,2023-07-26 01:00:00,amitpay31@ybl,traders2484@paytm,TXN671575,500,N/A
REC003471,CASE0088,UPI,2023-07-26 04:00:00,traders2484@paytm,deepa.v44@okhdfcbank,TXN613333,500,N/A
REC003472,CASE0088,UPI,2023-07-26 06:00:00,traders2484@paytm,amitpay42@okhdfcbank,TXN439815,15000,N/A
REC003473,CASE0088,UPI,2023-07-26 07:00:00,amitpay31@ybl,traders2484@paytm,TXN382983,1200,N/A
REC003474,CASE0088,UPI,2023-07-26 08:00:00,traders2484@paytm,anita.r32@paytm,TXN855229,3000,N/A
REC003475,CASE0088,CDR,2023-07-26 11:00:00,+919885204566,+919813904120,356938020450682,94,"Vaishali Nagar, Jaipur"
REC003476,CASE0088,UPI,2023-07-26 12:00:00,traders2484@paytm,amitpay42@okhdfcbank,TXN769471,48000,N/A
REC003477,CASE0088,UPI,2023-07-26 13:00:00,traders2484@paytm,kavita.n81@okhdfcbank,TXN982666,3000,N/A
REC003478,CASE0088,CDR,2023-07-26 19:00:00,+919885204566,+919873018652,356938020450682,108,"Andheri East, Mumbai"
REC003479,CASE0088,CDR,2023-07-26 20:00:00,+919885204566,+919813904120,356938020450682,74,"Connaught Place, Delhi"
REC003480,CASE0088,CDR,2023-07-27 06:00:00,+919885204566,+919847418536,356938020450682,90,"Whitefield, Bengaluru"
REC003481,CASE0088,CDR,2023-07-27 09:00:00,+919885204566,+919877491483,356938020450682,306,"Kothrud, Pune"
REC003482,CASE0088,CDR,2023-07-27 12:00:00,+919885204566,+919877491483,356938020450682,433,"Connaught Place, Delhi"
REC003483,CASE0088,UPI,2023-07-27 15:00:00,traders2484@paytm,deepa.v44@okhdfcbank,TXN911682,7500,N/A
REC003484,CASE0088,UPI,2023-07-27 19:00:00,traders2484@paytm,kavita.n81@okhdfcbank,TXN313468,22000,N/A
REC003485,CASE0088,CDR,2023-07-27 20:00:00,+919885204566,+919847418536,356938020450682,123,"Vaishali Nagar, Jaipur"
REC003486,CASE0088,CDR,2023-07-27 22:00:00,+919885204566,+919891034562,356938020450682,260,"Cyber City, Gurugram"
REC003487,CASE0088,CDR,2023-07-28 08:00:00,+919885204566,+919877491483,356938020450682,288,"Kothrud, Pune"
REC003488,CASE0088,UPI,2023-07-28 09:00:00,amitpay31@ybl,traders2484@paytm,TXN620443,22000,N/A
REC003489,CASE0088,CDR,2023-07-28 10:00:00,+919885204566,+919867517548,356938020450682,485,"Salt Lake, Kolkata"
REC003490,CASE0088,CDR,2023-07-28 10:00:00,+919885204566,+919891034562,356938020450682,98,"Sector 15, Gurugram"
REC003491,CASE0088,CDR,2023-07-28 17:00:00,+919885204566,+919877491483,356938020450682,145,"Connaught Place, Delhi"
REC003492,CASE0088,UPI,2023-07-28 17:00:00,amitpay31@ybl,traders2484@paytm,TXN595372,7500,N/A
REC003493,CASE0088,CDR,2023-07-28 19:00:00,+919885204566,+919867517548,356938020450682,295,"Cyber City, Gurugram"
REC003494,CASE0089,CDR,2024-01-13 01:00:00,+919820383826,+919842772588,356938019857763,49,"Whitefield, Bengaluru"
REC003495,CASE0089,CDR,2024-01-13 02:00:00,+919820383826,+919842772588,356938019857763,446,"Andheri East, Mumbai"
REC003496,CASE0089,CDR,2024-01-13 12:00:00,+919820383826,+919842772588,356938019857763,459,"Cyber City, Gurugram"
REC003497,CASE0089,CDR,2024-01-14 00:00:00,+919820383826,+919811047855,356938019857763,252,"Andheri East, Mumbai"
REC003498,CASE0089,UPI,2024-01-14 07:00:00,anita.r63@upi,citypay6@okhdfcbank,TXN753119,15000,N/A
REC003499,CASE0089,UPI,2024-01-14 11:00:00,citypay6@okhdfcbank,traders2434@okhdfcbank,TXN582837,7500,N/A
REC003500,CASE0089,UPI,2024-01-14 19:00:00,anita.r63@upi,citypay6@okhdfcbank,TXN385026,1200,N/A
REC003501,CASE0089,CDR,2024-01-14 20:00:00,+919820383826,+919827981087,356938019857763,230,"Vaishali Nagar, Jaipur"
REC003502,CASE0089,UPI,2024-01-14 23:00:00,anita.r63@upi,citypay6@okhdfcbank,TXN278746,1200,N/A
REC003503,CASE0089,UPI,2024-01-15 01:00:00,anita.r63@upi,citypay6@okhdfcbank,TXN354805,48000,N/A
REC003504,CASE0089,CDR,2024-01-15 10:00:00,+919820383826,+919842772588,356938019857763,164,"Kothrud, Pune"
REC003505,CASE0089,UPI,2024-01-15 12:00:00,citypay6@okhdfcbank,freshmart92@paytm,TXN678253,7500,N/A
REC003506,CASE0089,CDR,2024-01-15 13:00:00,+919820383826,+919827981087,356938019857763,452,"Banjara Hills, Hyderabad"
REC003507,CASE0089,CDR,2024-01-15 14:00:00,+919820383826,+919827981087,356938019857763,190,"Andheri East, Mumbai"
REC003508,CASE0089,CDR,2024-01-15 16:00:00,+919820383826,+919801655678,356938019857763,149,"Andheri East, Mumbai"
REC003509,CASE0089,CDR,2024-01-16 10:00:00,+919820383826,+919827981087,356938019857763,403,"Vaishali Nagar, Jaipur"
REC003510,CASE0089,CDR,2024-01-16 12:00:00,+919820383826,+919827981087,356938019857763,298,"Andheri East, Mumbai"
REC003511,CASE0089,UPI,2024-01-16 14:00:00,anita.r63@upi,citypay6@okhdfcbank,TXN219396,500,N/A
REC003512,CASE0089,CDR,2024-01-16 16:00:00,+919820383826,+919811047855,356938019857763,60,"Sector 15, Gurugram"
REC003513,CASE0089,CDR,2024-01-16 18:00:00,+919820383826,+919827981087,356938019857763,400,"Andheri East, Mumbai"
REC003514,CASE0089,CDR,2024-01-17 20:00:00,+919820383826,+919827981087,356938019857763,308,"Kothrud, Pune"
REC003515,CASE0089,UPI,2024-01-17 20:00:00,anita.r63@upi,citypay6@okhdfcbank,TXN198324,1200,N/A
REC003516,CASE0089,CDR,2024-01-18 00:00:00,+919820383826,+919827981087,356938019857763,388,"Sector 15, Gurugram"
REC003517,CASE0089,UPI,2024-01-18 21:00:00,anita.r63@upi,citypay6@okhdfcbank,TXN669497,22000,N/A
REC003518,CASE0089,CDR,2024-01-18 22:00:00,+919820383826,+919811047855,356938019857763,308,"Connaught Place, Delhi"
REC003519,CASE0089,CDR,2024-01-19 05:00:00,+919820383826,+919827981087,356938019857763,367,"Vaishali Nagar, Jaipur"
REC003520,CASE0089,CDR,2024-01-19 19:00:00,+919820383826,+919811047855,356938019857763,213,"Banjara Hills, Hyderabad"
REC003521,CASE0089,CDR,2024-01-19 20:00:00,+919820383826,+919827981087,356938019857763,369,"Banjara Hills, Hyderabad"
REC003522,CASE0089,CDR,2024-01-20 04:00:00,+919820383826,+919801655678,356938019857763,242,"Sector 15, Gurugram"
REC003523,CASE0089,CDR,2024-01-20 04:00:00,+919820383826,+919844428664,356938019857763,361,"Kothrud, Pune"
REC003524,CASE0089,CDR,2024-01-20 07:00:00,+919820383826,+919827981087,356938019857763,450,"Kothrud, Pune"
REC003525,CASE0089,CDR,2024-01-20 10:00:00,+919820383826,+919844428664,356938019857763,58,"Anna Nagar, Chennai"
REC003526,CASE0089,UPI,2024-01-20 16:00:00,citypay6@okhdfcbank,traders2434@okhdfcbank,TXN642949,22000,N/A
REC003527,CASE0089,UPI,2024-01-20 20:00:00,citypay6@okhdfcbank,freshmart92@paytm,TXN622883,7500,N/A
REC003528,CASE0089,CDR,2024-01-21 15:00:00,+919820383826,+919844428664,356938019857763,259,"Connaught Place, Delhi"
REC003529,CASE0089,UPI,2024-01-21 16:00:00,citypay6@okhdfcbank,traders2434@okhdfcbank,TXN717376,500,N/A
REC003530,CASE0089,CDR,2024-01-21 18:00:00,+919820383826,+919846361353,356938019857763,174,"Banjara Hills, Hyderabad"
REC003531,CASE0089,CDR,2024-01-21 19:00:00,+919820383826,+919811047855,356938019857763,42,"Whitefield, Bengaluru"
REC003532,CASE0089,UPI,2024-01-21 21:00:00,anita.r63@upi,citypay6@okhdfcbank,TXN675097,15000,N/A
REC003533,CASE0089,UPI,2024-01-22 10:00:00,citypay6@okhdfcbank,sunita.d84@upi,TXN563095,500,N/A
REC003534,CASE0089,CDR,2024-01-22 16:00:00,+919820383826,+919842772588,356938019857763,194,"Sector 15, Gurugram"
REC003535,CASE0089,UPI,2024-01-22 19:00:00,citypay6@okhdfcbank,amitpay70@paytm,TXN239201,500,N/A
REC003536,CASE0089,UPI,2024-01-22 20:00:00,citypay6@okhdfcbank,freshmart92@paytm,TXN300827,22000,N/A
REC003537,CASE0090,CDR,2023-06-10 04:00:00,+919818859256,+919834353823,356938033343057,224,"Sector 15, Gurugram"
REC003538,CASE0090,UPI,2023-06-10 11:00:00,kavita.n99@okhdfcbank,sanjay.p67@ybl,TXN551178,15000,N/A
REC003539,CASE0090,UPI,2023-06-11 07:00:00,kavita.n99@okhdfcbank,traders2498@paytm,TXN204867,7500,N/A
REC003540,CASE0090,UPI,2023-06-11 18:00:00,anita.r27@icb,kavita.n99@okhdfcbank,TXN916269,7500,N/A
REC003541,CASE0090,CDR,2023-06-12 07:00:00,+919818859256,+919843689811,356938033343057,157,"Sector 15, Gurugram"
REC003542,CASE0090,UPI,2023-06-12 08:00:00,anita.r27@icb,kavita.n99@okhdfcbank,TXN465496,1200,N/A
REC003543,CASE0090,CDR,2023-06-12 13:00:00,+919818859256,+919833887668,356938033343057,412,"Connaught Place, Delhi"
REC003544,CASE0090,CDR,2023-06-12 23:00:00,+919818859256,+919833887668,356938033343057,472,"Vaishali Nagar, Jaipur"
REC003545,CASE0090,CDR,2023-06-13 02:00:00,+919818859256,+919835617491,356938033343057,384,"Vaishali Nagar, Jaipur"
REC003546,CASE0090,UPI,2023-06-13 16:00:00,kavita.n99@okhdfcbank,sunita.d30@okhdfcbank,TXN261640,7500,N/A
REC003547,CASE0090,CDR,2023-06-13 19:00:00,+919818859256,+919833887668,356938033343057,401,"Whitefield, Bengaluru"
REC003548,CASE0090,CDR,2023-06-14 04:00:00,+919818859256,+919834353823,356938033343057,407,"Connaught Place, Delhi"
REC003549,CASE0090,UPI,2023-06-14 13:00:00,kavita.n99@okhdfcbank,sanjay.p67@ybl,TXN277825,15000,N/A
REC003550,CASE0090,CDR,2023-06-14 21:00:00,+919818859256,+919840315935,356938033343057,500,"Cyber City, Gurugram"
REC003551,CASE0090,UPI,2023-06-15 04:00:00,kavita.n99@okhdfcbank,sunita.d30@okhdfcbank,TXN212315,48000,N/A
REC003552,CASE0090,UPI,2023-06-15 05:00:00,anita.r27@icb,kavita.n99@okhdfcbank,TXN825001,500,N/A
REC003553,CASE0090,UPI,2023-06-15 22:00:00,kavita.n99@okhdfcbank,sanjay.p67@ybl,TXN154261,1200,N/A
REC003554,CASE0090,CDR,2023-06-17 04:00:00,+919818859256,+919840315935,356938033343057,349,"Whitefield, Bengaluru"
REC003555,CASE0090,CDR,2023-06-17 05:00:00,+919818859256,+919840315935,356938033343057,395,"Anna Nagar, Chennai"
REC003556,CASE0090,CDR,2023-06-17 07:00:00,+919818859256,+919874655851,356938033343057,230,"Cyber City, Gurugram"
REC003557,CASE0090,UPI,2023-06-17 13:00:00,kavita.n99@okhdfcbank,sunita.d30@okhdfcbank,TXN906883,48000,N/A
REC003558,CASE0090,CDR,2023-06-18 05:00:00,+919818859256,+919874655851,356938033343057,410,"Sector 15, Gurugram"
REC003559,CASE0090,UPI,2023-06-19 05:00:00,anita.r27@icb,kavita.n99@okhdfcbank,TXN464584,3000,N/A
REC003560,CASE0090,CDR,2023-06-19 11:00:00,+919818859256,+919833887668,356938033343057,433,"Andheri East, Mumbai"
REC003561,CASE0090,CDR,2023-06-19 20:00:00,+919818859256,+919840315935,356938033343057,332,"Whitefield, Bengaluru"
REC003562,CASE0091,CDR,2025-06-14 03:00:00,+919888800361,+919814765273,356938079042303,472,"Kothrud, Pune"
REC003563,CASE0091,CDR,2025-06-14 20:00:00,+919888800361,+919867607480,356938079042303,105,"Salt Lake, Kolkata"
REC003564,CASE0091,UPI,2025-06-14 23:00:00,meera.s35@upi,rajesh.m25@okhdfcbank,TXN823154,15000,N/A
REC003565,CASE0091,CDR,2025-06-15 00:00:00,+919888800361,+919829642249,356938079042303,235,"Salt Lake, Kolkata"
REC003566,CASE0091,CDR,2025-06-15 01:00:00,+919888800361,+919897715018,356938079042303,388,"Kothrud, Pune"
REC003567,CASE0091,CDR,2025-06-15 08:00:00,+919888800361,+919829642249,356938079042303,378,"Kothrud, Pune"
REC003568,CASE0091,UPI,2025-06-15 11:00:00,rajesh.m25@okhdfcbank,amitpay35@icb,TXN834905,48000,N/A
REC003569,CASE0091,UPI,2025-06-15 16:00:00,meera.s35@upi,rajesh.m25@okhdfcbank,TXN178198,48000,N/A
REC003570,CASE0091,UPI,2025-06-15 22:00:00,rajesh.m25@okhdfcbank,freshmart87@ybl,TXN327430,3000,N/A
REC003571,CASE0091,UPI,2025-06-15 23:00:00,meera.s35@upi,rajesh.m25@okhdfcbank,TXN693017,48000,N/A
REC003572,CASE0091,UPI,2025-06-16 05:00:00,rajesh.m25@okhdfcbank,rajesh.m55@upi,TXN642345,1200,N/A
REC003573,CASE0091,CDR,2025-06-16 15:00:00,+919888800361,+919897715018,356938079042303,450,"Cyber City, Gurugram"
REC003574,CASE0091,CDR,2025-06-16 19:00:00,+919888800361,+919897715018,356938079042303,426,"Anna Nagar, Chennai"
REC003575,CASE0091,CDR,2025-06-16 19:00:00,+919888800361,+919897715018,356938079042303,233,"Anna Nagar, Chennai"
REC003576,CASE0091,CDR,2025-06-16 19:00:00,+919888800361,+919867607480,356938079042303,250,"Vaishali Nagar, Jaipur"
REC003577,CASE0091,UPI,2025-06-16 22:00:00,rajesh.m25@okhdfcbank,amitpay35@icb,TXN389181,1200,N/A
REC003578,CASE0091,UPI,2025-06-17 09:00:00,rajesh.m25@okhdfcbank,amitpay87@upi,TXN626648,3000,N/A
REC003579,CASE0091,UPI,2025-06-17 10:00:00,meera.s35@upi,rajesh.m25@okhdfcbank,TXN668086,7500,N/A
REC003580,CASE0091,CDR,2025-06-17 15:00:00,+919888800361,+919884809427,356938079042303,483,"Banjara Hills, Hyderabad"
REC003581,CASE0091,UPI,2025-06-17 20:00:00,rajesh.m25@okhdfcbank,rajesh.m55@upi,TXN365386,7500,N/A
REC003582,CASE0091,UPI,2025-06-17 21:00:00,meera.s35@upi,rajesh.m25@okhdfcbank,TXN211888,1200,N/A
REC003583,CASE0091,UPI,2025-06-18 00:00:00,rajesh.m25@okhdfcbank,rajesh.m55@upi,TXN707309,3000,N/A
REC003584,CASE0091,CDR,2025-06-18 06:00:00,+919888800361,+919867607480,356938079042303,77,"Vaishali Nagar, Jaipur"
REC003585,CASE0091,CDR,2025-06-18 06:00:00,+919888800361,+919867607480,356938079042303,254,"Cyber City, Gurugram"
REC003586,CASE0091,CDR,2025-06-18 06:00:00,+919888800361,+919865757536,356938079042303,436,"Andheri East, Mumbai"
REC003587,CASE0091,CDR,2025-06-18 09:00:00,+919888800361,+919865757536,356938079042303,351,"Connaught Place, Delhi"
REC003588,CASE0091,CDR,2025-06-18 15:00:00,+919888800361,+919865757536,356938079042303,342,"Whitefield, Bengaluru"
REC003589,CASE0091,UPI,2025-06-19 02:00:00,meera.s35@upi,rajesh.m25@okhdfcbank,TXN825137,1200,N/A
REC003590,CASE0091,CDR,2025-06-19 04:00:00,+919888800361,+919814765273,356938079042303,270,"Vaishali Nagar, Jaipur"
REC003591,CASE0091,CDR,2025-06-19 23:00:00,+919888800361,+919884809427,356938079042303,100,"Vaishali Nagar, Jaipur"
REC003592,CASE0091,UPI,2025-06-20 00:00:00,rajesh.m25@okhdfcbank,amitpay87@upi,TXN478012,1200,N/A
REC003593,CASE0091,CDR,2025-06-20 05:00:00,+919888800361,+919865757536,356938079042303,234,"Andheri East, Mumbai"
REC003594,CASE0091,UPI,2025-06-20 18:00:00,meera.s35@upi,rajesh.m25@okhdfcbank,TXN180756,3000,N/A
REC003595,CASE0091,CDR,2025-06-21 03:00:00,+919888800361,+919884809427,356938079042303,20,"Salt Lake, Kolkata"
REC003596,CASE0091,CDR,2025-06-21 04:00:00,+919888800361,+919865757536,356938079042303,249,"Kothrud, Pune"
REC003597,CASE0091,UPI,2025-06-21 15:00:00,meera.s35@upi,rajesh.m25@okhdfcbank,TXN820849,1200,N/A
REC003598,CASE0091,UPI,2025-06-21 21:00:00,meera.s35@upi,rajesh.m25@okhdfcbank,TXN364757,3000,N/A
REC003599,CASE0091,CDR,2025-06-22 05:00:00,+919888800361,+919814765273,356938079042303,398,"Salt Lake, Kolkata"
REC003600,CASE0091,UPI,2025-06-22 09:00:00,rajesh.m25@okhdfcbank,freshmart87@ybl,TXN914668,3000,N/A
REC003601,CASE0091,UPI,2025-06-23 11:00:00,rajesh.m25@okhdfcbank,freshmart87@ybl,TXN902591,48000,N/A
REC003602,CASE0091,CDR,2025-06-23 14:00:00,+919888800361,+919897715018,356938079042303,91,"Sector 15, Gurugram"
REC003603,CASE0091,CDR,2025-06-23 16:00:00,+919888800361,+919803413377,356938079042303,99,"Andheri East, Mumbai"
REC003604,CASE0091,UPI,2025-06-24 00:00:00,rajesh.m25@okhdfcbank,amitpay35@icb,TXN827270,22000,N/A
REC003605,CASE0092,CDR,2024-04-04 05:00:00,+919869186750,+919840295962,356938024225168,215,"Sector 15, Gurugram"
REC003606,CASE0092,CDR,2024-04-04 07:00:00,+919869186750,+919814919696,356938024225168,164,"Kothrud, Pune"
REC003607,CASE0092,UPI,2024-04-04 16:00:00,sunita.d83@okhdfcbank,freshmart22@okhdfcbank,TXN766751,7500,N/A
REC003608,CASE0092,UPI,2024-04-05 02:00:00,rajesh.m20@icb,sunita.d83@okhdfcbank,TXN821745,3000,N/A
REC003609,CASE0092,CDR,2024-04-05 08:00:00,+919869186750,+919847856432,356938024225168,127,"Whitefield, Bengaluru"
REC003610,CASE0092,UPI,2024-04-05 14:00:00,rajesh.m20@icb,sunita.d83@okhdfcbank,TXN985686,1200,N/A
REC003611,CASE0092,UPI,2024-04-05 15:00:00,sunita.d83@okhdfcbank,rajesh.m31@paytm,TXN556397,1200,N/A
REC003612,CASE0092,CDR,2024-04-06 01:00:00,+919869186750,+919814919696,356938024225168,109,"Kothrud, Pune"
REC003613,CASE0092,CDR,2024-04-06 03:00:00,+919869186750,+919897244765,356938024225168,289,"Vaishali Nagar, Jaipur"
REC003614,CASE0092,UPI,2024-04-06 05:00:00,sunita.d83@okhdfcbank,rajesh.m31@paytm,TXN801712,3000,N/A
REC003615,CASE0092,UPI,2024-04-06 06:00:00,sunita.d83@okhdfcbank,rajesh.m31@paytm,TXN114036,7500,N/A
REC003616,CASE0092,UPI,2024-04-06 08:00:00,sunita.d83@okhdfcbank,amitpay18@icb,TXN830636,3000,N/A
REC003617,CASE0092,CDR,2024-04-06 09:00:00,+919869186750,+919840295962,356938024225168,413,"Connaught Place, Delhi"
REC003618,CASE0092,UPI,2024-04-06 14:00:00,sunita.d83@okhdfcbank,amitpay18@icb,TXN449488,48000,N/A
REC003619,CASE0092,CDR,2024-04-06 16:00:00,+919869186750,+919840295962,356938024225168,27,"Vaishali Nagar, Jaipur"
REC003620,CASE0092,CDR,2024-04-06 17:00:00,+919869186750,+919840295962,356938024225168,438,"Whitefield, Bengaluru"
REC003621,CASE0092,UPI,2024-04-06 19:00:00,sunita.d83@okhdfcbank,freshmart22@okhdfcbank,TXN112572,1200,N/A
REC003622,CASE0092,CDR,2024-04-06 23:00:00,+919869186750,+919831226443,356938024225168,219,"Sector 15, Gurugram"
REC003623,CASE0092,UPI,2024-04-06 23:00:00,rajesh.m20@icb,sunita.d83@okhdfcbank,TXN112180,1200,N/A
REC003624,CASE0092,CDR,2024-04-07 00:00:00,+919869186750,+919869663757,356938024225168,43,"Kothrud, Pune"
REC003625,CASE0092,CDR,2024-04-07 00:00:00,+919869186750,+919847856432,356938024225168,100,"Connaught Place, Delhi"
REC003626,CASE0092,CDR,2024-04-07 01:00:00,+919869186750,+919840295962,356938024225168,141,"Connaught Place, Delhi"
REC003627,CASE0092,CDR,2024-04-07 01:00:00,+919869186750,+919814919696,356938024225168,194,"Vaishali Nagar, Jaipur"
REC003628,CASE0092,CDR,2024-04-07 14:00:00,+919869186750,+919840295962,356938024225168,89,"Kothrud, Pune"
REC003629,CASE0092,CDR,2024-04-07 20:00:00,+919869186750,+919854298023,356938024225168,219,"Banjara Hills, Hyderabad"
REC003630,CASE0092,CDR,2024-04-07 21:00:00,+919869186750,+919814919696,356938024225168,248,"Sector 15, Gurugram"
REC003631,CASE0092,UPI,2024-04-07 23:00:00,rajesh.m20@icb,sunita.d83@okhdfcbank,TXN952632,500,N/A
REC003632,CASE0092,UPI,2024-04-08 11:00:00,sunita.d83@okhdfcbank,rajesh.m31@paytm,TXN946676,500,N/A
REC003633,CASE0092,CDR,2024-04-08 15:00:00,+919869186750,+919869663757,356938024225168,445,"Kothrud, Pune"
REC003634,CASE0092,CDR,2024-04-08 19:00:00,+919869186750,+919897244765,356938024225168,269,"Whitefield, Bengaluru"
REC003635,CASE0092,CDR,2024-04-09 12:00:00,+919869186750,+919847856432,356938024225168,231,"Andheri East, Mumbai"
REC003636,CASE0092,UPI,2024-04-09 15:00:00,sunita.d83@okhdfcbank,rajesh.m5@paytm,TXN750472,500,N/A
REC003637,CASE0092,CDR,2024-04-10 02:00:00,+919869186750,+919814919696,356938024225168,363,"Andheri East, Mumbai"
REC003638,CASE0092,CDR,2024-04-10 04:00:00,+919869186750,+919847856432,356938024225168,492,"Cyber City, Gurugram"
REC003639,CASE0092,UPI,2024-04-10 06:00:00,sunita.d83@okhdfcbank,amitpay18@icb,TXN502639,1200,N/A
REC003640,CASE0092,UPI,2024-04-10 08:00:00,sunita.d83@okhdfcbank,rajesh.m31@paytm,TXN993115,1200,N/A
REC003641,CASE0092,CDR,2024-04-10 10:00:00,+919869186750,+919840295962,356938024225168,378,"Whitefield, Bengaluru"
REC003642,CASE0092,CDR,2024-04-10 12:00:00,+919869186750,+919854298023,356938024225168,432,"Kothrud, Pune"
REC003643,CASE0092,UPI,2024-04-10 12:00:00,sunita.d83@okhdfcbank,amitpay18@icb,TXN363764,1200,N/A
REC003644,CASE0092,CDR,2024-04-10 21:00:00,+919869186750,+919869663757,356938024225168,167,"Anna Nagar, Chennai"
REC003645,CASE0092,CDR,2024-04-10 23:00:00,+919869186750,+919854298023,356938024225168,54,"Andheri East, Mumbai"
REC003646,CASE0092,CDR,2024-04-11 01:00:00,+919869186750,+919869663757,356938024225168,388,"Banjara Hills, Hyderabad"
REC003647,CASE0092,CDR,2024-04-11 10:00:00,+919869186750,+919840295962,356938024225168,476,"Salt Lake, Kolkata"
REC003648,CASE0092,UPI,2024-04-11 11:00:00,sunita.d83@okhdfcbank,amitpay18@icb,TXN815303,15000,N/A
REC003649,CASE0092,CDR,2024-04-12 04:00:00,+919869186750,+919847856432,356938024225168,291,"Banjara Hills, Hyderabad"
REC003650,CASE0092,CDR,2024-04-12 08:00:00,+919869186750,+919869663757,356938024225168,147,"Connaught Place, Delhi"
REC003651,CASE0092,UPI,2024-04-12 18:00:00,rajesh.m20@icb,sunita.d83@okhdfcbank,TXN651656,15000,N/A
REC003652,CASE0092,UPI,2024-04-12 22:00:00,sunita.d83@okhdfcbank,rajesh.m5@paytm,TXN473717,3000,N/A
REC003653,CASE0092,UPI,2024-04-12 23:00:00,sunita.d83@okhdfcbank,amitpay18@icb,TXN680664,22000,N/A
REC003654,CASE0092,UPI,2024-04-12 23:00:00,rajesh.m20@icb,sunita.d83@okhdfcbank,TXN718516,15000,N/A
REC003655,CASE0092,CDR,2024-04-13 06:00:00,+919869186750,+919840295962,356938024225168,466,"Andheri East, Mumbai"
REC003656,CASE0092,UPI,2024-04-13 11:00:00,rajesh.m20@icb,sunita.d83@okhdfcbank,TXN947795,48000,N/A
REC003657,CASE0092,UPI,2024-04-13 22:00:00,sunita.d83@okhdfcbank,amitpay18@icb,TXN287112,48000,N/A
REC003658,CASE0093,UPI,2024-01-11 00:00:00,traders2437@ybl,kavita.n23@paytm,TXN292723,1200,N/A
REC003659,CASE0093,UPI,2024-01-11 07:00:00,traders2437@ybl,kavita.n23@paytm,TXN508399,48000,N/A
REC003660,CASE0093,CDR,2024-01-11 10:00:00,+919840540875,+919865023855,356938057649348,383,"Cyber City, Gurugram"
REC003661,CASE0093,UPI,2024-01-11 15:00:00,kavita.n79@paytm,traders2437@ybl,TXN744464,1200,N/A
REC003662,CASE0093,CDR,2024-01-12 02:00:00,+919840540875,+919836713170,356938057649348,170,"Vaishali Nagar, Jaipur"
REC003663,CASE0093,CDR,2024-01-12 05:00:00,+919840540875,+919806783684,356938057649348,132,"Salt Lake, Kolkata"
REC003664,CASE0093,CDR,2024-01-12 21:00:00,+919840540875,+919822250728,356938057649348,310,"Anna Nagar, Chennai"
REC003665,CASE0093,CDR,2024-01-12 21:00:00,+919840540875,+919806783684,356938057649348,253,"Cyber City, Gurugram"
REC003666,CASE0093,CDR,2024-01-13 13:00:00,+919840540875,+919892758102,356938057649348,234,"Whitefield, Bengaluru"
REC003667,CASE0093,UPI,2024-01-13 16:00:00,kavita.n79@paytm,traders2437@ybl,TXN660142,500,N/A
REC003668,CASE0093,UPI,2024-01-13 16:00:00,kavita.n79@paytm,traders2437@ybl,TXN358619,3000,N/A
REC003669,CASE0093,CDR,2024-01-14 03:00:00,+919840540875,+919836713170,356938057649348,132,"Kothrud, Pune"
REC003670,CASE0093,UPI,2024-01-14 04:00:00,traders2437@ybl,sunita.d72@icb,TXN210406,22000,N/A
REC003671,CASE0093,CDR,2024-01-14 06:00:00,+919840540875,+919854744436,356938057649348,331,"Andheri East, Mumbai"
REC003672,CASE0093,UPI,2024-01-14 11:00:00,kavita.n79@paytm,traders2437@ybl,TXN865205,22000,N/A
REC003673,CASE0093,CDR,2024-01-14 15:00:00,+919840540875,+919865023855,356938057649348,426,"Anna Nagar, Chennai"
REC003674,CASE0093,CDR,2024-01-14 17:00:00,+919840540875,+919822250728,356938057649348,367,"Connaught Place, Delhi"
REC003675,CASE0093,CDR,2024-01-15 01:00:00,+919840540875,+919865023855,356938057649348,28,"Banjara Hills, Hyderabad"
REC003676,CASE0093,UPI,2024-01-15 06:00:00,kavita.n79@paytm,traders2437@ybl,TXN316558,3000,N/A
REC003677,CASE0093,CDR,2024-01-15 14:00:00,+919840540875,+919854744436,356938057649348,341,"Vaishali Nagar, Jaipur"
REC003678,CASE0093,CDR,2024-01-15 17:00:00,+919840540875,+919865023855,356938057649348,428,"Kothrud, Pune"
REC003679,CASE0093,CDR,2024-01-15 19:00:00,+919840540875,+919836713170,356938057649348,485,"Vaishali Nagar, Jaipur"
REC003680,CASE0093,CDR,2024-01-15 19:00:00,+919840540875,+919835167591,356938057649348,105,"Sector 15, Gurugram"
REC003681,CASE0093,CDR,2024-01-15 20:00:00,+919840540875,+919835167591,356938057649348,426,"Vaishali Nagar, Jaipur"
REC003682,CASE0093,UPI,2024-01-15 22:00:00,kavita.n79@paytm,traders2437@ybl,TXN709411,15000,N/A
REC003683,CASE0093,UPI,2024-01-16 02:00:00,kavita.n79@paytm,traders2437@ybl,TXN140698,3000,N/A
REC003684,CASE0093,CDR,2024-01-16 03:00:00,+919840540875,+919865023855,356938057649348,180,"Vaishali Nagar, Jaipur"
REC003685,CASE0093,UPI,2024-01-16 03:00:00,kavita.n79@paytm,traders2437@ybl,TXN406102,500,N/A
REC003686,CASE0093,UPI,2024-01-16 06:00:00,kavita.n79@paytm,traders2437@ybl,TXN652947,3000,N/A
REC003687,CASE0093,CDR,2024-01-16 11:00:00,+919840540875,+919822250728,356938057649348,247,"Salt Lake, Kolkata"
REC003688,CASE0093,CDR,2024-01-16 11:00:00,+919840540875,+919835167591,356938057649348,346,"Cyber City, Gurugram"
REC003689,CASE0093,UPI,2024-01-16 16:00:00,kavita.n79@paytm,traders2437@ybl,TXN556619,22000,N/A
REC003690,CASE0093,CDR,2024-01-16 18:00:00,+919840540875,+919835167591,356938057649348,191,"Connaught Place, Delhi"
REC003691,CASE0093,UPI,2024-01-17 07:00:00,kavita.n79@paytm,traders2437@ybl,TXN157051,48000,N/A
REC003692,CASE0093,UPI,2024-01-17 08:00:00,traders2437@ybl,sunita.d72@icb,TXN735698,22000,N/A
REC003693,CASE0093,CDR,2024-01-17 12:00:00,+919840540875,+919835167591,356938057649348,201,"Banjara Hills, Hyderabad"
REC003694,CASE0093,CDR,2024-01-17 13:00:00,+919840540875,+919835167591,356938057649348,19,"Sector 15, Gurugram"
REC003695,CASE0093,CDR,2024-01-17 18:00:00,+919840540875,+919892758102,356938057649348,387,"Whitefield, Bengaluru"
REC003696,CASE0093,UPI,2024-01-17 19:00:00,kavita.n79@paytm,traders2437@ybl,TXN756059,7500,N/A
REC003697,CASE0093,UPI,2024-01-17 23:00:00,traders2437@ybl,sunita.d72@icb,TXN308026,22000,N/A
REC003698,CASE0093,UPI,2024-01-18 00:00:00,traders2437@ybl,vikram.t25@ybl,TXN342437,48000,N/A
REC003699,CASE0093,CDR,2024-01-18 03:00:00,+919840540875,+919836713170,356938057649348,442,"Kothrud, Pune"
REC003700,CASE0093,CDR,2024-01-18 10:00:00,+919840540875,+919822250728,356938057649348,388,"Anna Nagar, Chennai"
REC003701,CASE0093,CDR,2024-01-18 11:00:00,+919840540875,+919854744436,356938057649348,116,"Banjara Hills, Hyderabad"
REC003702,CASE0093,CDR,2024-01-18 14:00:00,+919840540875,+919836713170,356938057649348,169,"Cyber City, Gurugram"
REC003703,CASE0093,UPI,2024-01-18 15:00:00,kavita.n79@paytm,traders2437@ybl,TXN326470,22000,N/A
REC003704,CASE0093,UPI,2024-01-18 16:00:00,kavita.n79@paytm,traders2437@ybl,TXN266157,22000,N/A
REC003705,CASE0093,CDR,2024-01-18 22:00:00,+919840540875,+919854744436,356938057649348,212,"Anna Nagar, Chennai"
REC003706,CASE0093,UPI,2024-01-20 00:00:00,traders2437@ybl,sunita.d72@icb,TXN286813,48000,N/A
REC003707,CASE0093,UPI,2024-01-20 07:00:00,traders2437@ybl,sunita.d52@icb,TXN313216,3000,N/A
REC003708,CASE0093,CDR,2024-01-20 10:00:00,+919840540875,+919835167591,356938057649348,446,"Kothrud, Pune"
REC003709,CASE0093,UPI,2024-01-20 11:00:00,traders2437@ybl,vikram.t25@ybl,TXN810294,500,N/A
REC003710,CASE0093,CDR,2024-01-20 13:00:00,+919840540875,+919806783684,356938057649348,295,"Vaishali Nagar, Jaipur"
REC003711,CASE0093,UPI,2024-01-20 20:00:00,kavita.n79@paytm,traders2437@ybl,TXN130612,3000,N/A
REC003712,CASE0093,CDR,2024-01-20 21:00:00,+919840540875,+919865023855,356938057649348,281,"Cyber City, Gurugram"
REC003713,CASE0093,CDR,2024-01-20 22:00:00,+919840540875,+919865023855,356938057649348,226,"Cyber City, Gurugram"
REC003714,CASE0094,UPI,2023-05-12 00:00:00,citypay65@paytm,traders2481@icb,TXN422933,22000,N/A
REC003715,CASE0094,UPI,2023-05-12 01:00:00,pooja.b31@okhdfcbank,citypay65@paytm,TXN990594,48000,N/A
REC003716,CASE0094,CDR,2023-05-12 10:00:00,+919808658380,+919805848982,356938031379771,90,"Salt Lake, Kolkata"
REC003717,CASE0094,CDR,2023-05-12 11:00:00,+919808658380,+919883262915,356938031379771,442,"Kothrud, Pune"
REC003718,CASE0094,CDR,2023-05-12 11:00:00,+919808658380,+919811512018,356938031379771,292,"Whitefield, Bengaluru"
REC003719,CASE0094,CDR,2023-05-12 21:00:00,+919808658380,+919878430615,356938031379771,200,"Connaught Place, Delhi"
REC003720,CASE0094,CDR,2023-05-13 01:00:00,+919808658380,+919849352699,356938031379771,452,"Kothrud, Pune"
REC003721,CASE0094,UPI,2023-05-14 02:00:00,citypay65@paytm,traders2481@icb,TXN775273,7500,N/A
REC003722,CASE0094,CDR,2023-05-14 14:00:00,+919808658380,+919811512018,356938031379771,176,"Andheri East, Mumbai"
REC003723,CASE0094,CDR,2023-05-15 09:00:00,+919808658380,+919883262915,356938031379771,51,"Salt Lake, Kolkata"
REC003724,CASE0094,CDR,2023-05-15 11:00:00,+919808658380,+919811512018,356938031379771,43,"Sector 15, Gurugram"
REC003725,CASE0094,UPI,2023-05-16 09:00:00,citypay65@paytm,traders2481@icb,TXN758686,3000,N/A
REC003726,CASE0094,UPI,2023-05-17 07:00:00,citypay65@paytm,citypay21@ybl,TXN160077,15000,N/A
REC003727,CASE0094,CDR,2023-05-17 10:00:00,+919808658380,+919846183467,356938031379771,312,"Connaught Place, Delhi"
REC003728,CASE0094,UPI,2023-05-17 20:00:00,citypay65@paytm,citypay21@ybl,TXN624345,1200,N/A
REC003729,CASE0094,CDR,2023-05-17 22:00:00,+919808658380,+919805848982,356938031379771,237,"Cyber City, Gurugram"
REC003730,CASE0094,CDR,2023-05-18 13:00:00,+919808658380,+919882682714,356938031379771,468,"Kothrud, Pune"
REC003731,CASE0094,CDR,2023-05-19 10:00:00,+919808658380,+919882682714,356938031379771,241,"Anna Nagar, Chennai"
REC003732,CASE0094,UPI,2023-05-19 11:00:00,citypay65@paytm,vikram.t52@okhdfcbank,TXN352601,48000,N/A
REC003733,CASE0094,UPI,2023-05-19 12:00:00,citypay65@paytm,vikram.t52@okhdfcbank,TXN696941,22000,N/A
REC003734,CASE0094,CDR,2023-05-20 02:00:00,+919808658380,+919883262915,356938031379771,235,"Salt Lake, Kolkata"
REC003735,CASE0094,CDR,2023-05-20 18:00:00,+919808658380,+919878430615,356938031379771,117,"Cyber City, Gurugram"
REC003736,CASE0095,CDR,2024-02-23 01:00:00,+919831937271,+919871488898,356938026065187,476,"Vaishali Nagar, Jaipur"
REC003737,CASE0095,CDR,2024-02-23 05:00:00,+919831937271,+919851572379,356938026065187,305,"Sector 15, Gurugram"
REC003738,CASE0095,CDR,2024-02-23 17:00:00,+919831937271,+919846248795,356938026065187,456,"Banjara Hills, Hyderabad"
REC003739,CASE0095,CDR,2024-02-23 17:00:00,+919831937271,+919889351904,356938026065187,272,"Andheri East, Mumbai"
REC003740,CASE0095,CDR,2024-02-24 13:00:00,+919831937271,+919868114409,356938026065187,428,"Salt Lake, Kolkata"
REC003741,CASE0095,CDR,2024-02-24 15:00:00,+919831937271,+919801329284,356938026065187,499,"Sector 15, Gurugram"
REC003742,CASE0095,CDR,2024-02-24 18:00:00,+919831937271,+919868114409,356938026065187,270,"Connaught Place, Delhi"
REC003743,CASE0095,CDR,2024-02-24 18:00:00,+919831937271,+919889351904,356938026065187,197,"Anna Nagar, Chennai"
REC003744,CASE0095,CDR,2024-02-25 01:00:00,+919831937271,+919801329284,356938026065187,463,"Connaught Place, Delhi"
REC003745,CASE0095,UPI,2024-02-25 11:00:00,traders2463@ybl,rajesh.m83@ybl,TXN493412,7500,N/A
REC003746,CASE0095,CDR,2024-02-25 17:00:00,+919831937271,+919868896769,356938026065187,442,"Kothrud, Pune"
REC003747,CASE0095,CDR,2024-02-25 18:00:00,+919831937271,+919868896769,356938026065187,23,"Sector 15, Gurugram"
REC003748,CASE0095,UPI,2024-02-25 20:00:00,amitpay76@ybl,traders2463@ybl,TXN345196,500,N/A
REC003749,CASE0095,CDR,2024-02-26 00:00:00,+919831937271,+919868896769,356938026065187,42,"Salt Lake, Kolkata"
REC003750,CASE0095,UPI,2024-02-26 05:00:00,traders2463@ybl,meera.s94@upi,TXN218781,48000,N/A
REC003751,CASE0095,UPI,2024-02-26 06:00:00,traders2463@ybl,traders2415@icb,TXN836711,7500,N/A
REC003752,CASE0095,CDR,2024-02-26 07:00:00,+919831937271,+919801329284,356938026065187,216,"Anna Nagar, Chennai"
REC003753,CASE0095,CDR,2024-02-26 20:00:00,+919831937271,+919868896769,356938026065187,63,"Vaishali Nagar, Jaipur"
REC003754,CASE0095,UPI,2024-02-26 21:00:00,traders2463@ybl,freshmart88@paytm,TXN583004,3000,N/A
REC003755,CASE0095,CDR,2024-02-27 04:00:00,+919831937271,+919889351904,356938026065187,252,"Banjara Hills, Hyderabad"
REC003756,CASE0095,CDR,2024-02-27 06:00:00,+919831937271,+919851572379,356938026065187,49,"Connaught Place, Delhi"
REC003757,CASE0095,CDR,2024-02-27 08:00:00,+919831937271,+919871488898,356938026065187,256,"Banjara Hills, Hyderabad"
REC003758,CASE0095,CDR,2024-02-27 11:00:00,+919831937271,+919801329284,356938026065187,397,"Connaught Place, Delhi"
REC003759,CASE0095,UPI,2024-02-27 17:00:00,traders2463@ybl,meera.s94@upi,TXN155917,15000,N/A
REC003760,CASE0095,UPI,2024-02-27 20:00:00,traders2463@ybl,freshmart88@paytm,TXN130977,48000,N/A
REC003761,CASE0095,CDR,2024-02-27 21:00:00,+919831937271,+919868114409,356938026065187,55,"Kothrud, Pune"
REC003762,CASE0095,UPI,2024-02-27 23:00:00,traders2463@ybl,meera.s94@upi,TXN876186,7500,N/A
REC003763,CASE0095,CDR,2024-02-28 09:00:00,+919831937271,+919871488898,356938026065187,142,"Andheri East, Mumbai"
REC003764,CASE0095,UPI,2024-02-28 11:00:00,traders2463@ybl,traders2415@icb,TXN940399,22000,N/A
REC003765,CASE0095,CDR,2024-02-28 22:00:00,+919831937271,+919871488898,356938026065187,89,"Vaishali Nagar, Jaipur"
REC003766,CASE0095,UPI,2024-02-29 09:00:00,traders2463@ybl,rajesh.m83@ybl,TXN461685,15000,N/A
REC003767,CASE0095,UPI,2024-02-29 12:00:00,traders2463@ybl,rajesh.m83@ybl,TXN477617,22000,N/A
REC003768,CASE0095,UPI,2024-02-29 17:00:00,traders2463@ybl,meera.s94@upi,TXN472070,500,N/A
REC003769,CASE0095,UPI,2024-02-29 19:00:00,amitpay76@ybl,traders2463@ybl,TXN863716,22000,N/A
REC003770,CASE0095,UPI,2024-02-29 22:00:00,amitpay76@ybl,traders2463@ybl,TXN488503,22000,N/A
REC003771,CASE0095,CDR,2024-02-29 23:00:00,+919831937271,+919889351904,356938026065187,428,"Anna Nagar, Chennai"
REC003772,CASE0095,UPI,2024-03-01 02:00:00,traders2463@ybl,meera.s94@upi,TXN132995,3000,N/A
REC003773,CASE0095,CDR,2024-03-01 07:00:00,+919831937271,+919871488898,356938026065187,235,"Kothrud, Pune"
REC003774,CASE0095,CDR,2024-03-01 10:00:00,+919831937271,+919889351904,356938026065187,318,"Salt Lake, Kolkata"
REC003775,CASE0095,CDR,2024-03-01 12:00:00,+919831937271,+919851572379,356938026065187,306,"Kothrud, Pune"
REC003776,CASE0095,CDR,2024-03-01 17:00:00,+919831937271,+919868896769,356938026065187,279,"Vaishali Nagar, Jaipur"
REC003777,CASE0095,CDR,2024-03-02 08:00:00,+919831937271,+919801329284,356938026065187,84,"Salt Lake, Kolkata"
REC003778,CASE0095,UPI,2024-03-02 09:00:00,amitpay76@ybl,traders2463@ybl,TXN641238,1200,N/A
REC003779,CASE0095,CDR,2024-03-02 15:00:00,+919831937271,+919846248795,356938026065187,74,"Cyber City, Gurugram"
REC003780,CASE0095,CDR,2024-03-02 18:00:00,+919831937271,+919851572379,356938026065187,316,"Whitefield, Bengaluru"
REC003781,CASE0095,UPI,2024-03-02 20:00:00,traders2463@ybl,rajesh.m83@ybl,TXN208141,3000,N/A
REC003782,CASE0095,CDR,2024-03-02 21:00:00,+919831937271,+919868896769,356938026065187,35,"Whitefield, Bengaluru"
REC003783,CASE0095,CDR,2024-03-02 23:00:00,+919831937271,+919801329284,356938026065187,458,"Vaishali Nagar, Jaipur"
REC003784,CASE0095,CDR,2024-03-02 23:00:00,+919831937271,+919851572379,356938026065187,102,"Cyber City, Gurugram"
REC003785,CASE0095,UPI,2024-03-02 23:00:00,traders2463@ybl,meera.s94@upi,TXN968640,48000,N/A
REC003786,CASE0095,CDR,2024-03-03 06:00:00,+919831937271,+919868114409,356938026065187,143,"Connaught Place, Delhi"
REC003787,CASE0096,UPI,2025-03-01 02:00:00,citypay64@icb,meera.s78@okhdfcbank,TXN331539,15000,N/A
REC003788,CASE0096,UPI,2025-03-01 18:00:00,meera.s78@okhdfcbank,vikram.t52@ybl,TXN271284,500,N/A
REC003789,CASE0096,CDR,2025-03-01 19:00:00,+919875899977,+919822828917,356938030769393,438,"Banjara Hills, Hyderabad"
REC003790,CASE0096,CDR,2025-03-01 22:00:00,+919875899977,+919844228176,356938030769393,232,"Andheri East, Mumbai"
REC003791,CASE0096,CDR,2025-03-02 09:00:00,+919875899977,+919844423721,356938030769393,162,"Cyber City, Gurugram"
REC003792,CASE0096,CDR,2025-03-02 11:00:00,+919875899977,+919844228176,356938030769393,456,"Banjara Hills, Hyderabad"
REC003793,CASE0096,CDR,2025-03-02 21:00:00,+919875899977,+919848932777,356938030769393,388,"Anna Nagar, Chennai"
REC003794,CASE0096,CDR,2025-03-02 23:00:00,+919875899977,+919822828917,356938030769393,181,"Anna Nagar, Chennai"
REC003795,CASE0096,UPI,2025-03-03 23:00:00,meera.s78@okhdfcbank,ravi.k21@icb,TXN870355,3000,N/A
REC003796,CASE0096,UPI,2025-03-04 00:00:00,meera.s78@okhdfcbank,deepa.v32@ybl,TXN250566,1200,N/A
REC003797,CASE0096,CDR,2025-03-05 16:00:00,+919875899977,+919876328641,356938030769393,319,"Vaishali Nagar, Jaipur"
REC003798,CASE0096,UPI,2025-03-05 18:00:00,meera.s78@okhdfcbank,deepa.v32@ybl,TXN339815,48000,N/A
REC003799,CASE0096,CDR,2025-03-06 01:00:00,+919875899977,+919874377228,356938030769393,57,"Connaught Place, Delhi"
REC003800,CASE0096,UPI,2025-03-07 03:00:00,citypay64@icb,meera.s78@okhdfcbank,TXN490009,500,N/A
REC003801,CASE0096,CDR,2025-03-07 12:00:00,+919875899977,+919844228176,356938030769393,18,"Whitefield, Bengaluru"
REC003802,CASE0096,CDR,2025-03-08 05:00:00,+919875899977,+919844423721,356938030769393,459,"Banjara Hills, Hyderabad"
REC003803,CASE0096,CDR,2025-03-08 13:00:00,+919875899977,+919876328641,356938030769393,437,"Vaishali Nagar, Jaipur"
REC003804,CASE0096,CDR,2025-03-09 00:00:00,+919875899977,+919822828917,356938030769393,233,"Cyber City, Gurugram"
REC003805,CASE0096,UPI,2025-03-09 22:00:00,meera.s78@okhdfcbank,vikram.t52@ybl,TXN926773,7500,N/A
REC003806,CASE0096,UPI,2025-03-10 00:00:00,meera.s78@okhdfcbank,deepa.v32@ybl,TXN319108,3000,N/A
REC003807,CASE0096,CDR,2025-03-10 07:00:00,+919875899977,+919822828917,356938030769393,109,"Kothrud, Pune"
REC003808,CASE0096,UPI,2025-03-10 13:00:00,meera.s78@okhdfcbank,ravi.k21@icb,TXN885753,48000,N/A
REC003809,CASE0096,CDR,2025-03-11 00:00:00,+919875899977,+919848932777,356938030769393,324,"Salt Lake, Kolkata"
REC003810,CASE0097,UPI,2024-06-19 04:00:00,nikhil.j88@paytm,sanjay.p52@paytm,TXN149214,48000,N/A
REC003811,CASE0097,UPI,2024-06-19 12:00:00,sanjay.p52@paytm,citypay25@icb,TXN575464,15000,N/A
REC003812,CASE0097,UPI,2024-06-19 15:00:00,sanjay.p52@paytm,citypay25@icb,TXN715309,7500,N/A
REC003813,CASE0097,CDR,2024-06-19 16:00:00,+919819426685,+919848196744,356938046576272,114,"Cyber City, Gurugram"
REC003814,CASE0097,UPI,2024-06-19 18:00:00,sanjay.p52@paytm,citypay25@icb,TXN169218,7500,N/A
REC003815,CASE0097,UPI,2024-06-20 03:00:00,nikhil.j88@paytm,sanjay.p52@paytm,TXN583371,48000,N/A
REC003816,CASE0097,CDR,2024-06-20 04:00:00,+919819426685,+919832954196,356938046576272,316,"Kothrud, Pune"
REC003817,CASE0097,CDR,2024-06-20 06:00:00,+919819426685,+919832954196,356938046576272,451,"Anna Nagar, Chennai"
REC003818,CASE0097,CDR,2024-06-20 10:00:00,+919819426685,+919861121313,356938046576272,411,"Vaishali Nagar, Jaipur"
REC003819,CASE0097,UPI,2024-06-20 23:00:00,sanjay.p52@paytm,vikram.t60@ybl,TXN313618,22000,N/A
REC003820,CASE0097,CDR,2024-06-21 06:00:00,+919819426685,+919862101421,356938046576272,55,"Sector 15, Gurugram"
REC003821,CASE0097,UPI,2024-06-21 08:00:00,sanjay.p52@paytm,sunita.d39@okhdfcbank,TXN833713,7500,N/A
REC003822,CASE0097,CDR,2024-06-21 10:00:00,+919819426685,+919819626347,356938046576272,121,"Sector 15, Gurugram"
REC003823,CASE0097,UPI,2024-06-21 15:00:00,nikhil.j88@paytm,sanjay.p52@paytm,TXN485766,500,N/A
REC003824,CASE0097,UPI,2024-06-22 04:00:00,nikhil.j88@paytm,sanjay.p52@paytm,TXN606676,3000,N/A
REC003825,CASE0097,CDR,2024-06-22 13:00:00,+919819426685,+919862101421,356938046576272,84,"Vaishali Nagar, Jaipur"
REC003826,CASE0097,UPI,2024-06-22 15:00:00,sanjay.p52@paytm,anita.r97@icb,TXN400246,3000,N/A
REC003827,CASE0097,CDR,2024-06-22 17:00:00,+919819426685,+919848196744,356938046576272,205,"Connaught Place, Delhi"
REC003828,CASE0097,UPI,2024-06-22 18:00:00,sanjay.p52@paytm,sunita.d39@okhdfcbank,TXN719598,1200,N/A
REC003829,CASE0097,CDR,2024-06-22 22:00:00,+919819426685,+919848196744,356938046576272,215,"Vaishali Nagar, Jaipur"
REC003830,CASE0097,CDR,2024-06-23 02:00:00,+919819426685,+919819626347,356938046576272,448,"Salt Lake, Kolkata"
REC003831,CASE0097,CDR,2024-06-23 03:00:00,+919819426685,+919848196744,356938046576272,474,"Andheri East, Mumbai"
REC003832,CASE0097,UPI,2024-06-23 18:00:00,nikhil.j88@paytm,sanjay.p52@paytm,TXN502453,3000,N/A
REC003833,CASE0097,CDR,2024-06-23 19:00:00,+919819426685,+919861121313,356938046576272,99,"Kothrud, Pune"
REC003834,CASE0097,UPI,2024-06-23 19:00:00,nikhil.j88@paytm,sanjay.p52@paytm,TXN761587,15000,N/A
REC003835,CASE0097,UPI,2024-06-24 07:00:00,nikhil.j88@paytm,sanjay.p52@paytm,TXN684601,22000,N/A
REC003836,CASE0097,CDR,2024-06-24 09:00:00,+919819426685,+919848196744,356938046576272,408,"Cyber City, Gurugram"
REC003837,CASE0097,CDR,2024-06-24 16:00:00,+919819426685,+919832954196,356938046576272,147,"Sector 15, Gurugram"
REC003838,CASE0097,CDR,2024-06-24 19:00:00,+919819426685,+919861121313,356938046576272,313,"Anna Nagar, Chennai"
REC003839,CASE0097,CDR,2024-06-24 20:00:00,+919819426685,+919862101421,356938046576272,222,"Salt Lake, Kolkata"
REC003840,CASE0097,CDR,2024-06-25 03:00:00,+919819426685,+919843236115,356938046576272,442,"Whitefield, Bengaluru"
REC003841,CASE0097,UPI,2024-06-25 15:00:00,sanjay.p52@paytm,sunita.d39@okhdfcbank,TXN149639,500,N/A
REC003842,CASE0097,CDR,2024-06-26 08:00:00,+919819426685,+919862101421,356938046576272,174,"Sector 15, Gurugram"
REC003843,CASE0097,CDR,2024-06-26 15:00:00,+919819426685,+919864224340,356938046576272,481,"Anna Nagar, Chennai"
REC003844,CASE0097,CDR,2024-06-26 19:00:00,+919819426685,+919861121313,356938046576272,123,"Banjara Hills, Hyderabad"
REC003845,CASE0097,CDR,2024-06-27 02:00:00,+919819426685,+919848196744,356938046576272,304,"Vaishali Nagar, Jaipur"
REC003846,CASE0097,UPI,2024-06-27 02:00:00,sanjay.p52@paytm,anita.r97@icb,TXN636429,22000,N/A
REC003847,CASE0097,CDR,2024-06-27 06:00:00,+919819426685,+919843236115,356938046576272,388,"Vaishali Nagar, Jaipur"
REC003848,CASE0097,UPI,2024-06-27 07:00:00,sanjay.p52@paytm,citypay25@icb,TXN943451,7500,N/A
REC003849,CASE0097,CDR,2024-06-27 08:00:00,+919819426685,+919832954196,356938046576272,391,"Anna Nagar, Chennai"
REC003850,CASE0097,CDR,2024-06-27 10:00:00,+919819426685,+919861121313,356938046576272,411,"Whitefield, Bengaluru"
REC003851,CASE0097,CDR,2024-06-27 11:00:00,+919819426685,+919861121313,356938046576272,372,"Salt Lake, Kolkata"
REC003852,CASE0097,CDR,2024-06-28 05:00:00,+919819426685,+919832954196,356938046576272,158,"Cyber City, Gurugram"
REC003853,CASE0097,UPI,2024-06-28 10:00:00,sanjay.p52@paytm,vikram.t60@ybl,TXN227058,48000,N/A
REC003854,CASE0098,UPI,2023-01-01 03:00:00,vikram.t92@icb,citypay68@upi,TXN880886,7500,N/A
REC003855,CASE0098,CDR,2023-01-01 19:00:00,+919889254813,+919800672919,356938086368248,380,"Connaught Place, Delhi"
REC003856,CASE0098,CDR,2023-01-01 23:00:00,+919889254813,+919846022549,356938086368248,405,"Cyber City, Gurugram"
REC003857,CASE0098,CDR,2023-01-02 01:00:00,+919889254813,+919808612085,356938086368248,473,"Kothrud, Pune"
REC003858,CASE0098,CDR,2023-01-02 02:00:00,+919889254813,+919825020533,356938086368248,258,"Anna Nagar, Chennai"
REC003859,CASE0098,CDR,2023-01-02 05:00:00,+919889254813,+919846022549,356938086368248,48,"Cyber City, Gurugram"
REC003860,CASE0098,CDR,2023-01-02 08:00:00,+919889254813,+919846022549,356938086368248,377,"Whitefield, Bengaluru"
REC003861,CASE0098,CDR,2023-01-02 13:00:00,+919889254813,+919846022549,356938086368248,240,"Connaught Place, Delhi"
REC003862,CASE0098,CDR,2023-01-02 16:00:00,+919889254813,+919825020533,356938086368248,330,"Connaught Place, Delhi"
REC003863,CASE0098,UPI,2023-01-02 23:00:00,vikram.t92@icb,citypay68@upi,TXN192831,48000,N/A
REC003864,CASE0098,CDR,2023-01-03 06:00:00,+919889254813,+919808612085,356938086368248,29,"Sector 15, Gurugram"
REC003865,CASE0098,CDR,2023-01-03 07:00:00,+919889254813,+919837639675,356938086368248,206,"Sector 15, Gurugram"
REC003866,CASE0098,UPI,2023-01-03 08:00:00,citypay68@upi,sanjay.p22@icb,TXN142116,48000,N/A
REC003867,CASE0098,UPI,2023-01-03 15:00:00,citypay68@upi,kavita.n46@okhdfcbank,TXN891812,500,N/A
REC003868,CASE0098,CDR,2023-01-03 19:00:00,+919889254813,+919808612085,356938086368248,77,"Cyber City, Gurugram"
REC003869,CASE0098,CDR,2023-01-04 06:00:00,+919889254813,+919800672919,356938086368248,201,"Kothrud, Pune"
REC003870,CASE0098,UPI,2023-01-04 11:00:00,citypay68@upi,sanjay.p22@icb,TXN499631,500,N/A
REC003871,CASE0098,UPI,2023-01-05 13:00:00,vikram.t92@icb,citypay68@upi,TXN900511,15000,N/A
REC003872,CASE0098,CDR,2023-01-06 12:00:00,+919889254813,+919808612085,356938086368248,381,"Anna Nagar, Chennai"
REC003873,CASE0098,CDR,2023-01-06 16:00:00,+919889254813,+919837639675,356938086368248,205,"Connaught Place, Delhi"
REC003874,CASE0098,CDR,2023-01-06 20:00:00,+919889254813,+919833327268,356938086368248,69,"Connaught Place, Delhi"
REC003875,CASE0098,CDR,2023-01-07 12:00:00,+919889254813,+919833327268,356938086368248,433,"Connaught Place, Delhi"
REC003876,CASE0098,UPI,2023-01-07 12:00:00,citypay68@upi,kavita.n46@okhdfcbank,TXN946752,15000,N/A
REC003877,CASE0098,CDR,2023-01-07 15:00:00,+919889254813,+919871756158,356938086368248,115,"Banjara Hills, Hyderabad"
REC003878,CASE0098,CDR,2023-01-07 18:00:00,+919889254813,+919871756158,356938086368248,135,"Sector 15, Gurugram"
REC003879,CASE0098,CDR,2023-01-07 18:00:00,+919889254813,+919808612085,356938086368248,472,"Anna Nagar, Chennai"
REC003880,CASE0098,CDR,2023-01-08 00:00:00,+919889254813,+919808612085,356938086368248,418,"Kothrud, Pune"
REC003881,CASE0098,CDR,2023-01-08 13:00:00,+919889254813,+919871756158,356938086368248,52,"Vaishali Nagar, Jaipur"
REC003882,CASE0098,UPI,2023-01-08 20:00:00,vikram.t92@icb,citypay68@upi,TXN585644,500,N/A
REC003883,CASE0098,UPI,2023-01-08 22:00:00,vikram.t92@icb,citypay68@upi,TXN335083,15000,N/A
REC003884,CASE0098,UPI,2023-01-09 03:00:00,citypay68@upi,sanjay.p22@icb,TXN817092,7500,N/A
REC003885,CASE0098,UPI,2023-01-09 11:00:00,citypay68@upi,kavita.n46@okhdfcbank,TXN894603,7500,N/A
REC003886,CASE0098,UPI,2023-01-09 17:00:00,citypay68@upi,kavita.n46@okhdfcbank,TXN339934,48000,N/A
REC003887,CASE0098,UPI,2023-01-09 18:00:00,citypay68@upi,pooja.b83@ybl,TXN156133,3000,N/A
REC003888,CASE0098,CDR,2023-01-10 01:00:00,+919889254813,+919825020533,356938086368248,194,"Salt Lake, Kolkata"
REC003889,CASE0098,CDR,2023-01-10 02:00:00,+919889254813,+919846022549,356938086368248,192,"Sector 15, Gurugram"
REC003890,CASE0098,UPI,2023-01-10 05:00:00,vikram.t92@icb,citypay68@upi,TXN772156,3000,N/A
REC003891,CASE0098,CDR,2023-01-10 11:00:00,+919889254813,+919833327268,356938086368248,233,"Whitefield, Bengaluru"
REC003892,CASE0098,CDR,2023-01-10 12:00:00,+919889254813,+919808612085,356938086368248,219,"Banjara Hills, Hyderabad"
REC003893,CASE0098,CDR,2023-01-10 13:00:00,+919889254813,+919800672919,356938086368248,295,"Andheri East, Mumbai"
REC003894,CASE0098,CDR,2023-01-10 16:00:00,+919889254813,+919846022549,356938086368248,31,"Banjara Hills, Hyderabad"
REC003895,CASE0098,CDR,2023-01-10 19:00:00,+919889254813,+919825020533,356938086368248,346,"Sector 15, Gurugram"
REC003896,CASE0099,CDR,2024-07-25 00:00:00,+919820254291,+919860547577,356938007958127,434,"Whitefield, Bengaluru"
REC003897,CASE0099,CDR,2024-07-25 06:00:00,+919820254291,+919831564929,356938007958127,271,"Salt Lake, Kolkata"
REC003898,CASE0099,CDR,2024-07-25 07:00:00,+919820254291,+919855592670,356938007958127,483,"Banjara Hills, Hyderabad"
REC003899,CASE0099,UPI,2024-07-25 07:00:00,deepa.v90@upi,kavita.n10@upi,TXN562185,48000,N/A
REC003900,CASE0099,CDR,2024-07-25 16:00:00,+919820254291,+919855592670,356938007958127,421,"Sector 15, Gurugram"
REC003901,CASE0099,CDR,2024-07-25 17:00:00,+919820254291,+919888043244,356938007958127,318,"Connaught Place, Delhi"
REC003902,CASE0099,UPI,2024-07-25 20:00:00,deepa.v90@upi,kavita.n10@upi,TXN897554,22000,N/A
REC003903,CASE0099,CDR,2024-07-25 21:00:00,+919820254291,+919888043244,356938007958127,480,"Kothrud, Pune"
REC003904,CASE0099,CDR,2024-07-25 21:00:00,+919820254291,+919888043244,356938007958127,305,"Vaishali Nagar, Jaipur"
REC003905,CASE0099,UPI,2024-07-25 21:00:00,kavita.n10@upi,freshmart65@ybl,TXN222875,3000,N/A
REC003906,CASE0099,UPI,2024-07-26 07:00:00,deepa.v90@upi,kavita.n10@upi,TXN214225,15000,N/A
REC003907,CASE0099,UPI,2024-07-26 08:00:00,deepa.v90@upi,kavita.n10@upi,TXN684192,48000,N/A
REC003908,CASE0099,UPI,2024-07-26 10:00:00,deepa.v90@upi,kavita.n10@upi,TXN662338,48000,N/A
REC003909,CASE0099,CDR,2024-07-26 13:00:00,+919820254291,+919855592670,356938007958127,326,"Vaishali Nagar, Jaipur"
REC003910,CASE0099,CDR,2024-07-26 13:00:00,+919820254291,+919855592670,356938007958127,347,"Anna Nagar, Chennai"
REC003911,CASE0099,CDR,2024-07-27 06:00:00,+919820254291,+919831564929,356938007958127,462,"Cyber City, Gurugram"
REC003912,CASE0099,UPI,2024-07-27 15:00:00,kavita.n10@upi,meera.s51@ybl,TXN896780,7500,N/A
REC003913,CASE0099,CDR,2024-07-28 10:00:00,+919820254291,+919855592670,356938007958127,17,"Salt Lake, Kolkata"
REC003914,CASE0099,CDR,2024-07-28 13:00:00,+919820254291,+919848003832,356938007958127,442,"Anna Nagar, Chennai"
REC003915,CASE0099,UPI,2024-07-29 19:00:00,kavita.n10@upi,meera.s51@ybl,TXN661200,48000,N/A
REC003916,CASE0099,CDR,2024-07-30 01:00:00,+919820254291,+919827397742,356938007958127,402,"Kothrud, Pune"
REC003917,CASE0099,UPI,2024-07-30 08:00:00,kavita.n10@upi,meera.s51@ybl,TXN532170,1200,N/A
REC003918,CASE0099,UPI,2024-07-30 15:00:00,kavita.n10@upi,pooja.b93@upi,TXN386133,1200,N/A
REC003919,CASE0099,UPI,2024-07-31 04:00:00,kavita.n10@upi,pooja.b93@upi,TXN805794,500,N/A
REC003920,CASE0099,CDR,2024-07-31 10:00:00,+919820254291,+919831564929,356938007958127,354,"Vaishali Nagar, Jaipur"
REC003921,CASE0099,UPI,2024-07-31 12:00:00,deepa.v90@upi,kavita.n10@upi,TXN737431,3000,N/A
REC003922,CASE0099,CDR,2024-07-31 14:00:00,+919820254291,+919860547577,356938007958127,300,"Vaishali Nagar, Jaipur"
REC003923,CASE0099,UPI,2024-08-01 01:00:00,deepa.v90@upi,kavita.n10@upi,TXN436464,15000,N/A
REC003924,CASE0099,UPI,2024-08-02 04:00:00,kavita.n10@upi,freshmart65@ybl,TXN944147,22000,N/A
REC003925,CASE0099,CDR,2024-08-02 08:00:00,+919820254291,+919880541093,356938007958127,291,"Whitefield, Bengaluru"
REC003926,CASE0099,UPI,2024-08-02 11:00:00,deepa.v90@upi,kavita.n10@upi,TXN444307,48000,N/A
REC003927,CASE0099,UPI,2024-08-02 14:00:00,deepa.v90@upi,kavita.n10@upi,TXN926527,3000,N/A
REC003928,CASE0099,CDR,2024-08-03 06:00:00,+919820254291,+919855592670,356938007958127,267,"Anna Nagar, Chennai"
REC003929,CASE0099,UPI,2024-08-03 09:00:00,kavita.n10@upi,meera.s51@ybl,TXN311170,15000,N/A
REC003930,CASE0099,CDR,2024-08-03 13:00:00,+919820254291,+919831564929,356938007958127,459,"Connaught Place, Delhi"
REC003931,CASE0099,CDR,2024-08-03 19:00:00,+919820254291,+919860547577,356938007958127,56,"Cyber City, Gurugram"
REC003932,CASE0099,CDR,2024-08-03 19:00:00,+919820254291,+919848003832,356938007958127,269,"Sector 15, Gurugram"
REC003933,CASE0100,CDR,2023-10-16 01:00:00,+919821958164,+919875425769,356938075051629,446,"Banjara Hills, Hyderabad"
REC003934,CASE0100,CDR,2023-10-16 02:00:00,+919821958164,+919802247199,356938075051629,364,"Sector 15, Gurugram"
REC003935,CASE0100,UPI,2023-10-16 06:00:00,sunita.d36@paytm,traders2453@okhdfcbank,TXN396051,48000,N/A
REC003936,CASE0100,CDR,2023-10-16 09:00:00,+919821958164,+919875425769,356938075051629,375,"Sector 15, Gurugram"
REC003937,CASE0100,CDR,2023-10-16 13:00:00,+919821958164,+919802247199,356938075051629,321,"Sector 15, Gurugram"
REC003938,CASE0100,UPI,2023-10-16 14:00:00,sunita.d36@paytm,traders2453@okhdfcbank,TXN644662,48000,N/A
REC003939,CASE0100,CDR,2023-10-16 21:00:00,+919821958164,+919860672291,356938075051629,275,"Banjara Hills, Hyderabad"
REC003940,CASE0100,UPI,2023-10-16 22:00:00,sunita.d36@paytm,traders2453@okhdfcbank,TXN770050,22000,N/A
REC003941,CASE0100,UPI,2023-10-16 23:00:00,sunita.d36@paytm,deepa.v83@upi,TXN209125,3000,N/A
REC003942,CASE0100,UPI,2023-10-17 01:00:00,vikram.t70@paytm,sunita.d36@paytm,TXN177550,15000,N/A
REC003943,CASE0100,UPI,2023-10-17 04:00:00,vikram.t70@paytm,sunita.d36@paytm,TXN793804,500,N/A
REC003944,CASE0100,CDR,2023-10-17 05:00:00,+919821958164,+919859263515,356938075051629,349,"Banjara Hills, Hyderabad"
REC003945,CASE0100,UPI,2023-10-17 07:00:00,vikram.t70@paytm,sunita.d36@paytm,TXN472958,1200,N/A
REC003946,CASE0100,UPI,2023-10-17 08:00:00,vikram.t70@paytm,sunita.d36@paytm,TXN255138,7500,N/A
REC003947,CASE0100,CDR,2023-10-17 14:00:00,+919821958164,+919890005985,356938075051629,223,"Whitefield, Bengaluru"
REC003948,CASE0100,UPI,2023-10-17 20:00:00,sunita.d36@paytm,ravi.k10@ybl,TXN109666,7500,N/A
REC003949,CASE0100,CDR,2023-10-18 02:00:00,+919821958164,+919837096620,356938075051629,33,"Whitefield, Bengaluru"
REC003950,CASE0100,CDR,2023-10-18 04:00:00,+919821958164,+919837096620,356938075051629,264,"Andheri East, Mumbai"
REC003951,CASE0100,CDR,2023-10-18 07:00:00,+919821958164,+919875425769,356938075051629,211,"Whitefield, Bengaluru"
REC003952,CASE0100,CDR,2023-10-18 13:00:00,+919821958164,+919890005985,356938075051629,77,"Anna Nagar, Chennai"
REC003953,CASE0100,UPI,2023-10-18 14:00:00,vikram.t70@paytm,sunita.d36@paytm,TXN170428,7500,N/A
REC003954,CASE0100,CDR,2023-10-18 22:00:00,+919821958164,+919859263515,356938075051629,59,"Vaishali Nagar, Jaipur"
REC003955,CASE0100,CDR,2023-10-19 00:00:00,+919821958164,+919889053737,356938075051629,196,"Vaishali Nagar, Jaipur"
REC003956,CASE0100,CDR,2023-10-19 00:00:00,+919821958164,+919859263515,356938075051629,337,"Whitefield, Bengaluru"
REC003957,CASE0100,UPI,2023-10-19 02:00:00,sunita.d36@paytm,traders2453@okhdfcbank,TXN608216,3000,N/A
REC003958,CASE0100,CDR,2023-10-19 19:00:00,+919821958164,+919802247199,356938075051629,409,"Anna Nagar, Chennai"
REC003959,CASE0100,CDR,2023-10-20 04:00:00,+919821958164,+919860672291,356938075051629,97,"Cyber City, Gurugram"
REC003960,CASE0100,CDR,2023-10-20 06:00:00,+919821958164,+919860672291,356938075051629,451,"Connaught Place, Delhi"
REC003961,CASE0100,CDR,2023-10-20 07:00:00,+919821958164,+919875425769,356938075051629,188,"Vaishali Nagar, Jaipur"
REC003962,CASE0100,UPI,2023-10-20 19:00:00,vikram.t70@paytm,sunita.d36@paytm,TXN474166,48000,N/A
REC003963,CASE0100,CDR,2023-10-21 00:00:00,+919821958164,+919890005985,356938075051629,74,"Salt Lake, Kolkata"
REC003964,CASE0100,UPI,2023-10-21 00:00:00,vikram.t70@paytm,sunita.d36@paytm,TXN600965,15000,N/A
REC003965,CASE0100,CDR,2023-10-21 02:00:00,+919821958164,+919860672291,356938075051629,358,"Connaught Place, Delhi"
REC003966,CASE0100,CDR,2023-10-21 02:00:00,+919821958164,+919889053737,356938075051629,424,"Banjara Hills, Hyderabad"
REC003967,CASE0100,CDR,2023-10-21 03:00:00,+919821958164,+919890005985,356938075051629,162,"Vaishali Nagar, Jaipur"
REC003968,CASE0100,CDR,2023-10-21 09:00:00,+919821958164,+919889053737,356938075051629,131,"Banjara Hills, Hyderabad"
REC003969,CASE0100,CDR,2023-10-21 20:00:00,+919821958164,+919859263515,356938075051629,463,"Andheri East, Mumbai"
REC003970,CASE0100,UPI,2023-10-21 21:00:00,sunita.d36@paytm,kavita.n60@okhdfcbank,TXN335897,15000,N/A
REC003971,CASE0100,CDR,2023-10-22 02:00:00,+919821958164,+919837096620,356938075051629,496,"Vaishali Nagar, Jaipur"
REC003972,CASE0100,CDR,2023-10-22 14:00:00,+919821958164,+919859263515,356938075051629,303,"Andheri East, Mumbai"
REC003973,CASE0100,CDR,2023-10-22 17:00:00,+919821958164,+919875425769,356938075051629,144,"Sector 15, Gurugram"
REC003974,CASE0100,CDR,2023-10-22 17:00:00,+919821958164,+919860672291,356938075051629,248,"Cyber City, Gurugram"
REC003975,CASE0100,UPI,2023-10-22 22:00:00,sunita.d36@paytm,ravi.k10@ybl,TXN658208,7500,N/A
REC003976,CASE0100,UPI,2023-10-23 05:00:00,sunita.d36@paytm,deepa.v83@upi,TXN231647,7500,N/A
REC003977,CASE0100,UPI,2023-10-23 05:00:00,sunita.d36@paytm,ravi.k10@ybl,TXN602802,48000,N/A
REC003978,CASE0100,UPI,2023-10-23 05:00:00,vikram.t70@paytm,sunita.d36@paytm,TXN344519,1200,N/A
REC003979,CASE0100,UPI,2023-10-24 00:00:00,sunita.d36@paytm,deepa.v83@upi,TXN282313,15000,N/A
REC003980,CASE0100,CDR,2023-10-24 03:00:00,+919821958164,+919875425769,356938075051629,337,"Sector 15, Gurugram"
REC003981,CASE0100,CDR,2023-10-24 04:00:00,+919821958164,+919802247199,356938075051629,455,"Connaught Place, Delhi"
REC003982,CASE0100,CDR,2023-10-24 05:00:00,+919821958164,+919889053737,356938075051629,413,"Sector 15, Gurugram"
REC003983,CASE0100,UPI,2023-10-24 05:00:00,sunita.d36@paytm,kavita.n60@okhdfcbank,TXN824801,48000,N/A
REC003984,CASE0100,CDR,2023-10-24 06:00:00,+919821958164,+919837096620,356938075051629,443,"Connaught Place, Delhi"
REC003985,CASE0100,CDR,2023-10-24 08:00:00,+919821958164,+919890005985,356938075051629,210,"Vaishali Nagar, Jaipur"
REC003986,CASE0100,UPI,2023-10-25 06:00:00,vikram.t70@paytm,sunita.d36@paytm,TXN301463,500,N/A
REC003987,CASE0100,UPI,2023-10-25 14:00:00,sunita.d36@paytm,traders2453@okhdfcbank,TXN124160,15000,N/A
REC003988,CASE0100,UPI,2023-10-25 22:00:00,sunita.d36@paytm,ravi.k10@ybl,TXN857703,48000,N/A
REC003989,CASE0101,UPI,2023-03-21 00:00:00,traders2453@paytm,vikram.t85@icb,TXN601025,3000,N/A
REC003990,CASE0101,UPI,2023-03-21 03:00:00,quickcash24@okhdfcbank,traders2453@paytm,TXN493036,7500,N/A
REC003991,CASE0101,UPI,2023-03-21 04:00:00,traders2453@paytm,kavita.n74@icb,TXN714394,7500,N/A
REC003992,CASE0101,CDR,2023-03-21 09:00:00,+919850881857,+919802452137,356938073619741,109,"Anna Nagar, Chennai"
REC003993,CASE0101,CDR,2023-03-21 09:00:00,+919850881857,+919825921041,356938073619741,195,"Anna Nagar, Chennai"
REC003994,CASE0101,CDR,2023-03-21 22:00:00,+919850881857,+919851502962,356938073619741,423,"Kothrud, Pune"
REC003995,CASE0101,CDR,2023-03-22 10:00:00,+919850881857,+919845357506,356938073619741,348,"Banjara Hills, Hyderabad"
REC003996,CASE0101,CDR,2023-03-22 21:00:00,+919850881857,+919806118514,356938073619741,72,"Banjara Hills, Hyderabad"
REC003997,CASE0101,UPI,2023-03-22 21:00:00,quickcash24@okhdfcbank,traders2453@paytm,TXN854278,1200,N/A
REC003998,CASE0101,UPI,2023-03-22 23:00:00,traders2453@paytm,vikram.t85@icb,TXN333371,3000,N/A
REC003999,CASE0101,CDR,2023-03-23 20:00:00,+919850881857,+919896472518,356938073619741,154,"Andheri East, Mumbai"
REC004000,CASE0101,CDR,2023-03-23 21:00:00,+919850881857,+919806118514,356938073619741,281,"Salt Lake, Kolkata"
REC004001,CASE0101,CDR,2023-03-23 21:00:00,+919850881857,+919825921041,356938073619741,77,"Anna Nagar, Chennai"
REC004002,CASE0101,CDR,2023-03-24 01:00:00,+919850881857,+919806118514,356938073619741,69,"Kothrud, Pune"
REC004003,CASE0101,UPI,2023-03-24 03:00:00,traders2453@paytm,vikram.t85@icb,TXN640501,22000,N/A
REC004004,CASE0101,UPI,2023-03-24 14:00:00,traders2453@paytm,traders2481@upi,TXN258649,7500,N/A
REC004005,CASE0101,UPI,2023-03-24 23:00:00,quickcash24@okhdfcbank,traders2453@paytm,TXN627727,22000,N/A
REC004006,CASE0101,UPI,2023-03-25 02:00:00,quickcash24@okhdfcbank,traders2453@paytm,TXN180054,1200,N/A
REC004007,CASE0101,CDR,2023-03-25 18:00:00,+919850881857,+919851502962,356938073619741,73,"Vaishali Nagar, Jaipur"
REC004008,CASE0101,CDR,2023-03-26 15:00:00,+919850881857,+919859922412,356938073619741,147,"Salt Lake, Kolkata"
REC004009,CASE0101,CDR,2023-03-26 19:00:00,+919850881857,+919851502962,356938073619741,170,"Sector 15, Gurugram"
REC004010,CASE0101,UPI,2023-03-26 19:00:00,traders2453@paytm,quickcash42@okhdfcbank,TXN837901,1200,N/A
REC004011,CASE0101,UPI,2023-03-28 07:00:00,quickcash24@okhdfcbank,traders2453@paytm,TXN636582,48000,N/A
REC004012,CASE0101,CDR,2023-03-28 09:00:00,+919850881857,+919859922412,356938073619741,404,"Connaught Place, Delhi"
REC004013,CASE0101,UPI,2023-03-28 13:00:00,traders2453@paytm,traders2481@upi,TXN342869,500,N/A
REC004014,CASE0101,CDR,2023-03-28 15:00:00,+919850881857,+919851502962,356938073619741,194,"Connaught Place, Delhi"
REC004015,CASE0101,UPI,2023-03-28 20:00:00,quickcash24@okhdfcbank,traders2453@paytm,TXN375598,1200,N/A
REC004016,CASE0101,CDR,2023-03-29 00:00:00,+919850881857,+919851502962,356938073619741,166,"Banjara Hills, Hyderabad"
REC004017,CASE0101,CDR,2023-03-29 04:00:00,+919850881857,+919896472518,356938073619741,256,"Andheri East, Mumbai"
REC004018,CASE0101,CDR,2023-03-30 02:00:00,+919850881857,+919845357506,356938073619741,201,"Cyber City, Gurugram"
REC004019,CASE0101,CDR,2023-03-30 03:00:00,+919850881857,+919896472518,356938073619741,327,"Cyber City, Gurugram"
REC004020,CASE0101,UPI,2023-03-30 18:00:00,quickcash24@okhdfcbank,traders2453@paytm,TXN392583,48000,N/A
REC004021,CASE0102,CDR,2025-03-20 01:00:00,+919882842707,+919897395461,356938086538698,418,"Whitefield, Bengaluru"
REC004022,CASE0102,CDR,2025-03-20 04:00:00,+919882842707,+919893102020,356938086538698,35,"Banjara Hills, Hyderabad"
REC004023,CASE0102,UPI,2025-03-20 16:00:00,citypay51@icb,vikram.t14@icb,TXN648247,7500,N/A
REC004024,CASE0102,UPI,2025-03-20 22:00:00,citypay51@icb,vikram.t14@icb,TXN731402,500,N/A
REC004025,CASE0102,CDR,2025-03-21 07:00:00,+919882842707,+919806240767,356938086538698,89,"Sector 15, Gurugram"
REC004026,CASE0102,CDR,2025-03-21 07:00:00,+919882842707,+919893102020,356938086538698,427,"Banjara Hills, Hyderabad"
REC004027,CASE0102,UPI,2025-03-21 10:00:00,citypay51@icb,vikram.t14@icb,TXN490377,500,N/A
REC004028,CASE0102,UPI,2025-03-21 14:00:00,citypay51@icb,vikram.t14@icb,TXN152840,22000,N/A
REC004029,CASE0102,CDR,2025-03-21 16:00:00,+919882842707,+919893102020,356938086538698,312,"Banjara Hills, Hyderabad"
REC004030,CASE0102,CDR,2025-03-21 16:00:00,+919882842707,+919844435875,356938086538698,355,"Andheri East, Mumbai"
REC004031,CASE0102,UPI,2025-03-21 17:00:00,citypay51@icb,vikram.t14@icb,TXN524657,1200,N/A
REC004032,CASE0102,CDR,2025-03-21 19:00:00,+919882842707,+919816026732,356938086538698,296,"Andheri East, Mumbai"
REC004033,CASE0102,CDR,2025-03-21 20:00:00,+919882842707,+919897395461,356938086538698,34,"Cyber City, Gurugram"
REC004034,CASE0102,CDR,2025-03-22 00:00:00,+919882842707,+919844435875,356938086538698,488,"Kothrud, Pune"
REC004035,CASE0102,CDR,2025-03-22 08:00:00,+919882842707,+919816026732,356938086538698,311,"Sector 15, Gurugram"
REC004036,CASE0102,UPI,2025-03-22 11:00:00,citypay51@icb,vikram.t14@icb,TXN656794,22000,N/A
REC004037,CASE0102,CDR,2025-03-22 17:00:00,+919882842707,+919806240767,356938086538698,77,"Vaishali Nagar, Jaipur"
REC004038,CASE0102,CDR,2025-03-22 19:00:00,+919882842707,+919816026732,356938086538698,404,"Whitefield, Bengaluru"
REC004039,CASE0102,UPI,2025-03-23 09:00:00,vikram.t14@icb,citypay97@icb,TXN830028,15000,N/A
REC004040,CASE0102,CDR,2025-03-23 10:00:00,+919882842707,+919893102020,356938086538698,233,"Vaishali Nagar, Jaipur"
REC004041,CASE0102,CDR,2025-03-23 12:00:00,+919882842707,+919893102020,356938086538698,51,"Salt Lake, Kolkata"
REC004042,CASE0102,UPI,2025-03-23 16:00:00,vikram.t14@icb,deepa.v87@ybl,TXN316024,22000,N/A
REC004043,CASE0102,UPI,2025-03-23 22:00:00,vikram.t14@icb,meera.s49@ybl,TXN537472,3000,N/A
REC004044,CASE0102,CDR,2025-03-24 01:00:00,+919882842707,+919816026732,356938086538698,142,"Whitefield, Bengaluru"
REC004045,CASE0102,UPI,2025-03-24 14:00:00,vikram.t14@icb,citypay97@icb,TXN410953,7500,N/A
REC004046,CASE0102,UPI,2025-03-24 14:00:00,vikram.t14@icb,amitpay58@paytm,TXN888650,500,N/A
REC004047,CASE0102,UPI,2025-03-25 10:00:00,vikram.t14@icb,meera.s49@ybl,TXN648933,3000,N/A
REC004048,CASE0102,UPI,2025-03-25 14:00:00,citypay51@icb,vikram.t14@icb,TXN501637,22000,N/A
REC004049,CASE0102,CDR,2025-03-25 19:00:00,+919882842707,+919816026732,356938086538698,458,"Connaught Place, Delhi"
REC004050,CASE0102,CDR,2025-03-25 23:00:00,+919882842707,+919893102020,356938086538698,48,"Anna Nagar, Chennai"
REC004051,CASE0102,UPI,2025-03-26 00:00:00,vikram.t14@icb,amitpay58@paytm,TXN915685,3000,N/A
REC004052,CASE0102,CDR,2025-03-26 04:00:00,+919882842707,+919844435875,356938086538698,96,"Whitefield, Bengaluru"
REC004053,CASE0102,CDR,2025-03-26 05:00:00,+919882842707,+919816026732,356938086538698,372,"Connaught Place, Delhi"
REC004054,CASE0102,CDR,2025-03-26 06:00:00,+919882842707,+919866980397,356938086538698,487,"Anna Nagar, Chennai"
REC004055,CASE0102,CDR,2025-03-26 06:00:00,+919882842707,+919806240767,356938086538698,136,"Kothrud, Pune"
REC004056,CASE0102,CDR,2025-03-26 12:00:00,+919882842707,+919844435875,356938086538698,130,"Whitefield, Bengaluru"
REC004057,CASE0102,CDR,2025-03-26 20:00:00,+919882842707,+919844435875,356938086538698,158,"Banjara Hills, Hyderabad"
REC004058,CASE0102,UPI,2025-03-27 03:00:00,citypay51@icb,vikram.t14@icb,TXN626727,48000,N/A
REC004059,CASE0102,CDR,2025-03-27 08:00:00,+919882842707,+919844435875,356938086538698,279,"Vaishali Nagar, Jaipur"
REC004060,CASE0102,CDR,2025-03-27 12:00:00,+919882842707,+919866980397,356938086538698,187,"Andheri East, Mumbai"
REC004061,CASE0102,UPI,2025-03-27 19:00:00,citypay51@icb,vikram.t14@icb,TXN631003,22000,N/A
REC004062,CASE0102,CDR,2025-03-28 02:00:00,+919882842707,+919893102020,356938086538698,114,"Whitefield, Bengaluru"
REC004063,CASE0102,CDR,2025-03-28 03:00:00,+919882842707,+919897395461,356938086538698,288,"Sector 15, Gurugram"
REC004064,CASE0102,CDR,2025-03-28 08:00:00,+919882842707,+919816026732,356938086538698,344,"Kothrud, Pune"
REC004065,CASE0102,CDR,2025-03-28 18:00:00,+919882842707,+919877860244,356938086538698,348,"Cyber City, Gurugram"
REC004066,CASE0102,UPI,2025-03-28 22:00:00,vikram.t14@icb,citypay97@icb,TXN379234,7500,N/A
REC004067,CASE0102,CDR,2025-03-29 00:00:00,+919882842707,+919816026732,356938086538698,187,"Connaught Place, Delhi"
REC004068,CASE0102,UPI,2025-03-29 05:00:00,citypay51@icb,vikram.t14@icb,TXN801563,1200,N/A
REC004069,CASE0102,CDR,2025-03-29 06:00:00,+919882842707,+919877860244,356938086538698,446,"Kothrud, Pune"
REC004070,CASE0102,UPI,2025-03-29 08:00:00,vikram.t14@icb,amitpay58@paytm,TXN877369,500,N/A
REC004071,CASE0102,CDR,2025-03-29 19:00:00,+919882842707,+919806240767,356938086538698,277,"Kothrud, Pune"
REC004072,CASE0102,UPI,2025-03-29 19:00:00,citypay51@icb,vikram.t14@icb,TXN673486,500,N/A
REC004073,CASE0103,UPI,2025-05-02 00:00:00,amitpay67@paytm,freshmart8@icb,TXN906514,500,N/A
REC004074,CASE0103,CDR,2025-05-02 06:00:00,+919812372983,+919831977968,356938008870321,412,"Andheri East, Mumbai"
REC004075,CASE0103,UPI,2025-05-02 08:00:00,traders2455@upi,amitpay67@paytm,TXN471346,500,N/A
REC004076,CASE0103,UPI,2025-05-02 18:00:00,traders2455@upi,amitpay67@paytm,TXN810012,48000,N/A
REC004077,CASE0103,UPI,2025-05-03 21:00:00,traders2455@upi,amitpay67@paytm,TXN138604,48000,N/A
REC004078,CASE0103,UPI,2025-05-04 00:00:00,amitpay67@paytm,vikram.t52@paytm,TXN195499,15000,N/A
REC004079,CASE0103,CDR,2025-05-05 01:00:00,+919812372983,+919820941671,356938008870321,260,"Connaught Place, Delhi"
REC004080,CASE0103,UPI,2025-05-05 06:00:00,amitpay67@paytm,vikram.t52@paytm,TXN580605,1200,N/A
REC004081,CASE0103,CDR,2025-05-05 07:00:00,+919812372983,+919803652699,356938008870321,159,"Vaishali Nagar, Jaipur"
REC004082,CASE0103,UPI,2025-05-06 00:00:00,amitpay67@paytm,vikram.t52@paytm,TXN888742,1200,N/A
REC004083,CASE0103,CDR,2025-05-06 15:00:00,+919812372983,+919839696674,356938008870321,58,"Sector 15, Gurugram"
REC004084,CASE0103,UPI,2025-05-06 15:00:00,amitpay67@paytm,freshmart8@icb,TXN599543,3000,N/A
REC004085,CASE0103,CDR,2025-05-06 19:00:00,+919812372983,+919810724423,356938008870321,409,"Sector 15, Gurugram"
REC004086,CASE0103,CDR,2025-05-07 02:00:00,+919812372983,+919803652699,356938008870321,52,"Salt Lake, Kolkata"
REC004087,CASE0103,CDR,2025-05-07 17:00:00,+919812372983,+919840380376,356938008870321,247,"Cyber City, Gurugram"
REC004088,CASE0103,CDR,2025-05-08 00:00:00,+919812372983,+919840380376,356938008870321,464,"Sector 15, Gurugram"
REC004089,CASE0103,CDR,2025-05-08 12:00:00,+919812372983,+919820941671,356938008870321,213,"Banjara Hills, Hyderabad"
REC004090,CASE0103,UPI,2025-05-08 16:00:00,traders2455@upi,amitpay67@paytm,TXN396638,500,N/A
REC004091,CASE0103,CDR,2025-05-08 18:00:00,+919812372983,+919840380376,356938008870321,46,"Anna Nagar, Chennai"
REC004092,CASE0103,CDR,2025-05-08 19:00:00,+919812372983,+919857453900,356938008870321,480,"Connaught Place, Delhi"
REC004093,CASE0103,CDR,2025-05-08 19:00:00,+919812372983,+919803652699,356938008870321,97,"Salt Lake, Kolkata"
REC004094,CASE0103,UPI,2025-05-09 06:00:00,traders2455@upi,amitpay67@paytm,TXN806273,500,N/A
REC004095,CASE0103,UPI,2025-05-09 14:00:00,traders2455@upi,amitpay67@paytm,TXN830215,48000,N/A
REC004096,CASE0103,CDR,2025-05-09 22:00:00,+919812372983,+919803652699,356938008870321,308,"Andheri East, Mumbai"
REC004097,CASE0103,UPI,2025-05-10 09:00:00,amitpay67@paytm,vikram.t52@paytm,TXN474035,1200,N/A
REC004098,CASE0103,CDR,2025-05-10 19:00:00,+919812372983,+919810724423,356938008870321,260,"Kothrud, Pune"
REC004099,CASE0103,CDR,2025-05-11 08:00:00,+919812372983,+919820941671,356938008870321,247,"Cyber City, Gurugram"
REC004100,CASE0103,UPI,2025-05-11 08:00:00,amitpay67@paytm,freshmart8@icb,TXN251758,22000,N/A
REC004101,CASE0104,CDR,2024-10-30 00:00:00,+919833681352,+919845453490,356938006353587,82,"Salt Lake, Kolkata"
REC004102,CASE0104,UPI,2024-10-30 01:00:00,deepa.v71@ybl,citypay58@upi,TXN964936,3000,N/A
REC004103,CASE0104,CDR,2024-10-30 03:00:00,+919833681352,+919841956404,356938006353587,143,"Kothrud, Pune"
REC004104,CASE0104,CDR,2024-10-30 06:00:00,+919833681352,+919897953992,356938006353587,442,"Kothrud, Pune"
REC004105,CASE0104,UPI,2024-10-30 06:00:00,citypay58@upi,pooja.b1@paytm,TXN664753,500,N/A
REC004106,CASE0104,CDR,2024-10-31 02:00:00,+919833681352,+919885331462,356938006353587,228,"Kothrud, Pune"
REC004107,CASE0104,CDR,2024-10-31 04:00:00,+919833681352,+919829073157,356938006353587,179,"Anna Nagar, Chennai"
REC004108,CASE0104,UPI,2024-10-31 16:00:00,deepa.v71@ybl,citypay58@upi,TXN683357,7500,N/A
REC004109,CASE0104,CDR,2024-11-01 00:00:00,+919833681352,+919829073157,356938006353587,61,"Kothrud, Pune"
REC004110,CASE0104,UPI,2024-11-01 03:00:00,deepa.v71@ybl,citypay58@upi,TXN453028,500,N/A
REC004111,CASE0104,CDR,2024-11-01 04:00:00,+919833681352,+919829073157,356938006353587,262,"Anna Nagar, Chennai"
REC004112,CASE0104,UPI,2024-11-01 07:00:00,citypay58@upi,rajesh.m51@okhdfcbank,TXN844302,500,N/A
REC004113,CASE0104,CDR,2024-11-01 13:00:00,+919833681352,+919845453490,356938006353587,395,"Andheri East, Mumbai"
REC004114,CASE0104,UPI,2024-11-02 15:00:00,citypay58@upi,pooja.b1@paytm,TXN343217,15000,N/A
REC004115,CASE0104,UPI,2024-11-03 23:00:00,citypay58@upi,meera.s17@paytm,TXN905939,500,N/A
REC004116,CASE0104,UPI,2024-11-04 02:00:00,citypay58@upi,rajesh.m51@okhdfcbank,TXN403181,22000,N/A
REC004117,CASE0104,UPI,2024-11-04 05:00:00,citypay58@upi,amitpay79@okhdfcbank,TXN656862,1200,N/A
REC004118,CASE0104,CDR,2024-11-04 10:00:00,+919833681352,+919845453490,356938006353587,389,"Banjara Hills, Hyderabad"
REC004119,CASE0104,CDR,2024-11-04 23:00:00,+919833681352,+919841956404,356938006353587,270,"Vaishali Nagar, Jaipur"
REC004120,CASE0104,CDR,2024-11-05 03:00:00,+919833681352,+919841956404,356938006353587,118,"Vaishali Nagar, Jaipur"
REC004121,CASE0104,UPI,2024-11-05 08:00:00,citypay58@upi,amitpay79@okhdfcbank,TXN617716,500,N/A
REC004122,CASE0104,CDR,2024-11-05 16:00:00,+919833681352,+919873765814,356938006353587,157,"Anna Nagar, Chennai"
REC004123,CASE0104,CDR,2024-11-06 11:00:00,+919833681352,+919897953992,356938006353587,369,"Sector 15, Gurugram"
REC004124,CASE0104,CDR,2024-11-06 16:00:00,+919833681352,+919865628330,356938006353587,318,"Cyber City, Gurugram"
REC004125,CASE0104,CDR,2024-11-07 02:00:00,+919833681352,+919873765814,356938006353587,309,"Salt Lake, Kolkata"
REC004126,CASE0104,CDR,2024-11-07 06:00:00,+919833681352,+919845453490,356938006353587,97,"Cyber City, Gurugram"
REC004127,CASE0104,UPI,2024-11-07 16:00:00,deepa.v71@ybl,citypay58@upi,TXN577609,48000,N/A
REC004128,CASE0104,CDR,2024-11-08 02:00:00,+919833681352,+919865628330,356938006353587,93,"Vaishali Nagar, Jaipur"
REC004129,CASE0104,CDR,2024-11-08 06:00:00,+919833681352,+919845453490,356938006353587,360,"Kothrud, Pune"
REC004130,CASE0104,CDR,2024-11-08 11:00:00,+919833681352,+919841956404,356938006353587,201,"Cyber City, Gurugram"
REC004131,CASE0104,CDR,2024-11-08 12:00:00,+919833681352,+919865628330,356938006353587,113,"Whitefield, Bengaluru"
REC004132,CASE0104,UPI,2024-11-08 12:00:00,citypay58@upi,meera.s17@paytm,TXN276875,1200,N/A
REC004133,CASE0104,CDR,2024-11-08 16:00:00,+919833681352,+919873765814,356938006353587,241,"Sector 15, Gurugram"
REC004134,CASE0104,UPI,2024-11-08 23:00:00,citypay58@upi,rajesh.m51@okhdfcbank,TXN739963,3000,N/A
REC004135,CASE0105,CDR,2023-11-12 08:00:00,+919855528653,+919827910381,356938071073117,422,"Vaishali Nagar, Jaipur"
REC004136,CASE0105,UPI,2023-11-12 09:00:00,nikhil.j19@okhdfcbank,nikhil.j19@icb,TXN743914,7500,N/A
REC004137,CASE0105,CDR,2023-11-12 12:00:00,+919855528653,+919875223098,356938071073117,137,"Banjara Hills, Hyderabad"
REC004138,CASE0105,CDR,2023-11-12 17:00:00,+919855528653,+919837723818,356938071073117,244,"Andheri East, Mumbai"
REC004139,CASE0105,CDR,2023-11-13 01:00:00,+919855528653,+919888281341,356938071073117,198,"Whitefield, Bengaluru"
REC004140,CASE0105,UPI,2023-11-13 01:00:00,nikhil.j19@okhdfcbank,nikhil.j18@okhdfcbank,TXN578252,500,N/A
REC004141,CASE0105,UPI,2023-11-13 19:00:00,nikhil.j19@okhdfcbank,nikhil.j19@icb,TXN544976,3000,N/A
REC004142,CASE0105,CDR,2023-11-13 20:00:00,+919855528653,+919875223098,356938071073117,329,"Andheri East, Mumbai"
REC004143,CASE0105,CDR,2023-11-14 00:00:00,+919855528653,+919875223098,356938071073117,453,"Cyber City, Gurugram"
REC004144,CASE0105,CDR,2023-11-14 04:00:00,+919855528653,+919837723818,356938071073117,155,"Vaishali Nagar, Jaipur"
REC004145,CASE0105,CDR,2023-11-14 05:00:00,+919855528653,+919814692482,356938071073117,335,"Kothrud, Pune"
REC004146,CASE0105,CDR,2023-11-14 05:00:00,+919855528653,+919827910381,356938071073117,189,"Vaishali Nagar, Jaipur"
REC004147,CASE0105,CDR,2023-11-14 20:00:00,+919855528653,+919875223098,356938071073117,32,"Sector 15, Gurugram"
REC004148,CASE0105,UPI,2023-11-14 22:00:00,nikhil.j19@okhdfcbank,citypay24@paytm,TXN314369,500,N/A
REC004149,CASE0105,UPI,2023-11-15 02:00:00,anita.r98@upi,nikhil.j19@okhdfcbank,TXN672994,500,N/A
REC004150,CASE0105,CDR,2023-11-15 05:00:00,+919855528653,+919857121585,356938071073117,410,"Andheri East, Mumbai"
REC004151,CASE0105,CDR,2023-11-15 23:00:00,+919855528653,+919875223098,356938071073117,479,"Andheri East, Mumbai"
REC004152,CASE0105,UPI,2023-11-16 01:00:00,nikhil.j19@okhdfcbank,nikhil.j19@icb,TXN395426,3000,N/A
REC004153,CASE0105,UPI,2023-11-16 02:00:00,nikhil.j19@okhdfcbank,nikhil.j18@okhdfcbank,TXN643690,22000,N/A
REC004154,CASE0105,UPI,2023-11-16 05:00:00,anita.r98@upi,nikhil.j19@okhdfcbank,TXN138774,1200,N/A
REC004155,CASE0105,UPI,2023-11-16 05:00:00,anita.r98@upi,nikhil.j19@okhdfcbank,TXN290715,7500,N/A
REC004156,CASE0105,CDR,2023-11-16 11:00:00,+919855528653,+919888281341,356938071073117,464,"Andheri East, Mumbai"
REC004157,CASE0105,CDR,2023-11-16 16:00:00,+919855528653,+919888281341,356938071073117,282,"Anna Nagar, Chennai"
REC004158,CASE0105,CDR,2023-11-16 16:00:00,+919855528653,+919827910381,356938071073117,86,"Anna Nagar, Chennai"
REC004159,CASE0105,CDR,2023-11-16 22:00:00,+919855528653,+919814692482,356938071073117,496,"Vaishali Nagar, Jaipur"
REC004160,CASE0105,CDR,2023-11-16 22:00:00,+919855528653,+919888281341,356938071073117,272,"Kothrud, Pune"
REC004161,CASE0105,UPI,2023-11-17 02:00:00,nikhil.j19@okhdfcbank,citypay24@paytm,TXN162115,500,N/A
REC004162,CASE0105,UPI,2023-11-17 14:00:00,anita.r98@upi,nikhil.j19@okhdfcbank,TXN435329,15000,N/A
REC004163,CASE0105,CDR,2023-11-17 15:00:00,+919855528653,+919837723818,356938071073117,187,"Anna Nagar, Chennai"
REC004164,CASE0105,UPI,2023-11-17 18:00:00,anita.r98@upi,nikhil.j19@okhdfcbank,TXN640512,15000,N/A
REC004165,CASE0105,CDR,2023-11-18 07:00:00,+919855528653,+919888281341,356938071073117,89,"Cyber City, Gurugram"
REC004166,CASE0105,CDR,2023-11-18 08:00:00,+919855528653,+919837723818,356938071073117,476,"Connaught Place, Delhi"
REC004167,CASE0105,UPI,2023-11-18 08:00:00,nikhil.j19@okhdfcbank,meera.s66@paytm,TXN376872,15000,N/A
REC004168,CASE0105,CDR,2023-11-18 12:00:00,+919855528653,+919814692482,356938071073117,469,"Connaught Place, Delhi"
REC004169,CASE0105,UPI,2023-11-18 13:00:00,anita.r98@upi,nikhil.j19@okhdfcbank,TXN104557,500,N/A
REC004170,CASE0105,CDR,2023-11-18 15:00:00,+919855528653,+919857121585,356938071073117,219,"Banjara Hills, Hyderabad"
REC004171,CASE0105,UPI,2023-11-19 00:00:00,nikhil.j19@okhdfcbank,nikhil.j19@icb,TXN325130,48000,N/A
REC004172,CASE0105,UPI,2023-11-19 16:00:00,nikhil.j19@okhdfcbank,nikhil.j19@icb,TXN409239,22000,N/A
REC004173,CASE0105,CDR,2023-11-19 17:00:00,+919855528653,+919827910381,356938071073117,440,"Whitefield, Bengaluru"
REC004174,CASE0105,CDR,2023-11-19 21:00:00,+919855528653,+919827910381,356938071073117,168,"Whitefield, Bengaluru"
REC004175,CASE0105,CDR,2023-11-20 05:00:00,+919855528653,+919850944201,356938071073117,36,"Sector 15, Gurugram"
REC004176,CASE0105,CDR,2023-11-20 10:00:00,+919855528653,+919875223098,356938071073117,118,"Anna Nagar, Chennai"
REC004177,CASE0105,UPI,2023-11-20 10:00:00,nikhil.j19@okhdfcbank,citypay24@paytm,TXN819672,3000,N/A
REC004178,CASE0105,CDR,2023-11-20 12:00:00,+919855528653,+919875223098,356938071073117,364,"Connaught Place, Delhi"
REC004179,CASE0105,UPI,2023-11-20 14:00:00,nikhil.j19@okhdfcbank,meera.s66@paytm,TXN338514,15000,N/A
REC004180,CASE0105,CDR,2023-11-21 04:00:00,+919855528653,+919857121585,356938071073117,50,"Cyber City, Gurugram"
REC004181,CASE0105,CDR,2023-11-21 07:00:00,+919855528653,+919875223098,356938071073117,209,"Andheri East, Mumbai"
REC004182,CASE0105,CDR,2023-11-21 18:00:00,+919855528653,+919827910381,356938071073117,415,"Kothrud, Pune"
REC004183,CASE0105,UPI,2023-11-21 19:00:00,anita.r98@upi,nikhil.j19@okhdfcbank,TXN872824,48000,N/A
REC004184,CASE0105,CDR,2023-11-21 23:00:00,+919855528653,+919888281341,356938071073117,63,"Connaught Place, Delhi"
REC004185,CASE0106,CDR,2023-09-04 09:00:00,+919827005316,+919856613453,356938093222075,225,"Cyber City, Gurugram"
REC004186,CASE0106,UPI,2023-09-04 20:00:00,quickcash16@ybl,ravi.k28@okhdfcbank,TXN533010,22000,N/A
REC004187,CASE0106,CDR,2023-09-05 04:00:00,+919827005316,+919855357093,356938093222075,412,"Connaught Place, Delhi"
REC004188,CASE0106,UPI,2023-09-05 13:00:00,quickcash16@ybl,ravi.k28@okhdfcbank,TXN863430,500,N/A
REC004189,CASE0106,UPI,2023-09-05 13:00:00,quickcash16@ybl,ravi.k28@okhdfcbank,TXN586060,15000,N/A
REC004190,CASE0106,UPI,2023-09-05 15:00:00,quickcash16@ybl,ravi.k28@okhdfcbank,TXN255318,3000,N/A
REC004191,CASE0106,CDR,2023-09-06 03:00:00,+919827005316,+919856613453,356938093222075,443,"Banjara Hills, Hyderabad"
REC004192,CASE0106,CDR,2023-09-06 04:00:00,+919827005316,+919857601710,356938093222075,370,"Whitefield, Bengaluru"
REC004193,CASE0106,CDR,2023-09-06 05:00:00,+919827005316,+919857601710,356938093222075,192,"Sector 15, Gurugram"
REC004194,CASE0106,UPI,2023-09-06 11:00:00,quickcash16@ybl,ravi.k28@okhdfcbank,TXN199916,48000,N/A
REC004195,CASE0106,CDR,2023-09-06 16:00:00,+919827005316,+919853675457,356938093222075,411,"Whitefield, Bengaluru"
REC004196,CASE0106,UPI,2023-09-06 20:00:00,quickcash16@ybl,ravi.k28@okhdfcbank,TXN126967,22000,N/A
REC004197,CASE0106,UPI,2023-09-07 03:00:00,ravi.k28@okhdfcbank,traders2442@ybl,TXN377522,48000,N/A
REC004198,CASE0106,UPI,2023-09-07 09:00:00,quickcash16@ybl,ravi.k28@okhdfcbank,TXN189265,7500,N/A
REC004199,CASE0106,CDR,2023-09-08 02:00:00,+919827005316,+919857601710,356938093222075,18,"Anna Nagar, Chennai"
REC004200,CASE0106,CDR,2023-09-08 22:00:00,+919827005316,+919857601710,356938093222075,438,"Salt Lake, Kolkata"
REC004201,CASE0106,CDR,2023-09-09 05:00:00,+919827005316,+919808857172,356938093222075,264,"Vaishali Nagar, Jaipur"
REC004202,CASE0106,UPI,2023-09-09 10:00:00,quickcash16@ybl,ravi.k28@okhdfcbank,TXN976330,3000,N/A
REC004203,CASE0106,CDR,2023-09-09 14:00:00,+919827005316,+919856613453,356938093222075,104,"Salt Lake, Kolkata"
REC004204,CASE0106,CDR,2023-09-09 14:00:00,+919827005316,+919857601710,356938093222075,66,"Salt Lake, Kolkata"
REC004205,CASE0106,CDR,2023-09-09 16:00:00,+919827005316,+919857601710,356938093222075,124,"Andheri East, Mumbai"
REC004206,CASE0106,CDR,2023-09-09 17:00:00,+919827005316,+919855357093,356938093222075,340,"Andheri East, Mumbai"
REC004207,CASE0106,UPI,2023-09-09 23:00:00,ravi.k28@okhdfcbank,citypay50@upi,TXN885800,7500,N/A
REC004208,CASE0106,UPI,2023-09-10 00:00:00,ravi.k28@okhdfcbank,traders2442@ybl,TXN962001,1200,N/A
REC004209,CASE0106,CDR,2023-09-10 03:00:00,+919827005316,+919857601710,356938093222075,152,"Salt Lake, Kolkata"
REC004210,CASE0106,CDR,2023-09-10 06:00:00,+919827005316,+919808857172,356938093222075,404,"Whitefield, Bengaluru"
REC004211,CASE0106,UPI,2023-09-10 18:00:00,ravi.k28@okhdfcbank,meera.s13@upi,TXN191293,7500,N/A
REC004212,CASE0106,CDR,2023-09-11 00:00:00,+919827005316,+919857552004,356938093222075,233,"Cyber City, Gurugram"
REC004213,CASE0106,CDR,2023-09-11 00:00:00,+919827005316,+919815960030,356938093222075,33,"Banjara Hills, Hyderabad"
REC004214,CASE0106,CDR,2023-09-11 06:00:00,+919827005316,+919857601710,356938093222075,272,"Anna Nagar, Chennai"
REC004215,CASE0106,UPI,2023-09-11 09:00:00,quickcash16@ybl,ravi.k28@okhdfcbank,TXN871302,500,N/A
REC004216,CASE0106,UPI,2023-09-11 11:00:00,ravi.k28@okhdfcbank,citypay50@upi,TXN182830,1200,N/A
REC004217,CASE0106,CDR,2023-09-11 12:00:00,+919827005316,+919855357093,356938093222075,259,"Sector 15, Gurugram"
REC004218,CASE0106,CDR,2023-09-11 17:00:00,+919827005316,+919855357093,356938093222075,109,"Andheri East, Mumbai"
REC004219,CASE0106,CDR,2023-09-12 06:00:00,+919827005316,+919856613453,356938093222075,25,"Kothrud, Pune"
REC004220,CASE0106,UPI,2023-09-12 15:00:00,quickcash16@ybl,ravi.k28@okhdfcbank,TXN608872,48000,N/A
REC004221,CASE0106,UPI,2023-09-12 16:00:00,quickcash16@ybl,ravi.k28@okhdfcbank,TXN104272,3000,N/A
REC004222,CASE0106,CDR,2023-09-13 17:00:00,+919827005316,+919857601710,356938093222075,178,"Connaught Place, Delhi"
REC004223,CASE0107,UPI,2024-04-04 01:00:00,nikhil.j93@paytm,sunita.d83@icb,TXN222623,7500,N/A
REC004224,CASE0107,CDR,2024-04-04 05:00:00,+919895292799,+919878506475,356938001953112,118,"Kothrud, Pune"
REC004225,CASE0107,UPI,2024-04-04 06:00:00,nikhil.j93@paytm,sunita.d83@icb,TXN998306,500,N/A
REC004226,CASE0107,UPI,2024-04-04 09:00:00,nikhil.j93@paytm,kavita.n44@icb,TXN466791,15000,N/A
REC004227,CASE0107,UPI,2024-04-04 12:00:00,nikhil.j93@paytm,kavita.n44@icb,TXN290146,7500,N/A
REC004228,CASE0107,CDR,2024-04-04 14:00:00,+919895292799,+919805010440,356938001953112,341,"Banjara Hills, Hyderabad"
REC004229,CASE0107,CDR,2024-04-04 14:00:00,+919895292799,+919894184949,356938001953112,170,"Cyber City, Gurugram"
REC004230,CASE0107,CDR,2024-04-04 18:00:00,+919895292799,+919805792859,356938001953112,89,"Whitefield, Bengaluru"
REC004231,CASE0107,CDR,2024-04-04 19:00:00,+919895292799,+919817291260,356938001953112,241,"Kothrud, Pune"
REC004232,CASE0107,CDR,2024-04-04 23:00:00,+919895292799,+919895826873,356938001953112,353,"Banjara Hills, Hyderabad"
REC004233,CASE0107,CDR,2024-04-05 12:00:00,+919895292799,+919805792859,356938001953112,343,"Kothrud, Pune"
REC004234,CASE0107,CDR,2024-04-05 22:00:00,+919895292799,+919878506475,356938001953112,307,"Connaught Place, Delhi"
REC004235,CASE0107,CDR,2024-04-06 06:00:00,+919895292799,+919894184949,356938001953112,34,"Kothrud, Pune"
REC004236,CASE0107,CDR,2024-04-06 07:00:00,+919895292799,+919894184949,356938001953112,62,"Andheri East, Mumbai"
REC004237,CASE0107,UPI,2024-04-06 08:00:00,pooja.b6@ybl,nikhil.j93@paytm,TXN223017,15000,N/A
REC004238,CASE0107,CDR,2024-04-06 15:00:00,+919895292799,+919805010440,356938001953112,278,"Whitefield, Bengaluru"
REC004239,CASE0107,CDR,2024-04-06 22:00:00,+919895292799,+919895826873,356938001953112,124,"Kothrud, Pune"
REC004240,CASE0107,CDR,2024-04-06 22:00:00,+919895292799,+919894184949,356938001953112,347,"Andheri East, Mumbai"
REC004241,CASE0107,CDR,2024-04-07 06:00:00,+919895292799,+919805792859,356938001953112,60,"Kothrud, Pune"
REC004242,CASE0107,UPI,2024-04-07 13:00:00,nikhil.j93@paytm,sunita.d83@icb,TXN405923,15000,N/A
REC004243,CASE0107,CDR,2024-04-07 18:00:00,+919895292799,+919893997048,356938001953112,353,"Whitefield, Bengaluru"
REC004244,CASE0107,CDR,2024-04-08 02:00:00,+919895292799,+919894184949,356938001953112,291,"Andheri East, Mumbai"
REC004245,CASE0107,CDR,2024-04-08 09:00:00,+919895292799,+919805010440,356938001953112,143,"Sector 15, Gurugram"
REC004246,CASE0107,CDR,2024-04-08 10:00:00,+919895292799,+919817291260,356938001953112,207,"Vaishali Nagar, Jaipur"
REC004247,CASE0107,UPI,2024-04-09 10:00:00,nikhil.j93@paytm,sunita.d17@paytm,TXN733229,1200,N/A
REC004248,CASE0107,UPI,2024-04-09 20:00:00,nikhil.j93@paytm,deepa.v28@okhdfcbank,TXN856245,48000,N/A
REC004249,CASE0107,UPI,2024-04-09 20:00:00,nikhil.j93@paytm,kavita.n44@icb,TXN932896,22000,N/A
REC004250,CASE0107,CDR,2024-04-09 21:00:00,+919895292799,+919805792859,356938001953112,331,"Banjara Hills, Hyderabad"
REC004251,CASE0107,CDR,2024-04-09 21:00:00,+919895292799,+919878506475,356938001953112,131,"Connaught Place, Delhi"
REC004252,CASE0107,CDR,2024-04-10 05:00:00,+919895292799,+919894184949,356938001953112,477,"Cyber City, Gurugram"
REC004253,CASE0107,CDR,2024-04-10 07:00:00,+919895292799,+919893997048,356938001953112,359,"Kothrud, Pune"
REC004254,CASE0107,CDR,2024-04-10 11:00:00,+919895292799,+919817291260,356938001953112,212,"Anna Nagar, Chennai"
REC004255,CASE0107,UPI,2024-04-10 13:00:00,nikhil.j93@paytm,deepa.v28@okhdfcbank,TXN626099,7500,N/A
REC004256,CASE0107,UPI,2024-04-10 15:00:00,nikhil.j93@paytm,sunita.d83@icb,TXN115081,15000,N/A
REC004257,CASE0107,UPI,2024-04-10 18:00:00,pooja.b6@ybl,nikhil.j93@paytm,TXN903310,48000,N/A
REC004258,CASE0107,UPI,2024-04-11 03:00:00,pooja.b6@ybl,nikhil.j93@paytm,TXN342018,7500,N/A
REC004259,CASE0107,UPI,2024-04-11 09:00:00,nikhil.j93@paytm,deepa.v28@okhdfcbank,TXN616557,500,N/A
REC004260,CASE0107,UPI,2024-04-11 12:00:00,nikhil.j93@paytm,sunita.d17@paytm,TXN743548,1200,N/A
REC004261,CASE0107,CDR,2024-04-11 19:00:00,+919895292799,+919805792859,356938001953112,228,"Andheri East, Mumbai"
REC004262,CASE0107,CDR,2024-04-11 22:00:00,+919895292799,+919805010440,356938001953112,384,"Andheri East, Mumbai"
REC004263,CASE0107,UPI,2024-04-12 08:00:00,nikhil.j93@paytm,kavita.n44@icb,TXN268868,7500,N/A
REC004264,CASE0107,UPI,2024-04-12 09:00:00,pooja.b6@ybl,nikhil.j93@paytm,TXN896904,7500,N/A
REC004265,CASE0107,CDR,2024-04-12 16:00:00,+919895292799,+919805792859,356938001953112,101,"Vaishali Nagar, Jaipur"
REC004266,CASE0107,UPI,2024-04-12 19:00:00,nikhil.j93@paytm,sunita.d17@paytm,TXN410129,15000,N/A
REC004267,CASE0107,UPI,2024-04-13 01:00:00,nikhil.j93@paytm,sunita.d83@icb,TXN577481,1200,N/A
REC004268,CASE0107,CDR,2024-04-13 17:00:00,+919895292799,+919805010440,356938001953112,100,"Cyber City, Gurugram"
REC004269,CASE0107,CDR,2024-04-13 18:00:00,+919895292799,+919893997048,356938001953112,431,"Andheri East, Mumbai"
REC004270,CASE0108,CDR,2024-04-25 02:00:00,+919880508962,+919807810556,356938087541707,435,"Kothrud, Pune"
REC004271,CASE0108,CDR,2024-04-25 09:00:00,+919880508962,+919832546823,356938087541707,70,"Connaught Place, Delhi"
REC004272,CASE0108,UPI,2024-04-25 12:00:00,sanjay.p35@ybl,meera.s62@upi,TXN865269,7500,N/A
REC004273,CASE0108,CDR,2024-04-25 17:00:00,+919880508962,+919807810556,356938087541707,306,"Salt Lake, Kolkata"
REC004274,CASE0108,CDR,2024-04-25 23:00:00,+919880508962,+919807810556,356938087541707,404,"Banjara Hills, Hyderabad"
REC004275,CASE0108,UPI,2024-04-26 00:00:00,sanjay.p35@ybl,amitpay83@paytm,TXN179600,500,N/A
REC004276,CASE0108,CDR,2024-04-26 11:00:00,+919880508962,+919830252486,356938087541707,329,"Banjara Hills, Hyderabad"
REC004277,CASE0108,UPI,2024-04-26 11:00:00,citypay38@upi,sanjay.p35@ybl,TXN334059,7500,N/A
REC004278,CASE0108,CDR,2024-04-26 17:00:00,+919880508962,+919878841938,356938087541707,54,"Andheri East, Mumbai"
REC004279,CASE0108,UPI,2024-04-27 23:00:00,sanjay.p35@ybl,amitpay83@paytm,TXN108109,15000,N/A
REC004280,CASE0108,UPI,2024-04-28 09:00:00,citypay38@upi,sanjay.p35@ybl,TXN783803,48000,N/A
REC004281,CASE0108,CDR,2024-04-28 10:00:00,+919880508962,+919824470534,356938087541707,499,"Connaught Place, Delhi"
REC004282,CASE0108,CDR,2024-04-28 19:00:00,+919880508962,+919830252486,356938087541707,89,"Banjara Hills, Hyderabad"
REC004283,CASE0108,UPI,2024-04-29 17:00:00,citypay38@upi,sanjay.p35@ybl,TXN761979,22000,N/A
REC004284,CASE0108,CDR,2024-04-29 23:00:00,+919880508962,+919832546823,356938087541707,163,"Salt Lake, Kolkata"
REC004285,CASE0108,CDR,2024-04-30 15:00:00,+919880508962,+919878841938,356938087541707,105,"Sector 15, Gurugram"
REC004286,CASE0108,UPI,2024-05-01 00:00:00,sanjay.p35@ybl,meera.s16@okhdfcbank,TXN987033,7500,N/A
REC004287,CASE0108,UPI,2024-05-01 18:00:00,citypay38@upi,sanjay.p35@ybl,TXN333300,3000,N/A
REC004288,CASE0108,CDR,2024-05-02 12:00:00,+919880508962,+919888875441,356938087541707,442,"Vaishali Nagar, Jaipur"
REC004289,CASE0108,CDR,2024-05-02 17:00:00,+919880508962,+919807810556,356938087541707,360,"Banjara Hills, Hyderabad"
REC004290,CASE0108,UPI,2024-05-02 17:00:00,citypay38@upi,sanjay.p35@ybl,TXN748649,1200,N/A
REC004291,CASE0108,UPI,2024-05-03 04:00:00,sanjay.p35@ybl,meera.s62@upi,TXN744235,22000,N/A
REC004292,CASE0108,CDR,2024-05-03 11:00:00,+919880508962,+919807810556,356938087541707,100,"Banjara Hills, Hyderabad"
REC004293,CASE0108,CDR,2024-05-03 16:00:00,+919880508962,+919830252486,356938087541707,198,"Vaishali Nagar, Jaipur"
REC004294,CASE0108,CDR,2024-05-03 20:00:00,+919880508962,+919830252486,356938087541707,88,"Connaught Place, Delhi"
REC004295,CASE0109,UPI,2024-09-19 01:00:00,anita.r76@ybl,meera.s86@icb,TXN362861,15000,N/A
REC004296,CASE0109,UPI,2024-09-19 04:00:00,anita.r76@ybl,meera.s86@icb,TXN928925,3000,N/A
REC004297,CASE0109,UPI,2024-09-19 07:00:00,rajesh.m58@icb,anita.r76@ybl,TXN269821,22000,N/A
REC004298,CASE0109,CDR,2024-09-19 09:00:00,+919808604500,+919889402356,356938081370247,395,"Vaishali Nagar, Jaipur"
REC004299,CASE0109,UPI,2024-09-19 10:00:00,rajesh.m58@icb,anita.r76@ybl,TXN616459,500,N/A
REC004300,CASE0109,UPI,2024-09-20 01:00:00,anita.r76@ybl,amitpay73@okhdfcbank,TXN888034,15000,N/A
REC004301,CASE0109,UPI,2024-09-20 04:00:00,anita.r76@ybl,amitpay73@okhdfcbank,TXN321094,500,N/A
REC004302,CASE0109,CDR,2024-09-20 08:00:00,+919808604500,+919854737722,356938081370247,327,"Connaught Place, Delhi"
REC004303,CASE0109,UPI,2024-09-20 11:00:00,rajesh.m58@icb,anita.r76@ybl,TXN365698,22000,N/A
REC004304,CASE0109,CDR,2024-09-20 13:00:00,+919808604500,+919811412008,356938081370247,100,"Banjara Hills, Hyderabad"
REC004305,CASE0109,CDR,2024-09-20 14:00:00,+919808604500,+919812121157,356938081370247,186,"Vaishali Nagar, Jaipur"
REC004306,CASE0109,UPI,2024-09-20 14:00:00,rajesh.m58@icb,anita.r76@ybl,TXN228184,500,N/A
REC004307,CASE0109,CDR,2024-09-20 16:00:00,+919808604500,+919812121157,356938081370247,413,"Andheri East, Mumbai"
REC004308,CASE0109,CDR,2024-09-20 17:00:00,+919808604500,+919812121157,356938081370247,17,"Kothrud, Pune"
REC004309,CASE0109,UPI,2024-09-21 07:00:00,rajesh.m58@icb,anita.r76@ybl,TXN123205,22000,N/A
REC004310,CASE0109,CDR,2024-09-21 14:00:00,+919808604500,+919889402356,356938081370247,230,"Whitefield, Bengaluru"
REC004311,CASE0109,CDR,2024-09-21 17:00:00,+919808604500,+919889402356,356938081370247,384,"Banjara Hills, Hyderabad"
REC004312,CASE0109,CDR,2024-09-21 22:00:00,+919808604500,+919812121157,356938081370247,126,"Andheri East, Mumbai"
REC004313,CASE0109,UPI,2024-09-21 22:00:00,rajesh.m58@icb,anita.r76@ybl,TXN791170,3000,N/A
REC004314,CASE0109,UPI,2024-09-22 00:00:00,anita.r76@ybl,amitpay73@okhdfcbank,TXN592924,22000,N/A
REC004315,CASE0109,UPI,2024-09-22 05:00:00,anita.r76@ybl,nikhil.j76@ybl,TXN429555,22000,N/A
REC004316,CASE0109,CDR,2024-09-22 06:00:00,+919808604500,+919895943575,356938081370247,372,"Kothrud, Pune"
REC004317,CASE0109,CDR,2024-09-22 07:00:00,+919808604500,+919816702815,356938081370247,48,"Connaught Place, Delhi"
REC004318,CASE0109,CDR,2024-09-22 08:00:00,+919808604500,+919854737722,356938081370247,256,"Anna Nagar, Chennai"
REC004319,CASE0109,UPI,2024-09-22 10:00:00,anita.r76@ybl,ravi.k85@upi,TXN616030,48000,N/A
REC004320,CASE0109,CDR,2024-09-22 21:00:00,+919808604500,+919895943575,356938081370247,125,"Andheri East, Mumbai"
REC004321,CASE0109,CDR,2024-09-22 23:00:00,+919808604500,+919895943575,356938081370247,484,"Kothrud, Pune"
REC004322,CASE0109,CDR,2024-09-23 00:00:00,+919808604500,+919816702815,356938081370247,120,"Connaught Place, Delhi"
REC004323,CASE0109,CDR,2024-09-23 07:00:00,+919808604500,+919816702815,356938081370247,106,"Andheri East, Mumbai"
REC004324,CASE0109,CDR,2024-09-23 12:00:00,+919808604500,+919811412008,356938081370247,227,"Cyber City, Gurugram"
REC004325,CASE0109,CDR,2024-09-24 02:00:00,+919808604500,+919811412008,356938081370247,242,"Salt Lake, Kolkata"
REC004326,CASE0109,CDR,2024-09-24 02:00:00,+919808604500,+919812121157,356938081370247,209,"Sector 15, Gurugram"
REC004327,CASE0109,CDR,2024-09-24 16:00:00,+919808604500,+919890913261,356938081370247,320,"Whitefield, Bengaluru"
REC004328,CASE0109,CDR,2024-09-24 16:00:00,+919808604500,+919854737722,356938081370247,472,"Whitefield, Bengaluru"
REC004329,CASE0109,UPI,2024-09-24 16:00:00,anita.r76@ybl,meera.s86@icb,TXN965997,22000,N/A
REC004330,CASE0109,CDR,2024-09-24 22:00:00,+919808604500,+919854737722,356938081370247,313,"Banjara Hills, Hyderabad"
REC004331,CASE0109,UPI,2024-09-25 01:00:00,rajesh.m58@icb,anita.r76@ybl,TXN333816,7500,N/A
REC004332,CASE0109,CDR,2024-09-25 06:00:00,+919808604500,+919816702815,356938081370247,67,"Anna Nagar, Chennai"
REC004333,CASE0109,CDR,2024-09-25 06:00:00,+919808604500,+919895943575,356938081370247,355,"Kothrud, Pune"
REC004334,CASE0109,CDR,2024-09-25 08:00:00,+919808604500,+919811412008,356938081370247,166,"Kothrud, Pune"
REC004335,CASE0109,UPI,2024-09-25 09:00:00,anita.r76@ybl,ravi.k85@upi,TXN650257,48000,N/A
REC004336,CASE0109,UPI,2024-09-26 00:00:00,rajesh.m58@icb,anita.r76@ybl,TXN309541,7500,N/A
REC004337,CASE0109,CDR,2024-09-26 13:00:00,+919808604500,+919816702815,356938081370247,26,"Sector 15, Gurugram"
REC004338,CASE0109,CDR,2024-09-26 15:00:00,+919808604500,+919816702815,356938081370247,268,"Cyber City, Gurugram"
REC004339,CASE0109,CDR,2024-09-26 19:00:00,+919808604500,+919895943575,356938081370247,222,"Connaught Place, Delhi"
REC004340,CASE0109,CDR,2024-09-26 20:00:00,+919808604500,+919889402356,356938081370247,347,"Sector 15, Gurugram"
REC004341,CASE0109,CDR,2024-09-27 04:00:00,+919808604500,+919854737722,356938081370247,444,"Connaught Place, Delhi"
REC004342,CASE0109,UPI,2024-09-27 14:00:00,rajesh.m58@icb,anita.r76@ybl,TXN968498,48000,N/A
REC004343,CASE0109,UPI,2024-09-27 23:00:00,anita.r76@ybl,nikhil.j76@ybl,TXN588339,15000,N/A
REC004344,CASE0109,CDR,2024-09-28 00:00:00,+919808604500,+919812121157,356938081370247,248,"Cyber City, Gurugram"
REC004345,CASE0109,CDR,2024-09-28 12:00:00,+919808604500,+919816702815,356938081370247,417,"Kothrud, Pune"
REC004346,CASE0109,UPI,2024-09-28 14:00:00,anita.r76@ybl,ravi.k85@upi,TXN716988,500,N/A
REC004347,CASE0110,CDR,2024-07-09 00:00:00,+919888563774,+919852570367,356938013690560,136,"Connaught Place, Delhi"
REC004348,CASE0110,UPI,2024-07-09 06:00:00,citypay70@okhdfcbank,nikhil.j21@ybl,TXN483130,500,N/A
REC004349,CASE0110,UPI,2024-07-09 07:00:00,nikhil.j21@ybl,sunita.d22@icb,TXN686586,500,N/A
REC004350,CASE0110,CDR,2024-07-09 13:00:00,+919888563774,+919860325590,356938013690560,214,"Kothrud, Pune"
REC004351,CASE0110,CDR,2024-07-10 01:00:00,+919888563774,+919819480466,356938013690560,333,"Banjara Hills, Hyderabad"
REC004352,CASE0110,CDR,2024-07-10 02:00:00,+919888563774,+919852570367,356938013690560,107,"Banjara Hills, Hyderabad"
REC004353,CASE0110,CDR,2024-07-10 22:00:00,+919888563774,+919852570367,356938013690560,91,"Andheri East, Mumbai"
REC004354,CASE0110,UPI,2024-07-11 07:00:00,citypay70@okhdfcbank,nikhil.j21@ybl,TXN930135,48000,N/A
REC004355,CASE0110,UPI,2024-07-11 10:00:00,citypay70@okhdfcbank,nikhil.j21@ybl,TXN778727,22000,N/A
REC004356,CASE0110,CDR,2024-07-13 07:00:00,+919888563774,+919860325590,356938013690560,346,"Salt Lake, Kolkata"
REC004357,CASE0110,CDR,2024-07-13 10:00:00,+919888563774,+919819480466,356938013690560,82,"Whitefield, Bengaluru"
REC004358,CASE0110,CDR,2024-07-13 20:00:00,+919888563774,+919852570367,356938013690560,67,"Kothrud, Pune"
REC004359,CASE0110,CDR,2024-07-14 01:00:00,+919888563774,+919843514110,356938013690560,252,"Salt Lake, Kolkata"
REC004360,CASE0110,UPI,2024-07-14 03:00:00,nikhil.j21@ybl,sunita.d22@icb,TXN534393,7500,N/A
REC004361,CASE0110,CDR,2024-07-14 14:00:00,+919888563774,+919860325590,356938013690560,447,"Kothrud, Pune"
REC004362,CASE0110,CDR,2024-07-14 21:00:00,+919888563774,+919843514110,356938013690560,341,"Vaishali Nagar, Jaipur"
REC004363,CASE0110,CDR,2024-07-15 11:00:00,+919888563774,+919852870654,356938013690560,387,"Connaught Place, Delhi"
REC004364,CASE0110,UPI,2024-07-15 19:00:00,nikhil.j21@ybl,deepa.v49@ybl,TXN657510,1200,N/A
REC004365,CASE0110,CDR,2024-07-16 00:00:00,+919888563774,+919843514110,356938013690560,447,"Cyber City, Gurugram"
REC004366,CASE0110,UPI,2024-07-16 17:00:00,nikhil.j21@ybl,deepa.v49@ybl,TXN342680,7500,N/A
REC004367,CASE0110,CDR,2024-07-17 03:00:00,+919888563774,+919852570367,356938013690560,318,"Vaishali Nagar, Jaipur"
REC004368,CASE0110,CDR,2024-07-17 18:00:00,+919888563774,+919869900882,356938013690560,311,"Cyber City, Gurugram"
REC004369,CASE0110,CDR,2024-07-17 20:00:00,+919888563774,+919852570367,356938013690560,301,"Kothrud, Pune"
REC004370,CASE0110,CDR,2024-07-17 20:00:00,+919888563774,+919819480466,356938013690560,350,"Andheri East, Mumbai"
REC004371,CASE0110,UPI,2024-07-17 22:00:00,nikhil.j21@ybl,sunita.d22@icb,TXN571080,1200,N/A
REC004372,CASE0110,CDR,2024-07-18 01:00:00,+919888563774,+919852570367,356938013690560,269,"Connaught Place, Delhi"
REC004373,CASE0110,UPI,2024-07-18 04:00:00,citypay70@okhdfcbank,nikhil.j21@ybl,TXN469619,7500,N/A
REC004374,CASE0110,CDR,2024-07-18 08:00:00,+919888563774,+919852870654,356938013690560,362,"Cyber City, Gurugram"
REC004375,CASE0110,CDR,2024-07-18 19:00:00,+919888563774,+919847839325,356938013690560,327,"Cyber City, Gurugram"
REC004376,CASE0111,CDR,2024-12-12 01:00:00,+919801887021,+919806343081,356938037322103,447,"Sector 15, Gurugram"
REC004377,CASE0111,CDR,2024-12-12 01:00:00,+919801887021,+919806343081,356938037322103,398,"Whitefield, Bengaluru"
REC004378,CASE0111,UPI,2024-12-12 03:00:00,sunita.d31@icb,rajesh.m91@icb,TXN967910,7500,N/A
REC004379,CASE0111,CDR,2024-12-12 10:00:00,+919801887021,+919899814204,356938037322103,226,"Anna Nagar, Chennai"
REC004380,CASE0111,CDR,2024-12-12 18:00:00,+919801887021,+919873226078,356938037322103,392,"Andheri East, Mumbai"
REC004381,CASE0111,CDR,2024-12-13 00:00:00,+919801887021,+919899879297,356938037322103,376,"Anna Nagar, Chennai"
REC004382,CASE0111,UPI,2024-12-13 05:00:00,sunita.d31@icb,vikram.t41@okhdfcbank,TXN259076,1200,N/A
REC004383,CASE0111,CDR,2024-12-13 06:00:00,+919801887021,+919873226078,356938037322103,438,"Anna Nagar, Chennai"
REC004384,CASE0111,CDR,2024-12-13 13:00:00,+919801887021,+919877270068,356938037322103,170,"Anna Nagar, Chennai"
REC004385,CASE0111,CDR,2024-12-13 16:00:00,+919801887021,+919899814204,356938037322103,106,"Kothrud, Pune"
REC004386,CASE0111,CDR,2024-12-14 03:00:00,+919801887021,+919873226078,356938037322103,472,"Kothrud, Pune"
REC004387,CASE0111,UPI,2024-12-14 05:00:00,sunita.d31@icb,vikram.t41@okhdfcbank,TXN371370,22000,N/A
REC004388,CASE0111,CDR,2024-12-14 10:00:00,+919801887021,+919899879297,356938037322103,211,"Anna Nagar, Chennai"
REC004389,CASE0111,CDR,2024-12-14 14:00:00,+919801887021,+919873226078,356938037322103,481,"Whitefield, Bengaluru"
REC004390,CASE0111,UPI,2024-12-14 16:00:00,nikhil.j60@upi,sunita.d31@icb,TXN766124,15000,N/A
REC004391,CASE0111,CDR,2024-12-14 21:00:00,+919801887021,+919809700476,356938037322103,275,"Andheri East, Mumbai"
REC004392,CASE0111,CDR,2024-12-15 01:00:00,+919801887021,+919873226078,356938037322103,169,"Connaught Place, Delhi"
REC004393,CASE0111,CDR,2024-12-15 01:00:00,+919801887021,+919806343081,356938037322103,419,"Whitefield, Bengaluru"
REC004394,CASE0111,UPI,2024-12-15 07:00:00,sunita.d31@icb,pooja.b52@icb,TXN579709,15000,N/A
REC004395,CASE0111,UPI,2024-12-15 07:00:00,sunita.d31@icb,rajesh.m91@icb,TXN200047,7500,N/A
REC004396,CASE0111,CDR,2024-12-15 13:00:00,+919801887021,+919873226078,356938037322103,194,"Andheri East, Mumbai"
REC004397,CASE0111,CDR,2024-12-16 05:00:00,+919801887021,+919899814204,356938037322103,241,"Andheri East, Mumbai"
REC004398,CASE0111,UPI,2024-12-16 06:00:00,sunita.d31@icb,nikhil.j13@paytm,TXN680131,15000,N/A
REC004399,CASE0111,CDR,2024-12-16 12:00:00,+919801887021,+919899814204,356938037322103,477,"Kothrud, Pune"
REC004400,CASE0111,CDR,2024-12-16 15:00:00,+919801887021,+919873226078,356938037322103,484,"Vaishali Nagar, Jaipur"
REC004401,CASE0111,CDR,2024-12-17 00:00:00,+919801887021,+919899879297,356938037322103,318,"Andheri East, Mumbai"
REC004402,CASE0111,CDR,2024-12-17 10:00:00,+919801887021,+919836056559,356938037322103,334,"Cyber City, Gurugram"
REC004403,CASE0111,UPI,2024-12-17 11:00:00,sunita.d31@icb,rajesh.m91@icb,TXN893028,48000,N/A
REC004404,CASE0111,CDR,2024-12-18 03:00:00,+919801887021,+919809700476,356938037322103,207,"Anna Nagar, Chennai"
REC004405,CASE0111,UPI,2024-12-18 10:00:00,sunita.d31@icb,pooja.b52@icb,TXN710957,15000,N/A
REC004406,CASE0111,UPI,2024-12-18 10:00:00,nikhil.j60@upi,sunita.d31@icb,TXN509975,1200,N/A
REC004407,CASE0111,CDR,2024-12-18 18:00:00,+919801887021,+919806343081,356938037322103,277,"Salt Lake, Kolkata"
REC004408,CASE0111,UPI,2024-12-18 18:00:00,sunita.d31@icb,nikhil.j13@paytm,TXN382517,1200,N/A
REC004409,CASE0111,UPI,2024-12-18 20:00:00,nikhil.j60@upi,sunita.d31@icb,TXN250801,3000,N/A
REC004410,CASE0111,CDR,2024-12-19 05:00:00,+919801887021,+919809700476,356938037322103,359,"Sector 15, Gurugram"
REC004411,CASE0111,UPI,2024-12-19 16:00:00,sunita.d31@icb,nikhil.j13@paytm,TXN722922,7500,N/A
REC004412,CASE0111,CDR,2024-12-19 19:00:00,+919801887021,+919899814204,356938037322103,142,"Connaught Place, Delhi"
REC004413,CASE0111,CDR,2024-12-20 01:00:00,+919801887021,+919899879297,356938037322103,361,"Kothrud, Pune"
REC004414,CASE0111,CDR,2024-12-20 03:00:00,+919801887021,+919899814204,356938037322103,343,"Kothrud, Pune"
REC004415,CASE0111,CDR,2024-12-20 04:00:00,+919801887021,+919899814204,356938037322103,197,"Connaught Place, Delhi"
REC004416,CASE0111,CDR,2024-12-20 11:00:00,+919801887021,+919809700476,356938037322103,95,"Andheri East, Mumbai"
REC004417,CASE0111,CDR,2024-12-20 14:00:00,+919801887021,+919809700476,356938037322103,25,"Banjara Hills, Hyderabad"
REC004418,CASE0111,UPI,2024-12-20 20:00:00,nikhil.j60@upi,sunita.d31@icb,TXN662963,48000,N/A
REC004419,CASE0111,CDR,2024-12-21 12:00:00,+919801887021,+919809700476,356938037322103,202,"Cyber City, Gurugram"
REC004420,CASE0111,CDR,2024-12-21 18:00:00,+919801887021,+919877270068,356938037322103,111,"Kothrud, Pune"
REC004421,CASE0112,UPI,2024-03-05 01:00:00,ravi.k9@icb,freshmart67@paytm,TXN444600,500,N/A
REC004422,CASE0112,CDR,2024-03-05 16:00:00,+919893289934,+919855187932,356938014040686,435,"Banjara Hills, Hyderabad"
REC004423,CASE0112,CDR,2024-03-06 10:00:00,+919893289934,+919829690856,356938014040686,73,"Banjara Hills, Hyderabad"
REC004424,CASE0112,UPI,2024-03-06 10:00:00,freshmart67@paytm,vikram.t11@paytm,TXN123645,7500,N/A
REC004425,CASE0112,CDR,2024-03-07 01:00:00,+919893289934,+919806095854,356938014040686,48,"Kothrud, Pune"
REC004426,CASE0112,UPI,2024-03-07 01:00:00,ravi.k9@icb,freshmart67@paytm,TXN560081,1200,N/A
REC004427,CASE0112,CDR,2024-03-07 06:00:00,+919893289934,+919848989894,356938014040686,203,"Connaught Place, Delhi"
REC004428,CASE0112,CDR,2024-03-07 06:00:00,+919893289934,+919848989894,356938014040686,118,"Anna Nagar, Chennai"
REC004429,CASE0112,UPI,2024-03-07 23:00:00,freshmart67@paytm,sunita.d27@ybl,TXN268807,22000,N/A
REC004430,CASE0112,UPI,2024-03-07 23:00:00,freshmart67@paytm,anita.r74@okhdfcbank,TXN327677,15000,N/A
REC004431,CASE0112,CDR,2024-03-08 05:00:00,+919893289934,+919892738308,356938014040686,480,"Whitefield, Bengaluru"
REC004432,CASE0112,UPI,2024-03-08 12:00:00,freshmart67@paytm,vikram.t11@paytm,TXN362055,48000,N/A
REC004433,CASE0112,CDR,2024-03-08 13:00:00,+919893289934,+919848989894,356938014040686,185,"Whitefield, Bengaluru"
REC004434,CASE0112,CDR,2024-03-08 14:00:00,+919893289934,+919806095854,356938014040686,53,"Salt Lake, Kolkata"
REC004435,CASE0112,CDR,2024-03-08 15:00:00,+919893289934,+919866085908,356938014040686,131,"Salt Lake, Kolkata"
REC004436,CASE0112,UPI,2024-03-08 21:00:00,freshmart67@paytm,anita.r74@okhdfcbank,TXN932899,48000,N/A
REC004437,CASE0112,CDR,2024-03-08 22:00:00,+919893289934,+919866085908,356938014040686,129,"Kothrud, Pune"
REC004438,CASE0112,UPI,2024-03-08 23:00:00,freshmart67@paytm,sunita.d27@ybl,TXN181436,3000,N/A
REC004439,CASE0112,UPI,2024-03-09 00:00:00,freshmart67@paytm,vikram.t11@paytm,TXN579339,3000,N/A
REC004440,CASE0112,CDR,2024-03-09 02:00:00,+919893289934,+919866085908,356938014040686,44,"Cyber City, Gurugram"
REC004441,CASE0112,CDR,2024-03-09 03:00:00,+919893289934,+919855187932,356938014040686,229,"Whitefield, Bengaluru"
REC004442,CASE0112,CDR,2024-03-09 08:00:00,+919893289934,+919892738308,356938014040686,224,"Kothrud, Pune"
REC004443,CASE0112,CDR,2024-03-09 10:00:00,+919893289934,+919866085908,356938014040686,418,"Anna Nagar, Chennai"
REC004444,CASE0112,UPI,2024-03-09 21:00:00,freshmart67@paytm,sunita.d27@ybl,TXN766459,3000,N/A
REC004445,CASE0112,UPI,2024-03-10 09:00:00,freshmart67@paytm,citypay34@okhdfcbank,TXN807623,22000,N/A
REC004446,CASE0112,UPI,2024-03-11 02:00:00,ravi.k9@icb,freshmart67@paytm,TXN543937,1200,N/A
REC004447,CASE0112,CDR,2024-03-11 06:00:00,+919893289934,+919892738308,356938014040686,320,"Andheri East, Mumbai"
REC004448,CASE0112,CDR,2024-03-11 11:00:00,+919893289934,+919866085908,356938014040686,34,"Cyber City, Gurugram"
REC004449,CASE0112,CDR,2024-03-12 07:00:00,+919893289934,+919851774705,356938014040686,272,"Whitefield, Bengaluru"
REC004450,CASE0112,CDR,2024-03-12 09:00:00,+919893289934,+919851774705,356938014040686,414,"Andheri East, Mumbai"
REC004451,CASE0112,CDR,2024-03-12 14:00:00,+919893289934,+919829690856,356938014040686,46,"Sector 15, Gurugram"
REC004452,CASE0112,CDR,2024-03-12 19:00:00,+919893289934,+919848989894,356938014040686,398,"Banjara Hills, Hyderabad"
REC004453,CASE0112,CDR,2024-03-12 19:00:00,+919893289934,+919866085908,356938014040686,468,"Banjara Hills, Hyderabad"
REC004454,CASE0112,CDR,2024-03-12 23:00:00,+919893289934,+919851774705,356938014040686,450,"Cyber City, Gurugram"
REC004455,CASE0112,UPI,2024-03-13 04:00:00,freshmart67@paytm,anita.r74@okhdfcbank,TXN538573,3000,N/A
REC004456,CASE0112,UPI,2024-03-13 22:00:00,freshmart67@paytm,sunita.d27@ybl,TXN149588,48000,N/A
REC004457,CASE0112,CDR,2024-03-13 23:00:00,+919893289934,+919806095854,356938014040686,50,"Kothrud, Pune"
REC004458,CASE0112,CDR,2024-03-14 00:00:00,+919893289934,+919855187932,356938014040686,459,"Banjara Hills, Hyderabad"
REC004459,CASE0112,UPI,2024-03-14 15:00:00,freshmart67@paytm,anita.r74@okhdfcbank,TXN831901,22000,N/A
REC004460,CASE0112,CDR,2024-03-14 17:00:00,+919893289934,+919848989894,356938014040686,139,"Whitefield, Bengaluru"
REC004461,CASE0112,CDR,2024-03-14 17:00:00,+919893289934,+919806095854,356938014040686,395,"Anna Nagar, Chennai"
REC004462,CASE0112,CDR,2024-03-14 19:00:00,+919893289934,+919866085908,356938014040686,457,"Banjara Hills, Hyderabad"
REC004463,CASE0112,UPI,2024-03-14 20:00:00,ravi.k9@icb,freshmart67@paytm,TXN473526,500,N/A
REC004464,CASE0112,CDR,2024-03-15 00:00:00,+919893289934,+919806095854,356938014040686,275,"Salt Lake, Kolkata"
REC004465,CASE0113,CDR,2024-04-07 09:00:00,+919849104000,+919894197412,356938093192050,16,"Connaught Place, Delhi"
REC004466,CASE0113,CDR,2024-04-07 11:00:00,+919849104000,+919829791147,356938093192050,97,"Whitefield, Bengaluru"
REC004467,CASE0113,UPI,2024-04-08 07:00:00,rahulk.scam@icb,freshmart59@ybl,TXN312924,1200,N/A
REC004468,CASE0113,CDR,2024-04-08 08:00:00,+919849104000,+919829791147,356938093192050,157,"Banjara Hills, Hyderabad"
REC004469,CASE0113,UPI,2024-04-08 12:00:00,amitpay6@paytm,rahulk.scam@icb,TXN527888,500,N/A
REC004470,CASE0113,UPI,2024-04-09 15:00:00,rahulk.scam@icb,vikas.traders@icb,TXN164525,500,N/A
REC004471,CASE0113,CDR,2024-04-09 20:00:00,+919849104000,+919879568190,356938093192050,85,"Sector 15, Gurugram"
REC004472,CASE0113,CDR,2024-04-10 05:00:00,+919849104000,+919845996018,356938093192050,340,"Banjara Hills, Hyderabad"
REC004473,CASE0113,UPI,2024-04-10 05:00:00,amitpay6@paytm,rahulk.scam@icb,TXN932409,22000,N/A
REC004474,CASE0113,CDR,2024-04-10 22:00:00,+919849104000,+919858404715,356938093192050,386,"Banjara Hills, Hyderabad"
REC004475,CASE0113,UPI,2024-04-11 01:00:00,amitpay6@paytm,rahulk.scam@icb,TXN679499,1200,N/A
REC004476,CASE0113,CDR,2024-04-11 06:00:00,+919849104000,+919863639245,356938093192050,407,"Banjara Hills, Hyderabad"
REC004477,CASE0113,UPI,2024-04-11 11:00:00,rahulk.scam@icb,deepa.v69@icb,TXN642040,48000,N/A
REC004478,CASE0113,CDR,2024-04-12 00:00:00,+919849104000,+919894197412,356938093192050,311,"Cyber City, Gurugram"
REC004479,CASE0113,CDR,2024-04-12 00:00:00,+919849104000,+919863639245,356938093192050,320,"Vaishali Nagar, Jaipur"
REC004480,CASE0113,UPI,2024-04-12 01:00:00,amitpay6@paytm,rahulk.scam@icb,TXN587106,15000,N/A
REC004481,CASE0113,CDR,2024-04-12 17:00:00,+919849104000,+919801977265,356938093192050,354,"Whitefield, Bengaluru"
REC004482,CASE0113,UPI,2024-04-12 20:00:00,amitpay6@paytm,rahulk.scam@icb,TXN792382,7500,N/A
REC004483,CASE0113,UPI,2024-04-12 23:00:00,rahulk.scam@icb,vikas.traders@icb,TXN392248,1200,N/A
REC004484,CASE0113,CDR,2024-04-13 09:00:00,+919849104000,+919829791147,356938093192050,277,"Banjara Hills, Hyderabad"
REC004485,CASE0113,UPI,2024-04-13 10:00:00,amitpay6@paytm,rahulk.scam@icb,TXN564396,15000,N/A
REC004486,CASE0113,UPI,2024-04-13 14:00:00,rahulk.scam@icb,nikhil.j7@upi,TXN606381,15000,N/A
REC004487,CASE0113,UPI,2024-04-14 08:00:00,rahulk.scam@icb,freshmart59@ybl,TXN655626,48000,N/A
REC004488,CASE0113,CDR,2024-04-14 11:00:00,+919849104000,+919829791147,356938093192050,332,"Banjara Hills, Hyderabad"
REC004489,CASE0113,CDR,2024-04-14 11:00:00,+919849104000,+919894197412,356938093192050,498,"Connaught Place, Delhi"
REC004490,CASE0113,CDR,2024-04-15 02:00:00,+919849104000,+919858404715,356938093192050,464,"Kothrud, Pune"
REC004491,CASE0113,CDR,2024-04-15 03:00:00,+919849104000,+919863639245,356938093192050,147,"Salt Lake, Kolkata"
REC004492,CASE0113,UPI,2024-04-15 11:00:00,amitpay6@paytm,rahulk.scam@icb,TXN836345,3000,N/A
REC004493,CASE0113,CDR,2024-04-15 18:00:00,+919849104000,+919801977265,356938093192050,339,"Vaishali Nagar, Jaipur"
REC004494,CASE0114,CDR,2025-06-16 00:00:00,+919853072771,+919893181551,356938076059833,169,"Connaught Place, Delhi"
REC004495,CASE0114,CDR,2025-06-16 01:00:00,+919853072771,+919810466865,356938076059833,368,"Sector 15, Gurugram"
REC004496,CASE0114,UPI,2025-06-16 14:00:00,freshmart5@paytm,sunita.d9@ybl,TXN345924,1200,N/A
REC004497,CASE0114,UPI,2025-06-16 18:00:00,sunita.d9@ybl,nikhil.j42@icb,TXN630849,48000,N/A
REC004498,CASE0114,UPI,2025-06-16 18:00:00,sunita.d9@ybl,ravi.k33@paytm,TXN592701,1200,N/A
REC004499,CASE0114,CDR,2025-06-17 00:00:00,+919853072771,+919893181551,356938076059833,219,"Kothrud, Pune"
REC004500,CASE0114,CDR,2025-06-17 05:00:00,+919853072771,+919886188828,356938076059833,170,"Vaishali Nagar, Jaipur"
REC004501,CASE0114,CDR,2025-06-17 08:00:00,+919853072771,+919815222872,356938076059833,426,"Banjara Hills, Hyderabad"
REC004502,CASE0114,CDR,2025-06-17 09:00:00,+919853072771,+919810466865,356938076059833,114,"Whitefield, Bengaluru"
REC004503,CASE0114,UPI,2025-06-18 02:00:00,freshmart5@paytm,sunita.d9@ybl,TXN893352,15000,N/A
REC004504,CASE0114,CDR,2025-06-18 06:00:00,+919853072771,+919815222872,356938076059833,200,"Andheri East, Mumbai"
REC004505,CASE0114,CDR,2025-06-18 08:00:00,+919853072771,+919870446402,356938076059833,143,"Connaught Place, Delhi"
REC004506,CASE0114,CDR,2025-06-18 13:00:00,+919853072771,+919815222872,356938076059833,212,"Whitefield, Bengaluru"
REC004507,CASE0114,UPI,2025-06-20 00:00:00,sunita.d9@ybl,ravi.k33@paytm,TXN392058,3000,N/A
REC004508,CASE0114,UPI,2025-06-20 04:00:00,sunita.d9@ybl,amitpay51@icb,TXN605863,1200,N/A
REC004509,CASE0114,UPI,2025-06-20 08:00:00,sunita.d9@ybl,amitpay51@icb,TXN224685,500,N/A
REC004510,CASE0114,UPI,2025-06-20 20:00:00,freshmart5@paytm,sunita.d9@ybl,TXN543812,1200,N/A
REC004511,CASE0114,CDR,2025-06-20 23:00:00,+919853072771,+919886188828,356938076059833,70,"Andheri East, Mumbai"
REC004512,CASE0114,CDR,2025-06-21 05:00:00,+919853072771,+919854872841,356938076059833,174,"Banjara Hills, Hyderabad"
REC004513,CASE0114,UPI,2025-06-21 11:00:00,sunita.d9@ybl,amitpay51@icb,TXN334257,48000,N/A
REC004514,CASE0114,CDR,2025-06-21 12:00:00,+919853072771,+919886188828,356938076059833,265,"Salt Lake, Kolkata"
REC004515,CASE0114,UPI,2025-06-21 23:00:00,sunita.d9@ybl,ravi.k33@paytm,TXN873792,22000,N/A
REC004516,CASE0114,UPI,2025-06-22 03:00:00,freshmart5@paytm,sunita.d9@ybl,TXN444038,500,N/A
REC004517,CASE0114,CDR,2025-06-22 05:00:00,+919853072771,+919854872841,356938076059833,78,"Salt Lake, Kolkata"
REC004518,CASE0114,CDR,2025-06-22 09:00:00,+919853072771,+919854872841,356938076059833,97,"Andheri East, Mumbai"
REC004519,CASE0114,CDR,2025-06-22 12:00:00,+919853072771,+919877700394,356938076059833,390,"Cyber City, Gurugram"
REC004520,CASE0114,CDR,2025-06-23 05:00:00,+919853072771,+919815222872,356938076059833,491,"Whitefield, Bengaluru"
REC004521,CASE0114,UPI,2025-06-23 05:00:00,freshmart5@paytm,sunita.d9@ybl,TXN695592,1200,N/A
REC004522,CASE0114,CDR,2025-06-23 16:00:00,+919853072771,+919854872841,356938076059833,314,"Connaught Place, Delhi"
REC004523,CASE0114,CDR,2025-06-23 17:00:00,+919853072771,+919810466865,356938076059833,352,"Salt Lake, Kolkata"
REC004524,CASE0114,UPI,2025-06-23 18:00:00,sunita.d9@ybl,nikhil.j42@icb,TXN567236,500,N/A
REC004525,CASE0114,CDR,2025-06-24 19:00:00,+919853072771,+919815222872,356938076059833,324,"Whitefield, Bengaluru"
REC004526,CASE0114,CDR,2025-06-25 14:00:00,+919853072771,+919854872841,356938076059833,160,"Banjara Hills, Hyderabad"
REC004527,CASE0114,UPI,2025-06-26 00:00:00,freshmart5@paytm,sunita.d9@ybl,TXN480684,1200,N/A
REC004528,CASE0115,CDR,2024-04-05 14:00:00,+919821480640,+919800947123,356938074216605,359,"Connaught Place, Delhi"
REC004529,CASE0115,CDR,2024-04-05 20:00:00,+919821480640,+919873310537,356938074216605,89,"Whitefield, Bengaluru"
REC004530,CASE0115,CDR,2024-04-05 23:00:00,+919821480640,+919843786158,356938074216605,86,"Whitefield, Bengaluru"
REC004531,CASE0115,UPI,2024-04-06 03:00:00,freshmart4@paytm,sanjay.p56@okhdfcbank,TXN764797,1200,N/A
REC004532,CASE0115,CDR,2024-04-06 07:00:00,+919821480640,+919854426479,356938074216605,59,"Kothrud, Pune"
REC004533,CASE0115,CDR,2024-04-06 09:00:00,+919821480640,+919854872687,356938074216605,186,"Andheri East, Mumbai"
REC004534,CASE0115,UPI,2024-04-06 09:00:00,freshmart4@paytm,sanjay.p56@okhdfcbank,TXN876919,22000,N/A
REC004535,CASE0115,UPI,2024-04-07 03:00:00,freshmart4@paytm,sanjay.p56@okhdfcbank,TXN370294,15000,N/A
REC004536,CASE0115,CDR,2024-04-07 07:00:00,+919821480640,+919814541365,356938074216605,245,"Anna Nagar, Chennai"
REC004537,CASE0115,UPI,2024-04-07 11:00:00,sanjay.p56@okhdfcbank,meera.s77@upi,TXN139060,7500,N/A
REC004538,CASE0115,CDR,2024-04-07 17:00:00,+919821480640,+919800675313,356938074216605,417,"Kothrud, Pune"
REC004539,CASE0115,CDR,2024-04-08 06:00:00,+919821480640,+919854872687,356938074216605,100,"Vaishali Nagar, Jaipur"
REC004540,CASE0115,CDR,2024-04-08 11:00:00,+919821480640,+919800947123,356938074216605,148,"Cyber City, Gurugram"
REC004541,CASE0115,CDR,2024-04-09 23:00:00,+919821480640,+919843786158,356938074216605,443,"Vaishali Nagar, Jaipur"
REC004542,CASE0115,CDR,2024-04-10 02:00:00,+919821480640,+919814541365,356938074216605,64,"Andheri East, Mumbai"
REC004543,CASE0115,CDR,2024-04-10 13:00:00,+919821480640,+919873310537,356938074216605,414,"Anna Nagar, Chennai"
REC004544,CASE0115,UPI,2024-04-10 15:00:00,freshmart4@paytm,sanjay.p56@okhdfcbank,TXN500065,500,N/A
REC004545,CASE0115,UPI,2024-04-10 16:00:00,freshmart4@paytm,sanjay.p56@okhdfcbank,TXN363813,15000,N/A
REC004546,CASE0115,UPI,2024-04-10 20:00:00,sanjay.p56@okhdfcbank,ravi.k83@ybl,TXN298878,3000,N/A
REC004547,CASE0115,CDR,2024-04-11 02:00:00,+919821480640,+919814541365,356938074216605,418,"Sector 15, Gurugram"
REC004548,CASE0115,UPI,2024-04-12 06:00:00,sanjay.p56@okhdfcbank,ravi.k83@ybl,TXN991694,22000,N/A
REC004549,CASE0115,CDR,2024-04-12 18:00:00,+919821480640,+919843786158,356938074216605,235,"Kothrud, Pune"
REC004550,CASE0115,CDR,2024-04-12 21:00:00,+919821480640,+919814541365,356938074216605,225,"Anna Nagar, Chennai"
REC004551,CASE0115,UPI,2024-04-13 02:00:00,sanjay.p56@okhdfcbank,meera.s77@upi,TXN799098,3000,N/A
REC004552,CASE0115,UPI,2024-04-13 09:00:00,sanjay.p56@okhdfcbank,meera.s77@upi,TXN958016,3000,N/A
REC004553,CASE0115,CDR,2024-04-13 16:00:00,+919821480640,+919873310537,356938074216605,119,"Whitefield, Bengaluru"
REC004554,CASE0115,UPI,2024-04-13 17:00:00,freshmart4@paytm,sanjay.p56@okhdfcbank,TXN448539,22000,N/A
REC004555,CASE0115,UPI,2024-04-13 22:00:00,sanjay.p56@okhdfcbank,pooja.b79@okhdfcbank,TXN619118,22000,N/A
REC004556,CASE0115,CDR,2024-04-14 01:00:00,+919821480640,+919854426479,356938074216605,379,"Kothrud, Pune"
REC004557,CASE0115,CDR,2024-04-14 14:00:00,+919821480640,+919854872687,356938074216605,285,"Connaught Place, Delhi"
REC004558,CASE0115,UPI,2024-04-14 20:00:00,sanjay.p56@okhdfcbank,ravi.k65@paytm,TXN152714,22000,N/A
REC004559,CASE0116,CDR,2023-06-16 12:00:00,+919860988662,+919805379074,356938094395071,223,"Banjara Hills, Hyderabad"
REC004560,CASE0116,UPI,2023-06-16 18:00:00,meera.s53@paytm,sanjay.p21@okhdfcbank,TXN835334,3000,N/A
REC004561,CASE0116,CDR,2023-06-17 06:00:00,+919860988662,+919805379074,356938094395071,93,"Andheri East, Mumbai"
REC004562,CASE0116,UPI,2023-06-17 07:00:00,traders2475@okhdfcbank,meera.s53@paytm,TXN170180,7500,N/A
REC004563,CASE0116,CDR,2023-06-17 14:00:00,+919860988662,+919817263068,356938094395071,408,"Connaught Place, Delhi"
REC004564,CASE0116,UPI,2023-06-18 01:00:00,traders2475@okhdfcbank,meera.s53@paytm,TXN684073,22000,N/A
REC004565,CASE0116,CDR,2023-06-18 04:00:00,+919860988662,+919828661670,356938094395071,408,"Cyber City, Gurugram"
REC004566,CASE0116,CDR,2023-06-18 05:00:00,+919860988662,+919801466506,356938094395071,406,"Kothrud, Pune"
REC004567,CASE0116,UPI,2023-06-18 14:00:00,traders2475@okhdfcbank,meera.s53@paytm,TXN559054,15000,N/A
REC004568,CASE0116,CDR,2023-06-18 17:00:00,+919860988662,+919805379074,356938094395071,38,"Whitefield, Bengaluru"
REC004569,CASE0116,UPI,2023-06-18 18:00:00,meera.s53@paytm,quickcash66@okhdfcbank,TXN684052,1200,N/A
REC004570,CASE0116,CDR,2023-06-18 20:00:00,+919860988662,+919817263068,356938094395071,385,"Anna Nagar, Chennai"
REC004571,CASE0116,CDR,2023-06-18 22:00:00,+919860988662,+919858551565,356938094395071,82,"Sector 15, Gurugram"
REC004572,CASE0116,CDR,2023-06-19 01:00:00,+919860988662,+919805379074,356938094395071,311,"Connaught Place, Delhi"
REC004573,CASE0116,UPI,2023-06-19 08:00:00,meera.s53@paytm,pooja.b4@ybl,TXN174098,7500,N/A
REC004574,CASE0116,CDR,2023-06-19 10:00:00,+919860988662,+919887993135,356938094395071,363,"Connaught Place, Delhi"
REC004575,CASE0116,CDR,2023-06-19 14:00:00,+919860988662,+919858551565,356938094395071,138,"Kothrud, Pune"
REC004576,CASE0116,CDR,2023-06-19 18:00:00,+919860988662,+919817263068,356938094395071,69,"Andheri East, Mumbai"
REC004577,CASE0116,CDR,2023-06-19 18:00:00,+919860988662,+919805379074,356938094395071,165,"Vaishali Nagar, Jaipur"
REC004578,CASE0116,CDR,2023-06-19 19:00:00,+919860988662,+919804198980,356938094395071,350,"Salt Lake, Kolkata"
REC004579,CASE0116,CDR,2023-06-19 20:00:00,+919860988662,+919801466506,356938094395071,278,"Banjara Hills, Hyderabad"
REC004580,CASE0116,CDR,2023-06-19 23:00:00,+919860988662,+919858551565,356938094395071,441,"Connaught Place, Delhi"
REC004581,CASE0116,UPI,2023-06-20 01:00:00,meera.s53@paytm,sanjay.p21@okhdfcbank,TXN611522,7500,N/A
REC004582,CASE0116,UPI,2023-06-20 19:00:00,traders2475@okhdfcbank,meera.s53@paytm,TXN159407,22000,N/A
REC004583,CASE0116,CDR,2023-06-20 21:00:00,+919860988662,+919858551565,356938094395071,58,"Banjara Hills, Hyderabad"
REC004584,CASE0116,UPI,2023-06-20 23:00:00,meera.s53@paytm,kavita.n27@ybl,TXN996666,7500,N/A
REC004585,CASE0116,CDR,2023-06-21 01:00:00,+919860988662,+919817263068,356938094395071,439,"Anna Nagar, Chennai"
REC004586,CASE0116,UPI,2023-06-21 02:00:00,traders2475@okhdfcbank,meera.s53@paytm,TXN857915,15000,N/A
REC004587,CASE0116,CDR,2023-06-21 10:00:00,+919860988662,+919858551565,356938094395071,461,"Whitefield, Bengaluru"
REC004588,CASE0116,CDR,2023-06-21 13:00:00,+919860988662,+919805379074,356938094395071,438,"Andheri East, Mumbai"
REC004589,CASE0116,UPI,2023-06-21 14:00:00,meera.s53@paytm,pooja.b4@ybl,TXN908097,7500,N/A
REC004590,CASE0116,CDR,2023-06-21 18:00:00,+919860988662,+919801466506,356938094395071,322,"Vaishali Nagar, Jaipur"
REC004591,CASE0116,UPI,2023-06-21 21:00:00,traders2475@okhdfcbank,meera.s53@paytm,TXN183617,1200,N/A
REC004592,CASE0116,CDR,2023-06-21 22:00:00,+919860988662,+919858551565,356938094395071,131,"Vaishali Nagar, Jaipur"
REC004593,CASE0116,UPI,2023-06-22 00:00:00,meera.s53@paytm,pooja.b4@ybl,TXN944603,15000,N/A
REC004594,CASE0116,UPI,2023-06-22 09:00:00,traders2475@okhdfcbank,meera.s53@paytm,TXN410013,22000,N/A
REC004595,CASE0116,CDR,2023-06-22 15:00:00,+919860988662,+919828661670,356938094395071,92,"Andheri East, Mumbai"
REC004596,CASE0116,UPI,2023-06-22 18:00:00,traders2475@okhdfcbank,meera.s53@paytm,TXN101380,500,N/A
REC004597,CASE0116,CDR,2023-06-22 22:00:00,+919860988662,+919804198980,356938094395071,193,"Salt Lake, Kolkata"
REC004598,CASE0116,CDR,2023-06-23 03:00:00,+919860988662,+919828661670,356938094395071,137,"Banjara Hills, Hyderabad"
REC004599,CASE0116,CDR,2023-06-23 18:00:00,+919860988662,+919828661670,356938094395071,100,"Kothrud, Pune"
REC004600,CASE0116,CDR,2023-06-23 22:00:00,+919860988662,+919801466506,356938094395071,238,"Salt Lake, Kolkata"
REC004601,CASE0116,CDR,2023-06-24 03:00:00,+919860988662,+919817263068,356938094395071,131,"Anna Nagar, Chennai"
REC004602,CASE0116,CDR,2023-06-24 20:00:00,+919860988662,+919801466506,356938094395071,233,"Sector 15, Gurugram"
REC004603,CASE0116,CDR,2023-06-25 18:00:00,+919860988662,+919828661670,356938094395071,173,"Sector 15, Gurugram"
REC004604,CASE0116,CDR,2023-06-26 00:00:00,+919860988662,+919817263068,356938094395071,479,"Sector 15, Gurugram"
REC004605,CASE0117,UPI,2024-04-08 01:00:00,kavita.n62@upi,traders2475@okhdfcbank,TXN247065,22000,N/A
REC004606,CASE0117,CDR,2024-04-08 22:00:00,+919818250868,+919885151645,356938042637974,347,"Salt Lake, Kolkata"
REC004607,CASE0117,UPI,2024-04-08 22:00:00,nikhil.j5@ybl,kavita.n62@upi,TXN913512,500,N/A
REC004608,CASE0117,UPI,2024-04-09 15:00:00,kavita.n62@upi,sanjay.p18@upi,TXN936634,7500,N/A
REC004609,CASE0117,CDR,2024-04-09 18:00:00,+919818250868,+919849382184,356938042637974,353,"Connaught Place, Delhi"
REC004610,CASE0117,CDR,2024-04-10 04:00:00,+919818250868,+919849382184,356938042637974,455,"Whitefield, Bengaluru"
REC004611,CASE0117,CDR,2024-04-10 06:00:00,+919818250868,+919849382184,356938042637974,247,"Kothrud, Pune"
REC004612,CASE0117,CDR,2024-04-10 09:00:00,+919818250868,+919830381568,356938042637974,491,"Sector 15, Gurugram"
REC004613,CASE0117,CDR,2024-04-10 11:00:00,+919818250868,+919858675375,356938042637974,477,"Andheri East, Mumbai"
REC004614,CASE0117,CDR,2024-04-10 15:00:00,+919818250868,+919825407277,356938042637974,484,"Anna Nagar, Chennai"
REC004615,CASE0117,CDR,2024-04-10 23:00:00,+919818250868,+919830381568,356938042637974,480,"Anna Nagar, Chennai"
REC004616,CASE0117,UPI,2024-04-11 00:00:00,kavita.n62@upi,traders2475@okhdfcbank,TXN433497,48000,N/A
REC004617,CASE0117,CDR,2024-04-12 22:00:00,+919818250868,+919829086622,356938042637974,176,"Anna Nagar, Chennai"
REC004618,CASE0117,UPI,2024-04-13 05:00:00,kavita.n62@upi,traders2475@okhdfcbank,TXN229925,22000,N/A
REC004619,CASE0117,CDR,2024-04-13 07:00:00,+919818250868,+919829086622,356938042637974,213,"Andheri East, Mumbai"
REC004620,CASE0117,CDR,2024-04-13 16:00:00,+919818250868,+919829086622,356938042637974,356,"Sector 15, Gurugram"
REC004621,CASE0117,UPI,2024-04-14 06:00:00,nikhil.j5@ybl,kavita.n62@upi,TXN656358,48000,N/A
REC004622,CASE0117,UPI,2024-04-14 14:00:00,nikhil.j5@ybl,kavita.n62@upi,TXN441072,500,N/A
REC004623,CASE0117,CDR,2024-04-14 18:00:00,+919818250868,+919825407277,356938042637974,119,"Whitefield, Bengaluru"
REC004624,CASE0117,CDR,2024-04-14 22:00:00,+919818250868,+919829086622,356938042637974,134,"Kothrud, Pune"
REC004625,CASE0117,UPI,2024-04-15 01:00:00,nikhil.j5@ybl,kavita.n62@upi,TXN324876,1200,N/A
REC004626,CASE0117,CDR,2024-04-15 04:00:00,+919818250868,+919849382184,356938042637974,96,"Vaishali Nagar, Jaipur"
REC004627,CASE0117,CDR,2024-04-15 08:00:00,+919818250868,+919849382184,356938042637974,109,"Banjara Hills, Hyderabad"
REC004628,CASE0117,UPI,2024-04-15 13:00:00,kavita.n62@upi,sanjay.p18@upi,TXN623060,7500,N/A
REC004629,CASE0117,CDR,2024-04-16 07:00:00,+919818250868,+919858675375,356938042637974,493,"Whitefield, Bengaluru"
REC004630,CASE0117,UPI,2024-04-16 07:00:00,kavita.n62@upi,traders2475@okhdfcbank,TXN524569,15000,N/A
REC004631,CASE0117,UPI,2024-04-16 14:00:00,nikhil.j5@ybl,kavita.n62@upi,TXN216595,22000,N/A
REC004632,CASE0117,UPI,2024-04-16 21:00:00,kavita.n62@upi,traders2475@okhdfcbank,TXN747182,7500,N/A
REC004633,CASE0117,UPI,2024-04-16 22:00:00,kavita.n62@upi,amitpay79@icb,TXN794438,7500,N/A
REC004634,CASE0117,UPI,2024-04-17 09:00:00,nikhil.j5@ybl,kavita.n62@upi,TXN119246,48000,N/A
REC004635,CASE0117,CDR,2024-04-17 12:00:00,+919818250868,+919820627896,356938042637974,125,"Banjara Hills, Hyderabad"
REC004636,CASE0118,CDR,2025-01-27 03:00:00,+919859834185,+919854776378,356938037348074,450,"Sector 15, Gurugram"
REC004637,CASE0118,CDR,2025-01-27 17:00:00,+919859834185,+919878532205,356938037348074,68,"Vaishali Nagar, Jaipur"
REC004638,CASE0118,UPI,2025-01-27 17:00:00,freshmart36@paytm,quickcash71@okhdfcbank,TXN777998,500,N/A
REC004639,CASE0118,CDR,2025-01-28 17:00:00,+919859834185,+919848137060,356938037348074,199,"Kothrud, Pune"
REC004640,CASE0118,CDR,2025-01-30 06:00:00,+919859834185,+919854641946,356938037348074,446,"Salt Lake, Kolkata"
REC004641,CASE0118,CDR,2025-01-30 18:00:00,+919859834185,+919848137060,356938037348074,107,"Anna Nagar, Chennai"
REC004642,CASE0118,CDR,2025-01-31 01:00:00,+919859834185,+919880466437,356938037348074,343,"Cyber City, Gurugram"
REC004643,CASE0118,UPI,2025-01-31 04:00:00,freshmart36@paytm,quickcash71@okhdfcbank,TXN905929,48000,N/A
REC004644,CASE0118,CDR,2025-01-31 20:00:00,+919859834185,+919878532205,356938037348074,141,"Sector 15, Gurugram"
REC004645,CASE0118,UPI,2025-02-01 07:00:00,freshmart36@paytm,quickcash71@okhdfcbank,TXN595444,7500,N/A
REC004646,CASE0118,UPI,2025-02-01 10:00:00,freshmart36@paytm,quickcash71@okhdfcbank,TXN674915,1200,N/A
REC004647,CASE0118,CDR,2025-02-02 00:00:00,+919859834185,+919854641946,356938037348074,429,"Andheri East, Mumbai"
REC004648,CASE0118,UPI,2025-02-02 06:00:00,quickcash71@okhdfcbank,freshmart8@icb,TXN116965,1200,N/A
REC004649,CASE0118,CDR,2025-02-02 08:00:00,+919859834185,+919854776378,356938037348074,245,"Cyber City, Gurugram"
REC004650,CASE0118,CDR,2025-02-02 12:00:00,+919859834185,+919854776378,356938037348074,259,"Banjara Hills, Hyderabad"
REC004651,CASE0118,UPI,2025-02-02 14:00:00,quickcash71@okhdfcbank,sunita.d42@icb,TXN555103,7500,N/A
REC004652,CASE0118,CDR,2025-02-02 20:00:00,+919859834185,+919854776378,356938037348074,365,"Andheri East, Mumbai"
REC004653,CASE0118,UPI,2025-02-03 17:00:00,quickcash71@okhdfcbank,kavita.n35@ybl,TXN365172,1200,N/A
REC004654,CASE0118,CDR,2025-02-04 02:00:00,+919859834185,+919854641946,356938037348074,205,"Salt Lake, Kolkata"
REC004655,CASE0118,UPI,2025-02-04 04:00:00,freshmart36@paytm,quickcash71@okhdfcbank,TXN727753,3000,N/A
REC004656,CASE0118,UPI,2025-02-04 19:00:00,freshmart36@paytm,quickcash71@okhdfcbank,TXN411759,500,N/A
REC004657,CASE0118,UPI,2025-02-05 11:00:00,quickcash71@okhdfcbank,freshmart8@icb,TXN931683,3000,N/A
REC004658,CASE0118,CDR,2025-02-05 13:00:00,+919859834185,+919878532205,356938037348074,295,"Kothrud, Pune"
REC004659,CASE0119,CDR,2023-08-19 04:00:00,+919827012297,+919805545510,356938026847010,425,"Whitefield, Bengaluru"
REC004660,CASE0119,CDR,2023-08-19 18:00:00,+919827012297,+919885281174,356938026847010,258,"Sector 15, Gurugram"
REC004661,CASE0119,UPI,2023-08-19 23:00:00,pooja.b78@icb,freshmart10@upi,TXN471783,1200,N/A
REC004662,CASE0119,CDR,2023-08-20 03:00:00,+919827012297,+919864860168,356938026847010,420,"Banjara Hills, Hyderabad"
REC004663,CASE0119,CDR,2023-08-20 11:00:00,+919827012297,+919864026454,356938026847010,246,"Cyber City, Gurugram"
REC004664,CASE0119,UPI,2023-08-21 00:00:00,freshmart10@upi,citypay76@paytm,TXN991281,3000,N/A
REC004665,CASE0119,CDR,2023-08-21 08:00:00,+919827012297,+919885281174,356938026847010,453,"Sector 15, Gurugram"
REC004666,CASE0119,UPI,2023-08-21 15:00:00,freshmart10@upi,ravi.k10@icb,TXN237501,3000,N/A
REC004667,CASE0119,CDR,2023-08-21 17:00:00,+919827012297,+919885281174,356938026847010,411,"Connaught Place, Delhi"
REC004668,CASE0119,CDR,2023-08-21 19:00:00,+919827012297,+919864026454,356938026847010,164,"Andheri East, Mumbai"
REC004669,CASE0119,CDR,2023-08-21 21:00:00,+919827012297,+919862033445,356938026847010,270,"Whitefield, Bengaluru"
REC004670,CASE0119,UPI,2023-08-22 18:00:00,pooja.b78@icb,freshmart10@upi,TXN449012,7500,N/A
REC004671,CASE0119,UPI,2023-08-22 20:00:00,pooja.b78@icb,freshmart10@upi,TXN152888,22000,N/A
REC004672,CASE0119,UPI,2023-08-23 08:00:00,freshmart10@upi,citypay76@paytm,TXN307510,1200,N/A
REC004673,CASE0119,CDR,2023-08-23 09:00:00,+919827012297,+919805545510,356938026847010,138,"Cyber City, Gurugram"
REC004674,CASE0119,UPI,2023-08-23 22:00:00,freshmart10@upi,citypay76@paytm,TXN482112,3000,N/A
REC004675,CASE0119,CDR,2023-08-24 03:00:00,+919827012297,+919862033445,356938026847010,403,"Cyber City, Gurugram"
REC004676,CASE0119,CDR,2023-08-24 03:00:00,+919827012297,+919864860168,356938026847010,182,"Cyber City, Gurugram"
REC004677,CASE0119,CDR,2023-08-24 13:00:00,+919827012297,+919862033445,356938026847010,213,"Sector 15, Gurugram"
REC004678,CASE0119,UPI,2023-08-24 13:00:00,freshmart10@upi,anita.r82@icb,TXN747799,7500,N/A
REC004679,CASE0119,CDR,2023-08-24 14:00:00,+919827012297,+919864026454,356938026847010,19,"Banjara Hills, Hyderabad"
REC004680,CASE0119,UPI,2023-08-24 18:00:00,freshmart10@upi,anita.r82@icb,TXN421044,3000,N/A
REC004681,CASE0119,UPI,2023-08-25 02:00:00,pooja.b78@icb,freshmart10@upi,TXN701288,1200,N/A
REC004682,CASE0119,CDR,2023-08-25 04:00:00,+919827012297,+919862033445,356938026847010,412,"Banjara Hills, Hyderabad"
REC004683,CASE0119,CDR,2023-08-25 10:00:00,+919827012297,+919805545510,356938026847010,182,"Vaishali Nagar, Jaipur"
REC004684,CASE0119,CDR,2023-08-25 13:00:00,+919827012297,+919805545510,356938026847010,231,"Andheri East, Mumbai"
REC004685,CASE0119,CDR,2023-08-25 15:00:00,+919827012297,+919885281174,356938026847010,135,"Whitefield, Bengaluru"
REC004686,CASE0119,CDR,2023-08-25 21:00:00,+919827012297,+919885281174,356938026847010,116,"Kothrud, Pune"
REC004687,CASE0119,UPI,2023-08-26 00:00:00,pooja.b78@icb,freshmart10@upi,TXN198065,500,N/A
REC004688,CASE0119,UPI,2023-08-26 00:00:00,pooja.b78@icb,freshmart10@upi,TXN260120,3000,N/A
REC004689,CASE0119,CDR,2023-08-26 04:00:00,+919827012297,+919864026454,356938026847010,171,"Cyber City, Gurugram"
REC004690,CASE0119,CDR,2023-08-26 04:00:00,+919827012297,+919828988656,356938026847010,177,"Banjara Hills, Hyderabad"
REC004691,CASE0119,CDR,2023-08-26 12:00:00,+919827012297,+919864860168,356938026847010,477,"Andheri East, Mumbai"
REC004692,CASE0119,CDR,2023-08-26 12:00:00,+919827012297,+919803492443,356938026847010,455,"Andheri East, Mumbai"
REC004693,CASE0119,CDR,2023-08-27 01:00:00,+919827012297,+919864026454,356938026847010,132,"Anna Nagar, Chennai"
REC004694,CASE0119,UPI,2023-08-27 04:00:00,freshmart10@upi,citypay76@paytm,TXN825981,22000,N/A
REC004695,CASE0119,UPI,2023-08-27 16:00:00,freshmart10@upi,kavita.n59@okhdfcbank,TXN403594,15000,N/A
REC004696,CASE0119,CDR,2023-08-27 19:00:00,+919827012297,+919803492443,356938026847010,340,"Cyber City, Gurugram"
REC004697,CASE0119,UPI,2023-08-28 11:00:00,pooja.b78@icb,freshmart10@upi,TXN618458,1200,N/A
REC004698,CASE0119,UPI,2023-08-28 14:00:00,pooja.b78@icb,freshmart10@upi,TXN496099,7500,N/A
REC004699,CASE0119,UPI,2023-08-28 17:00:00,pooja.b78@icb,freshmart10@upi,TXN474056,3000,N/A
REC004700,CASE0119,CDR,2023-08-28 20:00:00,+919827012297,+919803492443,356938026847010,281,"Andheri East, Mumbai"
REC004701,CASE0119,CDR,2023-08-28 23:00:00,+919827012297,+919803492443,356938026847010,444,"Banjara Hills, Hyderabad"
REC004702,CASE0120,CDR,2024-01-20 06:00:00,+919803457191,+919818618593,356938057880544,272,"Vaishali Nagar, Jaipur"
REC004703,CASE0120,CDR,2024-01-20 18:00:00,+919803457191,+919852750502,356938057880544,372,"Sector 15, Gurugram"
REC004704,CASE0120,CDR,2024-01-21 01:00:00,+919803457191,+919823652736,356938057880544,355,"Connaught Place, Delhi"
REC004705,CASE0120,UPI,2024-01-21 18:00:00,sanjay.p49@upi,kavita.n91@upi,TXN164877,48000,N/A
REC004706,CASE0120,UPI,2024-01-21 23:00:00,sanjay.p49@upi,citypay36@paytm,TXN273887,7500,N/A
REC004707,CASE0120,UPI,2024-01-22 03:00:00,sanjay.p49@upi,citypay36@paytm,TXN451494,1200,N/A
REC004708,CASE0120,UPI,2024-01-22 19:00:00,sanjay.p49@upi,citypay36@paytm,TXN886494,15000,N/A
REC004709,CASE0120,UPI,2024-01-23 15:00:00,sanjay.p49@upi,citypay36@paytm,TXN914578,1200,N/A
REC004710,CASE0120,CDR,2024-01-23 23:00:00,+919803457191,+919823652736,356938057880544,413,"Whitefield, Bengaluru"
REC004711,CASE0120,CDR,2024-01-24 09:00:00,+919803457191,+919804089759,356938057880544,138,"Banjara Hills, Hyderabad"
REC004712,CASE0120,UPI,2024-01-25 14:00:00,sanjay.p49@upi,citypay66@paytm,TXN899575,1200,N/A
REC004713,CASE0120,CDR,2024-01-25 23:00:00,+919803457191,+919889241396,356938057880544,356,"Connaught Place, Delhi"
REC004714,CASE0120,UPI,2024-01-27 03:00:00,sanjay.p49@upi,citypay36@paytm,TXN620352,22000,N/A
REC004715,CASE0120,UPI,2024-01-27 08:00:00,traders2485@okhdfcbank,sanjay.p49@upi,TXN673470,15000,N/A
REC004716,CASE0120,UPI,2024-01-27 10:00:00,traders2485@okhdfcbank,sanjay.p49@upi,TXN748534,500,N/A
REC004717,CASE0120,CDR,2024-01-27 19:00:00,+919803457191,+919852750502,356938057880544,294,"Banjara Hills, Hyderabad"
REC004718,CASE0120,CDR,2024-01-28 03:00:00,+919803457191,+919835222396,356938057880544,340,"Cyber City, Gurugram"
REC004719,CASE0120,CDR,2024-01-28 11:00:00,+919803457191,+919823652736,356938057880544,161,"Banjara Hills, Hyderabad"
REC004720,CASE0120,UPI,2024-01-28 20:00:00,traders2485@okhdfcbank,sanjay.p49@upi,TXN422789,500,N/A
REC004721,CASE0120,CDR,2024-01-29 08:00:00,+919803457191,+919870498592,356938057880544,213,"Salt Lake, Kolkata"
REC004722,CASE0120,CDR,2024-01-29 16:00:00,+919803457191,+919804089759,356938057880544,481,"Anna Nagar, Chennai"
REC004723,CASE0121,UPI,2023-07-30 14:00:00,traders2469@ybl,sanjay.p80@paytm,TXN154170,1200,N/A
REC004724,CASE0121,UPI,2023-07-30 15:00:00,anita.r74@ybl,traders2469@ybl,TXN555139,1200,N/A
REC004725,CASE0121,CDR,2023-07-30 20:00:00,+919839194675,+919803790480,356938059740605,418,"Kothrud, Pune"
REC004726,CASE0121,CDR,2023-07-30 23:00:00,+919839194675,+919812601810,356938059740605,60,"Whitefield, Bengaluru"
REC004727,CASE0121,CDR,2023-07-31 12:00:00,+919839194675,+919854713369,356938059740605,254,"Sector 15, Gurugram"
REC004728,CASE0121,UPI,2023-07-31 16:00:00,anita.r74@ybl,traders2469@ybl,TXN218131,15000,N/A
REC004729,CASE0121,UPI,2023-08-01 04:00:00,traders2469@ybl,amitpay28@paytm,TXN373460,7500,N/A
REC004730,CASE0121,CDR,2023-08-02 05:00:00,+919839194675,+919812601810,356938059740605,347,"Andheri East, Mumbai"
REC004731,CASE0121,CDR,2023-08-02 08:00:00,+919839194675,+919818329756,356938059740605,318,"Anna Nagar, Chennai"
REC004732,CASE0121,UPI,2023-08-02 10:00:00,traders2469@ybl,freshmart93@icb,TXN894636,3000,N/A
REC004733,CASE0121,UPI,2023-08-02 12:00:00,anita.r74@ybl,traders2469@ybl,TXN630603,15000,N/A
REC004734,CASE0121,UPI,2023-08-03 00:00:00,traders2469@ybl,traders2415@icb,TXN153233,15000,N/A
REC004735,CASE0121,UPI,2023-08-03 02:00:00,anita.r74@ybl,traders2469@ybl,TXN827178,3000,N/A
REC004736,CASE0121,CDR,2023-08-03 09:00:00,+919839194675,+919845536333,356938059740605,259,"Vaishali Nagar, Jaipur"
REC004737,CASE0121,CDR,2023-08-03 21:00:00,+919839194675,+919854713369,356938059740605,83,"Cyber City, Gurugram"
REC004738,CASE0121,CDR,2023-08-04 02:00:00,+919839194675,+919812601810,356938059740605,451,"Vaishali Nagar, Jaipur"
REC004739,CASE0121,UPI,2023-08-04 11:00:00,traders2469@ybl,freshmart93@icb,TXN460040,22000,N/A
REC004740,CASE0121,UPI,2023-08-04 17:00:00,traders2469@ybl,traders2415@icb,TXN360311,48000,N/A
REC004741,CASE0121,CDR,2023-08-04 19:00:00,+919839194675,+919871301637,356938059740605,15,"Cyber City, Gurugram"
REC004742,CASE0121,CDR,2023-08-04 21:00:00,+919839194675,+919845536333,356938059740605,19,"Banjara Hills, Hyderabad"
REC004743,CASE0121,CDR,2023-08-05 02:00:00,+919839194675,+919803790480,356938059740605,397,"Sector 15, Gurugram"
REC004744,CASE0121,CDR,2023-08-05 11:00:00,+919839194675,+919899850624,356938059740605,112,"Salt Lake, Kolkata"
REC004745,CASE0121,CDR,2023-08-06 09:00:00,+919839194675,+919899850624,356938059740605,413,"Vaishali Nagar, Jaipur"
REC004746,CASE0121,CDR,2023-08-06 18:00:00,+919839194675,+919803790480,356938059740605,383,"Anna Nagar, Chennai"
REC004747,CASE0121,CDR,2023-08-07 01:00:00,+919839194675,+919871301637,356938059740605,355,"Anna Nagar, Chennai"
REC004748,CASE0121,CDR,2023-08-07 01:00:00,+919839194675,+919818329756,356938059740605,211,"Anna Nagar, Chennai"
REC004749,CASE0121,UPI,2023-08-07 03:00:00,anita.r74@ybl,traders2469@ybl,TXN639085,48000,N/A
REC004750,CASE0121,UPI,2023-08-07 03:00:00,anita.r74@ybl,traders2469@ybl,TXN251326,48000,N/A
REC004751,CASE0121,UPI,2023-08-07 09:00:00,traders2469@ybl,sanjay.p80@paytm,TXN920433,500,N/A
REC004752,CASE0121,CDR,2023-08-07 10:00:00,+919839194675,+919845536333,356938059740605,112,"Anna Nagar, Chennai"
REC004753,CASE0121,CDR,2023-08-07 10:00:00,+919839194675,+919845536333,356938059740605,28,"Sector 15, Gurugram"
REC004754,CASE0121,UPI,2023-08-07 10:00:00,traders2469@ybl,freshmart93@icb,TXN245495,1200,N/A
REC004755,CASE0121,UPI,2023-08-07 10:00:00,traders2469@ybl,traders2415@icb,TXN918426,3000,N/A
REC004756,CASE0121,UPI,2023-08-07 13:00:00,traders2469@ybl,traders2415@icb,TXN700163,500,N/A
REC004757,CASE0121,UPI,2023-08-08 01:00:00,traders2469@ybl,sanjay.p80@paytm,TXN641143,3000,N/A
REC004758,CASE0121,CDR,2023-08-08 08:00:00,+919839194675,+919845536333,356938059740605,51,"Whitefield, Bengaluru"
REC004759,CASE0121,UPI,2023-08-08 11:00:00,traders2469@ybl,sanjay.p80@paytm,TXN963955,3000,N/A
REC004760,CASE0121,CDR,2023-08-08 13:00:00,+919839194675,+919899850624,356938059740605,110,"Andheri East, Mumbai"
REC004761,CASE0121,CDR,2023-08-08 14:00:00,+919839194675,+919803790480,356938059740605,32,"Cyber City, Gurugram"
REC004762,CASE0121,CDR,2023-08-08 14:00:00,+919839194675,+919854713369,356938059740605,430,"Vaishali Nagar, Jaipur"
REC004763,CASE0121,CDR,2023-08-08 21:00:00,+919839194675,+919812601810,356938059740605,422,"Andheri East, Mumbai"
REC004764,CASE0121,CDR,2023-08-08 22:00:00,+919839194675,+919845536333,356938059740605,486,"Salt Lake, Kolkata"
REC004765,CASE0122,CDR,2025-04-05 07:00:00,+919812399127,+919874785645,356938088039497,450,"Connaught Place, Delhi"
REC004766,CASE0122,CDR,2025-04-05 12:00:00,+919812399127,+919806070567,356938088039497,352,"Anna Nagar, Chennai"
REC004767,CASE0122,CDR,2025-04-05 14:00:00,+919812399127,+919875842007,356938088039497,449,"Whitefield, Bengaluru"
REC004768,CASE0122,CDR,2025-04-05 21:00:00,+919812399127,+919842756259,356938088039497,138,"Cyber City, Gurugram"
REC004769,CASE0122,UPI,2025-04-06 16:00:00,pooja.b84@upi,kavita.n3@ybl,TXN567651,3000,N/A
REC004770,CASE0122,CDR,2025-04-06 22:00:00,+919812399127,+919813593702,356938088039497,44,"Connaught Place, Delhi"
REC004771,CASE0122,UPI,2025-04-07 04:00:00,kavita.n3@ybl,vikram.t9@okhdfcbank,TXN782864,500,N/A
REC004772,CASE0122,CDR,2025-04-07 06:00:00,+919812399127,+919874785645,356938088039497,357,"Kothrud, Pune"
REC004773,CASE0122,CDR,2025-04-07 13:00:00,+919812399127,+919813593702,356938088039497,271,"Salt Lake, Kolkata"
REC004774,CASE0122,UPI,2025-04-07 20:00:00,kavita.n3@ybl,amitpay18@paytm,TXN436200,7500,N/A
REC004775,CASE0122,UPI,2025-04-07 21:00:00,kavita.n3@ybl,amitpay18@paytm,TXN530811,48000,N/A
REC004776,CASE0122,UPI,2025-04-08 17:00:00,kavita.n3@ybl,vikram.t9@okhdfcbank,TXN912237,3000,N/A
REC004777,CASE0122,CDR,2025-04-08 20:00:00,+919812399127,+919875842007,356938088039497,219,"Anna Nagar, Chennai"
REC004778,CASE0122,CDR,2025-04-08 22:00:00,+919812399127,+919813593702,356938088039497,205,"Anna Nagar, Chennai"
REC004779,CASE0122,CDR,2025-04-09 00:00:00,+919812399127,+919899223702,356938088039497,408,"Vaishali Nagar, Jaipur"
REC004780,CASE0122,CDR,2025-04-09 16:00:00,+919812399127,+919875842007,356938088039497,409,"Vaishali Nagar, Jaipur"
REC004781,CASE0122,CDR,2025-04-09 19:00:00,+919812399127,+919875842007,356938088039497,299,"Banjara Hills, Hyderabad"
REC004782,CASE0122,CDR,2025-04-10 01:00:00,+919812399127,+919813593702,356938088039497,386,"Connaught Place, Delhi"
REC004783,CASE0122,CDR,2025-04-10 23:00:00,+919812399127,+919842756259,356938088039497,433,"Andheri East, Mumbai"
REC004784,CASE0122,UPI,2025-04-10 23:00:00,kavita.n3@ybl,amitpay4@ybl,TXN713384,15000,N/A
REC004785,CASE0122,CDR,2025-04-11 08:00:00,+919812399127,+919842756259,356938088039497,84,"Banjara Hills, Hyderabad"
REC004786,CASE0122,CDR,2025-04-11 11:00:00,+919812399127,+919874785645,356938088039497,128,"Anna Nagar, Chennai"
REC004787,CASE0122,CDR,2025-04-11 21:00:00,+919812399127,+919842756259,356938088039497,203,"Salt Lake, Kolkata"
REC004788,CASE0122,CDR,2025-04-11 23:00:00,+919812399127,+919899223702,356938088039497,257,"Cyber City, Gurugram"
REC004789,CASE0122,UPI,2025-04-12 00:00:00,pooja.b84@upi,kavita.n3@ybl,TXN151331,500,N/A
REC004790,CASE0122,UPI,2025-04-12 04:00:00,kavita.n3@ybl,amitpay4@ybl,TXN452668,500,N/A
REC004791,CASE0122,UPI,2025-04-12 09:00:00,pooja.b84@upi,kavita.n3@ybl,TXN782441,7500,N/A
REC004792,CASE0122,CDR,2025-04-12 14:00:00,+919812399127,+919842756259,356938088039497,188,"Banjara Hills, Hyderabad"
REC004793,CASE0122,UPI,2025-04-13 06:00:00,kavita.n3@ybl,vikram.t9@okhdfcbank,TXN506734,7500,N/A
REC004794,CASE0123,CDR,2023-04-23 00:00:00,+919863703342,+919890774898,356938032854270,160,"Connaught Place, Delhi"
REC004795,CASE0123,CDR,2023-04-23 04:00:00,+919863703342,+919831665137,356938032854270,435,"Anna Nagar, Chennai"
REC004796,CASE0123,CDR,2023-04-23 06:00:00,+919863703342,+919890774898,356938032854270,381,"Andheri East, Mumbai"
REC004797,CASE0123,UPI,2023-04-23 06:00:00,kavita.n94@upi,amitpay70@okhdfcbank,TXN336886,22000,N/A
REC004798,CASE0123,CDR,2023-04-23 13:00:00,+919863703342,+919867818700,356938032854270,169,"Salt Lake, Kolkata"
REC004799,CASE0123,UPI,2023-04-23 15:00:00,kavita.n94@upi,amitpay70@okhdfcbank,TXN732976,48000,N/A
REC004800,CASE0123,CDR,2023-04-23 16:00:00,+919863703342,+919841593018,356938032854270,393,"Kothrud, Pune"
REC004801,CASE0123,CDR,2023-04-23 19:00:00,+919863703342,+919867818700,356938032854270,438,"Kothrud, Pune"
REC004802,CASE0123,UPI,2023-04-24 02:00:00,kavita.n94@upi,amitpay70@okhdfcbank,TXN681485,48000,N/A
REC004803,CASE0123,UPI,2023-04-24 04:00:00,kavita.n94@upi,amitpay70@okhdfcbank,TXN486259,22000,N/A
REC004804,CASE0123,CDR,2023-04-24 05:00:00,+919863703342,+919831665137,356938032854270,92,"Banjara Hills, Hyderabad"
REC004805,CASE0123,CDR,2023-04-24 08:00:00,+919863703342,+919841593018,356938032854270,148,"Banjara Hills, Hyderabad"
REC004806,CASE0123,UPI,2023-04-24 10:00:00,amitpay70@okhdfcbank,kavita.n86@ybl,TXN932125,500,N/A
REC004807,CASE0123,CDR,2023-04-24 13:00:00,+919863703342,+919890026546,356938032854270,330,"Anna Nagar, Chennai"
REC004808,CASE0123,CDR,2023-04-24 17:00:00,+919863703342,+919890026546,356938032854270,416,"Andheri East, Mumbai"
REC004809,CASE0123,CDR,2023-04-24 18:00:00,+919863703342,+919867818700,356938032854270,452,"Andheri East, Mumbai"
REC004810,CASE0123,UPI,2023-04-24 19:00:00,kavita.n94@upi,amitpay70@okhdfcbank,TXN630938,1200,N/A
REC004811,CASE0123,CDR,2023-04-24 20:00:00,+919863703342,+919890026546,356938032854270,103,"Connaught Place, Delhi"
REC004812,CASE0123,CDR,2023-04-24 22:00:00,+919863703342,+919841593018,356938032854270,363,"Banjara Hills, Hyderabad"
REC004813,CASE0123,CDR,2023-04-25 00:00:00,+919863703342,+919804628405,356938032854270,450,"Whitefield, Bengaluru"
REC004814,CASE0123,UPI,2023-04-25 00:00:00,kavita.n94@upi,amitpay70@okhdfcbank,TXN649145,1200,N/A
REC004815,CASE0123,CDR,2023-04-25 01:00:00,+919863703342,+919841593018,356938032854270,149,"Andheri East, Mumbai"
REC004816,CASE0123,CDR,2023-04-25 08:00:00,+919863703342,+919841593018,356938032854270,496,"Connaught Place, Delhi"
REC004817,CASE0123,CDR,2023-04-25 09:00:00,+919863703342,+919868673902,356938032854270,134,"Salt Lake, Kolkata"
REC004818,CASE0123,CDR,2023-04-25 10:00:00,+919863703342,+919890774898,356938032854270,103,"Cyber City, Gurugram"
REC004819,CASE0123,CDR,2023-04-25 11:00:00,+919863703342,+919841593018,356938032854270,365,"Connaught Place, Delhi"
REC004820,CASE0123,CDR,2023-04-25 16:00:00,+919863703342,+919841593018,356938032854270,20,"Salt Lake, Kolkata"
REC004821,CASE0123,UPI,2023-04-26 02:00:00,amitpay70@okhdfcbank,traders2413@upi,TXN735364,1200,N/A
REC004822,CASE0123,CDR,2023-04-26 10:00:00,+919863703342,+919804628405,356938032854270,118,"Kothrud, Pune"
REC004823,CASE0123,CDR,2023-04-26 15:00:00,+919863703342,+919867818700,356938032854270,443,"Vaishali Nagar, Jaipur"
REC004824,CASE0123,UPI,2023-04-26 15:00:00,amitpay70@okhdfcbank,vikram.t66@okhdfcbank,TXN838592,15000,N/A
REC004825,CASE0123,UPI,2023-04-26 16:00:00,amitpay70@okhdfcbank,traders2413@upi,TXN846028,500,N/A
REC004826,CASE0123,UPI,2023-04-26 17:00:00,kavita.n94@upi,amitpay70@okhdfcbank,TXN560653,3000,N/A
REC004827,CASE0123,CDR,2023-04-26 22:00:00,+919863703342,+919831665137,356938032854270,125,"Whitefield, Bengaluru"
REC004828,CASE0123,CDR,2023-04-27 01:00:00,+919863703342,+919868673902,356938032854270,342,"Salt Lake, Kolkata"
REC004829,CASE0123,CDR,2023-04-27 05:00:00,+919863703342,+919804628405,356938032854270,55,"Vaishali Nagar, Jaipur"
REC004830,CASE0123,CDR,2023-04-27 08:00:00,+919863703342,+919804628405,356938032854270,436,"Cyber City, Gurugram"
REC004831,CASE0123,CDR,2023-04-28 01:00:00,+919863703342,+919890026546,356938032854270,45,"Whitefield, Bengaluru"
REC004832,CASE0123,UPI,2023-04-28 01:00:00,amitpay70@okhdfcbank,traders2413@upi,TXN924121,3000,N/A
REC004833,CASE0123,CDR,2023-04-28 08:00:00,+919863703342,+919890774898,356938032854270,219,"Anna Nagar, Chennai"
REC004834,CASE0123,CDR,2023-04-28 16:00:00,+919863703342,+919890026546,356938032854270,163,"Andheri East, Mumbai"
REC004835,CASE0123,CDR,2023-04-29 01:00:00,+919863703342,+919890774898,356938032854270,191,"Anna Nagar, Chennai"
REC004836,CASE0123,CDR,2023-04-29 03:00:00,+919863703342,+919868673902,356938032854270,424,"Cyber City, Gurugram"
REC004837,CASE0123,UPI,2023-04-29 07:00:00,kavita.n94@upi,amitpay70@okhdfcbank,TXN359135,22000,N/A
REC004838,CASE0123,CDR,2023-04-29 10:00:00,+919863703342,+919804628405,356938032854270,295,"Sector 15, Gurugram"
REC004839,CASE0123,CDR,2023-04-29 11:00:00,+919863703342,+919804628405,356938032854270,21,"Andheri East, Mumbai"
REC004840,CASE0123,CDR,2023-04-29 13:00:00,+919863703342,+919868673902,356938032854270,450,"Cyber City, Gurugram"
REC004841,CASE0123,UPI,2023-04-29 21:00:00,kavita.n94@upi,amitpay70@okhdfcbank,TXN855859,7500,N/A
REC004842,CASE0123,UPI,2023-04-30 05:00:00,kavita.n94@upi,amitpay70@okhdfcbank,TXN800790,500,N/A
REC004843,CASE0123,CDR,2023-04-30 06:00:00,+919863703342,+919890774898,356938032854270,332,"Kothrud, Pune"
REC004844,CASE0123,UPI,2023-05-01 03:00:00,kavita.n94@upi,amitpay70@okhdfcbank,TXN150456,3000,N/A
REC004845,CASE0123,CDR,2023-05-01 23:00:00,+919863703342,+919831665137,356938032854270,125,"Sector 15, Gurugram"
REC004846,CASE0123,UPI,2023-05-01 23:00:00,kavita.n94@upi,amitpay70@okhdfcbank,TXN501827,15000,N/A
REC004847,CASE0123,CDR,2023-05-02 01:00:00,+919863703342,+919831665137,356938032854270,277,"Salt Lake, Kolkata"
REC004848,CASE0123,CDR,2023-05-02 02:00:00,+919863703342,+919831665137,356938032854270,73,"Vaishali Nagar, Jaipur"
REC004849,CASE0123,CDR,2023-05-02 07:00:00,+919863703342,+919890026546,356938032854270,34,"Sector 15, Gurugram"
REC004850,CASE0123,UPI,2023-05-02 15:00:00,amitpay70@okhdfcbank,sunita.d21@icb,TXN266785,1200,N/A
REC004851,CASE0123,UPI,2023-05-02 16:00:00,amitpay70@okhdfcbank,kavita.n86@ybl,TXN897902,500,N/A
REC004852,CASE0123,CDR,2023-05-02 18:00:00,+919863703342,+919804628405,356938032854270,416,"Connaught Place, Delhi"
REC004853,CASE0123,CDR,2023-05-02 18:00:00,+919863703342,+919804628405,356938032854270,399,"Whitefield, Bengaluru"
REC004854,CASE0124,UPI,2023-10-23 12:00:00,deepa.v9@paytm,quickcash44@icb,TXN712354,1200,N/A
REC004855,CASE0124,CDR,2023-10-23 19:00:00,+919831929581,+919876094102,356938079185700,432,"Banjara Hills, Hyderabad"
REC004856,CASE0124,CDR,2023-10-24 06:00:00,+919831929581,+919843341492,356938079185700,228,"Cyber City, Gurugram"
REC004857,CASE0124,CDR,2023-10-24 11:00:00,+919831929581,+919876094102,356938079185700,329,"Connaught Place, Delhi"
REC004858,CASE0124,CDR,2023-10-24 15:00:00,+919831929581,+919877794470,356938079185700,370,"Connaught Place, Delhi"
REC004859,CASE0124,CDR,2023-10-24 15:00:00,+919831929581,+919887118826,356938079185700,455,"Kothrud, Pune"
REC004860,CASE0124,UPI,2023-10-24 17:00:00,anita.r19@upi,deepa.v9@paytm,TXN553977,500,N/A
REC004861,CASE0124,CDR,2023-10-25 04:00:00,+919831929581,+919843341492,356938079185700,436,"Vaishali Nagar, Jaipur"
REC004862,CASE0124,UPI,2023-10-25 05:00:00,deepa.v9@paytm,rajesh.m18@icb,TXN939880,1200,N/A
REC004863,CASE0124,CDR,2023-10-25 08:00:00,+919831929581,+919835369626,356938079185700,496,"Sector 15, Gurugram"
REC004864,CASE0124,CDR,2023-10-25 13:00:00,+919831929581,+919827596028,356938079185700,308,"Banjara Hills, Hyderabad"
REC004865,CASE0124,UPI,2023-10-25 23:00:00,anita.r19@upi,deepa.v9@paytm,TXN335893,7500,N/A
REC004866,CASE0124,UPI,2023-10-26 03:00:00,deepa.v9@paytm,meera.s17@icb,TXN132956,15000,N/A
REC004867,CASE0124,UPI,2023-10-26 12:00:00,anita.r19@upi,deepa.v9@paytm,TXN820944,500,N/A
REC004868,CASE0124,UPI,2023-10-26 15:00:00,deepa.v9@paytm,meera.s17@icb,TXN733456,500,N/A
REC004869,CASE0124,UPI,2023-10-26 20:00:00,anita.r19@upi,deepa.v9@paytm,TXN462996,22000,N/A
REC004870,CASE0124,UPI,2023-10-27 05:00:00,anita.r19@upi,deepa.v9@paytm,TXN731329,48000,N/A
REC004871,CASE0124,CDR,2023-10-27 08:00:00,+919831929581,+919827596028,356938079185700,398,"Vaishali Nagar, Jaipur"
REC004872,CASE0124,CDR,2023-10-27 10:00:00,+919831929581,+919876094102,356938079185700,59,"Sector 15, Gurugram"
REC004873,CASE0124,CDR,2023-10-27 14:00:00,+919831929581,+919887118826,356938079185700,176,"Whitefield, Bengaluru"
REC004874,CASE0124,CDR,2023-10-27 20:00:00,+919831929581,+919883718524,356938079185700,254,"Whitefield, Bengaluru"
REC004875,CASE0124,CDR,2023-10-27 20:00:00,+919831929581,+919835369626,356938079185700,88,"Banjara Hills, Hyderabad"
REC004876,CASE0124,CDR,2023-10-27 20:00:00,+919831929581,+919883718524,356938079185700,221,"Banjara Hills, Hyderabad"
REC004877,CASE0124,UPI,2023-10-27 20:00:00,deepa.v9@paytm,rajesh.m18@icb,TXN264837,1200,N/A
REC004878,CASE0124,CDR,2023-10-27 21:00:00,+919831929581,+919835369626,356938079185700,425,"Banjara Hills, Hyderabad"
REC004879,CASE0124,UPI,2023-10-27 22:00:00,deepa.v9@paytm,deepa.v28@paytm,TXN868238,500,N/A
REC004880,CASE0124,CDR,2023-10-28 06:00:00,+919831929581,+919877794470,356938079185700,386,"Anna Nagar, Chennai"
REC004881,CASE0124,UPI,2023-10-28 08:00:00,anita.r19@upi,deepa.v9@paytm,TXN574735,48000,N/A
REC004882,CASE0124,CDR,2023-10-28 23:00:00,+919831929581,+919835369626,356938079185700,137,"Sector 15, Gurugram"
REC004883,CASE0124,UPI,2023-10-29 00:00:00,deepa.v9@paytm,quickcash44@icb,TXN956715,500,N/A
REC004884,CASE0124,CDR,2023-10-29 01:00:00,+919831929581,+919843341492,356938079185700,382,"Kothrud, Pune"
REC004885,CASE0124,CDR,2023-10-29 02:00:00,+919831929581,+919887118826,356938079185700,372,"Anna Nagar, Chennai"
REC004886,CASE0124,CDR,2023-10-29 06:00:00,+919831929581,+919877794470,356938079185700,323,"Cyber City, Gurugram"
REC004887,CASE0124,CDR,2023-10-29 07:00:00,+919831929581,+919883718524,356938079185700,277,"Whitefield, Bengaluru"
REC004888,CASE0124,CDR,2023-10-29 13:00:00,+919831929581,+919827596028,356938079185700,329,"Whitefield, Bengaluru"
REC004889,CASE0124,CDR,2023-10-29 14:00:00,+919831929581,+919877794470,356938079185700,246,"Whitefield, Bengaluru"
REC004890,CASE0124,UPI,2023-10-29 22:00:00,anita.r19@upi,deepa.v9@paytm,TXN534770,500,N/A
REC004891,CASE0124,CDR,2023-10-29 23:00:00,+919831929581,+919877794470,356938079185700,302,"Vaishali Nagar, Jaipur"
REC004892,CASE0124,UPI,2023-10-30 07:00:00,deepa.v9@paytm,rajesh.m18@icb,TXN838017,15000,N/A
REC004893,CASE0124,UPI,2023-10-30 12:00:00,anita.r19@upi,deepa.v9@paytm,TXN908316,22000,N/A
REC004894,CASE0124,CDR,2023-10-30 18:00:00,+919831929581,+919827596028,356938079185700,121,"Banjara Hills, Hyderabad"
REC004895,CASE0124,CDR,2023-10-30 20:00:00,+919831929581,+919876094102,356938079185700,241,"Anna Nagar, Chennai"
REC004896,CASE0124,UPI,2023-10-30 22:00:00,anita.r19@upi,deepa.v9@paytm,TXN677643,48000,N/A
REC004897,CASE0124,CDR,2023-10-31 01:00:00,+919831929581,+919883718524,356938079185700,206,"Sector 15, Gurugram"
REC004898,CASE0124,CDR,2023-10-31 11:00:00,+919831929581,+919827596028,356938079185700,276,"Connaught Place, Delhi"
REC004899,CASE0124,CDR,2023-10-31 12:00:00,+919831929581,+919843341492,356938079185700,476,"Banjara Hills, Hyderabad"
REC004900,CASE0124,CDR,2023-10-31 13:00:00,+919831929581,+919843341492,356938079185700,359,"Banjara Hills, Hyderabad"
REC004901,CASE0124,UPI,2023-10-31 15:00:00,deepa.v9@paytm,quickcash44@icb,TXN985709,3000,N/A
REC004902,CASE0124,CDR,2023-10-31 19:00:00,+919831929581,+919835369626,356938079185700,112,"Banjara Hills, Hyderabad"
REC004903,CASE0124,UPI,2023-10-31 19:00:00,anita.r19@upi,deepa.v9@paytm,TXN208879,15000,N/A
REC004904,CASE0124,UPI,2023-10-31 19:00:00,anita.r19@upi,deepa.v9@paytm,TXN208112,500,N/A
REC004905,CASE0124,CDR,2023-10-31 20:00:00,+919831929581,+919877794470,356938079185700,329,"Cyber City, Gurugram"
REC004906,CASE0124,CDR,2023-11-01 00:00:00,+919831929581,+919843341492,356938079185700,419,"Cyber City, Gurugram"
REC004907,CASE0124,CDR,2023-11-01 02:00:00,+919831929581,+919835369626,356938079185700,172,"Cyber City, Gurugram"
REC004908,CASE0124,UPI,2023-11-01 07:00:00,anita.r19@upi,deepa.v9@paytm,TXN304774,1200,N/A
REC004909,CASE0124,UPI,2023-11-01 18:00:00,anita.r19@upi,deepa.v9@paytm,TXN547711,48000,N/A
REC004910,CASE0124,UPI,2023-11-01 18:00:00,anita.r19@upi,deepa.v9@paytm,TXN921215,500,N/A
REC004911,CASE0124,CDR,2023-11-01 22:00:00,+919831929581,+919843341492,356938079185700,69,"Salt Lake, Kolkata"
REC004912,CASE0124,CDR,2023-11-01 22:00:00,+919831929581,+919877794470,356938079185700,310,"Cyber City, Gurugram"
REC004913,CASE0124,CDR,2023-11-01 23:00:00,+919831929581,+919883718524,356938079185700,317,"Cyber City, Gurugram"
REC004914,CASE0125,CDR,2023-10-14 02:00:00,+919870835827,+919812670083,356938078593525,266,"Whitefield, Bengaluru"
REC004915,CASE0125,UPI,2023-10-14 04:00:00,anita.r89@icb,amitpay8@paytm,TXN692431,7500,N/A
REC004916,CASE0125,CDR,2023-10-14 07:00:00,+919870835827,+919812670083,356938078593525,281,"Vaishali Nagar, Jaipur"
REC004917,CASE0125,CDR,2023-10-14 17:00:00,+919870835827,+919898817821,356938078593525,275,"Kothrud, Pune"
REC004918,CASE0125,UPI,2023-10-14 17:00:00,pooja.b48@upi,anita.r89@icb,TXN928512,7500,N/A
REC004919,CASE0125,CDR,2023-10-14 18:00:00,+919870835827,+919898817821,356938078593525,156,"Salt Lake, Kolkata"
REC004920,CASE0125,CDR,2023-10-14 23:00:00,+919870835827,+919888659080,356938078593525,310,"Kothrud, Pune"
REC004921,CASE0125,CDR,2023-10-15 09:00:00,+919870835827,+919881228646,356938078593525,313,"Andheri East, Mumbai"
REC004922,CASE0125,UPI,2023-10-15 09:00:00,pooja.b48@upi,anita.r89@icb,TXN737332,7500,N/A
REC004923,CASE0125,CDR,2023-10-15 12:00:00,+919870835827,+919898817821,356938078593525,478,"Cyber City, Gurugram"
REC004924,CASE0125,UPI,2023-10-15 15:00:00,anita.r89@icb,rajesh.m19@paytm,TXN649458,22000,N/A
REC004925,CASE0125,CDR,2023-10-15 20:00:00,+919870835827,+919888659080,356938078593525,192,"Salt Lake, Kolkata"
REC004926,CASE0125,UPI,2023-10-16 08:00:00,pooja.b48@upi,anita.r89@icb,TXN846468,22000,N/A
REC004927,CASE0125,UPI,2023-10-16 08:00:00,anita.r89@icb,rajesh.m19@paytm,TXN863153,22000,N/A
REC004928,CASE0125,UPI,2023-10-16 09:00:00,anita.r89@icb,rajesh.m19@paytm,TXN745259,1200,N/A
REC004929,CASE0125,UPI,2023-10-16 11:00:00,pooja.b48@upi,anita.r89@icb,TXN453343,500,N/A
REC004930,CASE0125,UPI,2023-10-16 12:00:00,anita.r89@icb,rajesh.m19@paytm,TXN967899,7500,N/A
REC004931,CASE0125,CDR,2023-10-16 18:00:00,+919870835827,+919812670083,356938078593525,500,"Connaught Place, Delhi"
REC004932,CASE0125,CDR,2023-10-16 20:00:00,+919870835827,+919812670083,356938078593525,403,"Kothrud, Pune"
REC004933,CASE0125,UPI,2023-10-16 21:00:00,anita.r89@icb,rajesh.m19@paytm,TXN172952,7500,N/A
REC004934,CASE0125,UPI,2023-10-16 22:00:00,pooja.b48@upi,anita.r89@icb,TXN776537,500,N/A
REC004935,CASE0125,UPI,2023-10-16 23:00:00,anita.r89@icb,amitpay8@paytm,TXN722981,22000,N/A
REC004936,CASE0125,UPI,2023-10-17 07:00:00,anita.r89@icb,amitpay8@paytm,TXN279991,22000,N/A
REC004937,CASE0125,CDR,2023-10-17 08:00:00,+919870835827,+919866280994,356938078593525,478,"Connaught Place, Delhi"
REC004938,CASE0125,UPI,2023-10-17 10:00:00,anita.r89@icb,freshmart13@okhdfcbank,TXN511039,15000,N/A
REC004939,CASE0125,CDR,2023-10-17 11:00:00,+919870835827,+919812670083,356938078593525,48,"Vaishali Nagar, Jaipur"
REC004940,CASE0125,CDR,2023-10-17 11:00:00,+919870835827,+919833084951,356938078593525,239,"Andheri East, Mumbai"
REC004941,CASE0125,CDR,2023-10-17 22:00:00,+919870835827,+919881228646,356938078593525,211,"Anna Nagar, Chennai"
REC004942,CASE0125,UPI,2023-10-17 22:00:00,anita.r89@icb,rajesh.m19@paytm,TXN130670,1200,N/A
REC004943,CASE0125,CDR,2023-10-17 23:00:00,+919870835827,+919881228646,356938078593525,129,"Whitefield, Bengaluru"
REC004944,CASE0125,CDR,2023-10-18 00:00:00,+919870835827,+919833750101,356938078593525,102,"Vaishali Nagar, Jaipur"
REC004945,CASE0125,UPI,2023-10-18 02:00:00,pooja.b48@upi,anita.r89@icb,TXN147597,3000,N/A
REC004946,CASE0125,CDR,2023-10-18 05:00:00,+919870835827,+919833084951,356938078593525,348,"Banjara Hills, Hyderabad"
REC004947,CASE0125,UPI,2023-10-18 06:00:00,anita.r89@icb,freshmart13@okhdfcbank,TXN353628,1200,N/A
REC004948,CASE0125,CDR,2023-10-18 09:00:00,+919870835827,+919866280994,356938078593525,41,"Cyber City, Gurugram"
REC004949,CASE0125,CDR,2023-10-18 14:00:00,+919870835827,+919888659080,356938078593525,364,"Kothrud, Pune"
REC004950,CASE0125,CDR,2023-10-18 15:00:00,+919870835827,+919898817821,356938078593525,195,"Cyber City, Gurugram"
REC004951,CASE0125,UPI,2023-10-18 15:00:00,anita.r89@icb,freshmart13@okhdfcbank,TXN936665,22000,N/A
REC004952,CASE0125,CDR,2023-10-18 17:00:00,+919870835827,+919812670083,356938078593525,365,"Anna Nagar, Chennai"
REC004953,CASE0125,CDR,2023-10-18 23:00:00,+919870835827,+919898817821,356938078593525,355,"Whitefield, Bengaluru"
REC004954,CASE0125,CDR,2023-10-19 00:00:00,+919870835827,+919833084951,356938078593525,202,"Vaishali Nagar, Jaipur"
REC004955,CASE0125,CDR,2023-10-19 03:00:00,+919870835827,+919888659080,356938078593525,399,"Whitefield, Bengaluru"
REC004956,CASE0125,CDR,2023-10-19 21:00:00,+919870835827,+919833750101,356938078593525,369,"Kothrud, Pune"
REC004957,CASE0125,UPI,2023-10-19 21:00:00,pooja.b48@upi,anita.r89@icb,TXN567333,3000,N/A
REC004958,CASE0125,UPI,2023-10-19 23:00:00,anita.r89@icb,freshmart13@okhdfcbank,TXN685685,22000,N/A
REC004959,CASE0125,CDR,2023-10-20 01:00:00,+919870835827,+919812670083,356938078593525,235,"Cyber City, Gurugram"
REC004960,CASE0125,CDR,2023-10-21 02:00:00,+919870835827,+919866280994,356938078593525,189,"Cyber City, Gurugram"
REC004961,CASE0125,UPI,2023-10-21 13:00:00,anita.r89@icb,rajesh.m19@paytm,TXN510833,500,N/A
REC004962,CASE0125,CDR,2023-10-21 14:00:00,+919870835827,+919881228646,356938078593525,322,"Vaishali Nagar, Jaipur"
REC004963,CASE0125,CDR,2023-10-21 21:00:00,+919870835827,+919833750101,356938078593525,119,"Sector 15, Gurugram"
REC004964,CASE0125,CDR,2023-10-22 02:00:00,+919870835827,+919812670083,356938078593525,392,"Salt Lake, Kolkata"
REC004965,CASE0125,CDR,2023-10-22 05:00:00,+919870835827,+919833084951,356938078593525,19,"Whitefield, Bengaluru"
REC004966,CASE0125,CDR,2023-10-22 13:00:00,+919870835827,+919866280994,356938078593525,34,"Salt Lake, Kolkata"
REC004967,CASE0125,UPI,2023-10-22 21:00:00,anita.r89@icb,citypay7@icb,TXN160810,22000,N/A
REC004968,CASE0125,UPI,2023-10-22 22:00:00,anita.r89@icb,freshmart13@okhdfcbank,TXN964226,7500,N/A
REC004969,CASE0125,CDR,2023-10-23 06:00:00,+919870835827,+919866280994,356938078593525,231,"Cyber City, Gurugram"
REC004970,CASE0125,UPI,2023-10-23 10:00:00,anita.r89@icb,rajesh.m19@paytm,TXN370421,48000,N/A
REC004971,CASE0126,CDR,2023-11-16 02:00:00,+919856950170,+919887305767,356938077064571,72,"Vaishali Nagar, Jaipur"
REC004972,CASE0126,UPI,2023-11-16 06:00:00,deepa.v35@paytm,pooja.b64@icb,TXN980739,22000,N/A
REC004973,CASE0126,CDR,2023-11-17 07:00:00,+919856950170,+919887305767,356938077064571,466,"Vaishali Nagar, Jaipur"
REC004974,CASE0126,CDR,2023-11-17 10:00:00,+919856950170,+919823472959,356938077064571,210,"Whitefield, Bengaluru"
REC004975,CASE0126,CDR,2023-11-17 13:00:00,+919856950170,+919823927047,356938077064571,19,"Whitefield, Bengaluru"
REC004976,CASE0126,UPI,2023-11-17 17:00:00,traders2423@icb,deepa.v35@paytm,TXN363148,7500,N/A
REC004977,CASE0126,UPI,2023-11-17 17:00:00,deepa.v35@paytm,rajesh.m68@paytm,TXN860782,7500,N/A
REC004978,CASE0126,CDR,2023-11-18 13:00:00,+919856950170,+919823472959,356938077064571,493,"Vaishali Nagar, Jaipur"
REC004979,CASE0126,UPI,2023-11-18 16:00:00,deepa.v35@paytm,kavita.n79@paytm,TXN713491,48000,N/A
REC004980,CASE0126,CDR,2023-11-18 18:00:00,+919856950170,+919887305767,356938077064571,254,"Anna Nagar, Chennai"
REC004981,CASE0126,CDR,2023-11-18 22:00:00,+919856950170,+919823927047,356938077064571,180,"Anna Nagar, Chennai"
REC004982,CASE0126,CDR,2023-11-18 23:00:00,+919856950170,+919823472959,356938077064571,348,"Connaught Place, Delhi"
REC004983,CASE0126,CDR,2023-11-19 07:00:00,+919856950170,+919817633003,356938077064571,490,"Banjara Hills, Hyderabad"
REC004984,CASE0126,CDR,2023-11-20 05:00:00,+919856950170,+919846997511,356938077064571,285,"Cyber City, Gurugram"
REC004985,CASE0126,CDR,2023-11-20 19:00:00,+919856950170,+919826377912,356938077064571,346,"Cyber City, Gurugram"
REC004986,CASE0126,CDR,2023-11-20 23:00:00,+919856950170,+919817633003,356938077064571,17,"Whitefield, Bengaluru"
REC004987,CASE0126,UPI,2023-11-20 23:00:00,traders2423@icb,deepa.v35@paytm,TXN639818,500,N/A
REC004988,CASE0126,CDR,2023-11-21 09:00:00,+919856950170,+919823927047,356938077064571,73,"Sector 15, Gurugram"
REC004989,CASE0126,CDR,2023-11-21 10:00:00,+919856950170,+919817633003,356938077064571,402,"Kothrud, Pune"
REC004990,CASE0126,CDR,2023-11-22 03:00:00,+919856950170,+919823927047,356938077064571,20,"Andheri East, Mumbai"
REC004991,CASE0126,UPI,2023-11-22 06:00:00,deepa.v35@paytm,pooja.b64@icb,TXN453275,7500,N/A
REC004992,CASE0126,UPI,2023-11-22 08:00:00,deepa.v35@paytm,kavita.n79@paytm,TXN544003,3000,N/A
REC004993,CASE0126,CDR,2023-11-22 17:00:00,+919856950170,+919823927047,356938077064571,228,"Anna Nagar, Chennai"
REC004994,CASE0126,CDR,2023-11-23 02:00:00,+919856950170,+919826377912,356938077064571,221,"Banjara Hills, Hyderabad"
REC004995,CASE0126,UPI,2023-11-23 09:00:00,traders2423@icb,deepa.v35@paytm,TXN101108,7500,N/A
REC004996,CASE0126,CDR,2023-11-23 10:00:00,+919856950170,+919846997511,356938077064571,345,"Cyber City, Gurugram"
REC004997,CASE0126,UPI,2023-11-23 22:00:00,deepa.v35@paytm,pooja.b64@icb,TXN252896,3000,N/A
REC004998,CASE0126,CDR,2023-11-24 05:00:00,+919856950170,+919846997511,356938077064571,219,"Sector 15, Gurugram"
REC004999,CASE0126,UPI,2023-11-24 08:00:00,traders2423@icb,deepa.v35@paytm,TXN486743,3000,N/A
REC005000,CASE0126,UPI,2023-11-25 02:00:00,traders2423@icb,deepa.v35@paytm,TXN860943,1200,N/A
REC005001,CASE0126,CDR,2023-11-25 10:00:00,+919856950170,+919867373878,356938077064571,497,"Anna Nagar, Chennai"
REC005002,CASE0126,UPI,2023-11-25 16:00:00,traders2423@icb,deepa.v35@paytm,TXN977908,15000,N/A
REC005003,CASE0127,CDR,2025-05-02 03:00:00,+919806755990,+919870399043,356938090415235,413,"Anna Nagar, Chennai"
REC005004,CASE0127,CDR,2025-05-02 05:00:00,+919806755990,+919875211549,356938090415235,381,"Vaishali Nagar, Jaipur"
REC005005,CASE0127,CDR,2025-05-02 07:00:00,+919806755990,+919840427744,356938090415235,127,"Vaishali Nagar, Jaipur"
REC005006,CASE0127,UPI,2025-05-02 07:00:00,amitpay67@paytm,kavita.n17@paytm,TXN420123,48000,N/A
REC005007,CASE0127,CDR,2025-05-02 11:00:00,+919806755990,+919816696450,356938090415235,400,"Andheri East, Mumbai"
REC005008,CASE0127,UPI,2025-05-02 14:00:00,amitpay67@paytm,vikram.t69@paytm,TXN126286,48000,N/A
REC005009,CASE0127,CDR,2025-05-02 19:00:00,+919806755990,+919816696450,356938090415235,163,"Connaught Place, Delhi"
REC005010,CASE0127,UPI,2025-05-02 23:00:00,amitpay67@paytm,kavita.n17@paytm,TXN218103,22000,N/A
REC005011,CASE0127,CDR,2025-05-03 02:00:00,+919806755990,+919870399043,356938090415235,369,"Kothrud, Pune"
REC005012,CASE0127,UPI,2025-05-03 03:00:00,kavita.n13@okhdfcbank,amitpay67@paytm,TXN357803,22000,N/A
REC005013,CASE0127,UPI,2025-05-03 05:00:00,amitpay67@paytm,sanjay.p79@okhdfcbank,TXN543997,22000,N/A
REC005014,CASE0127,UPI,2025-05-03 06:00:00,kavita.n13@okhdfcbank,amitpay67@paytm,TXN859995,3000,N/A
REC005015,CASE0127,CDR,2025-05-03 12:00:00,+919806755990,+919831051096,356938090415235,437,"Kothrud, Pune"
REC005016,CASE0127,CDR,2025-05-03 19:00:00,+919806755990,+919870399043,356938090415235,487,"Kothrud, Pune"
REC005017,CASE0127,CDR,2025-05-04 11:00:00,+919806755990,+919870399043,356938090415235,391,"Salt Lake, Kolkata"
REC005018,CASE0127,UPI,2025-05-04 17:00:00,amitpay67@paytm,nikhil.j69@icb,TXN834541,7500,N/A
REC005019,CASE0127,UPI,2025-05-04 19:00:00,amitpay67@paytm,kavita.n17@paytm,TXN531759,22000,N/A
REC005020,CASE0127,CDR,2025-05-05 03:00:00,+919806755990,+919840427744,356938090415235,154,"Salt Lake, Kolkata"
REC005021,CASE0127,UPI,2025-05-05 13:00:00,kavita.n13@okhdfcbank,amitpay67@paytm,TXN827096,7500,N/A
REC005022,CASE0127,UPI,2025-05-05 13:00:00,amitpay67@paytm,sanjay.p79@okhdfcbank,TXN299805,3000,N/A
REC005023,CASE0127,CDR,2025-05-05 20:00:00,+919806755990,+919870399043,356938090415235,25,"Kothrud, Pune"
REC005024,CASE0127,CDR,2025-05-05 23:00:00,+919806755990,+919805712337,356938090415235,79,"Salt Lake, Kolkata"
REC005025,CASE0127,UPI,2025-05-05 23:00:00,amitpay67@paytm,kavita.n17@paytm,TXN465269,22000,N/A
REC005026,CASE0127,CDR,2025-05-06 11:00:00,+919806755990,+919805712337,356938090415235,89,"Vaishali Nagar, Jaipur"
REC005027,CASE0127,UPI,2025-05-06 14:00:00,kavita.n13@okhdfcbank,amitpay67@paytm,TXN536252,15000,N/A
REC005028,CASE0127,CDR,2025-05-06 15:00:00,+919806755990,+919870399043,356938090415235,366,"Sector 15, Gurugram"
REC005029,CASE0127,CDR,2025-05-06 16:00:00,+919806755990,+919840427744,356938090415235,339,"Vaishali Nagar, Jaipur"
REC005030,CASE0127,UPI,2025-05-06 16:00:00,amitpay67@paytm,nikhil.j69@icb,TXN691990,1200,N/A
REC005031,CASE0127,CDR,2025-05-06 18:00:00,+919806755990,+919840427744,356938090415235,331,"Vaishali Nagar, Jaipur"
REC005032,CASE0127,CDR,2025-05-07 01:00:00,+919806755990,+919831051096,356938090415235,93,"Connaught Place, Delhi"
REC005033,CASE0127,CDR,2025-05-07 09:00:00,+919806755990,+919831051096,356938090415235,27,"Salt Lake, Kolkata"
REC005034,CASE0127,UPI,2025-05-07 11:00:00,amitpay67@paytm,vikram.t69@paytm,TXN450871,22000,N/A
REC005035,CASE0127,UPI,2025-05-07 13:00:00,amitpay67@paytm,nikhil.j69@icb,TXN642704,15000,N/A
REC005036,CASE0127,CDR,2025-05-08 01:00:00,+919806755990,+919806546791,356938090415235,476,"Connaught Place, Delhi"
REC005037,CASE0127,UPI,2025-05-08 01:00:00,kavita.n13@okhdfcbank,amitpay67@paytm,TXN996313,15000,N/A
REC005038,CASE0127,UPI,2025-05-08 02:00:00,kavita.n13@okhdfcbank,amitpay67@paytm,TXN604564,7500,N/A
REC005039,CASE0127,CDR,2025-05-08 05:00:00,+919806755990,+919840427744,356938090415235,254,"Vaishali Nagar, Jaipur"
REC005040,CASE0127,CDR,2025-05-08 06:00:00,+919806755990,+919831051096,356938090415235,252,"Salt Lake, Kolkata"
REC005041,CASE0127,UPI,2025-05-09 07:00:00,amitpay67@paytm,kavita.n17@paytm,TXN671749,3000,N/A
REC005042,CASE0127,CDR,2025-05-10 14:00:00,+919806755990,+919806546791,356938090415235,472,"Vaishali Nagar, Jaipur"
REC005043,CASE0127,CDR,2025-05-10 21:00:00,+919806755990,+919831051096,356938090415235,446,"Salt Lake, Kolkata"
REC005044,CASE0127,CDR,2025-05-10 21:00:00,+919806755990,+919840427744,356938090415235,128,"Andheri East, Mumbai"
REC005045,CASE0127,UPI,2025-05-10 22:00:00,amitpay67@paytm,sanjay.p79@okhdfcbank,TXN908532,22000,N/A
REC005046,CASE0127,UPI,2025-05-10 22:00:00,kavita.n13@okhdfcbank,amitpay67@paytm,TXN428342,500,N/A
REC005047,CASE0127,CDR,2025-05-11 11:00:00,+919806755990,+919840427744,356938090415235,37,"Cyber City, Gurugram"
REC005048,CASE0127,UPI,2025-05-11 11:00:00,amitpay67@paytm,sanjay.p79@okhdfcbank,TXN803738,1200,N/A
REC005049,CASE0128,CDR,2023-08-11 00:00:00,+919840543064,+919853438112,356938088173697,51,"Vaishali Nagar, Jaipur"
REC005050,CASE0128,CDR,2023-08-11 00:00:00,+919840543064,+919841096502,356938088173697,447,"Anna Nagar, Chennai"
REC005051,CASE0128,CDR,2023-08-11 05:00:00,+919840543064,+919849950510,356938088173697,194,"Connaught Place, Delhi"
REC005052,CASE0128,CDR,2023-08-11 06:00:00,+919840543064,+919853438112,356938088173697,81,"Kothrud, Pune"
REC005053,CASE0128,CDR,2023-08-11 07:00:00,+919840543064,+919814369712,356938088173697,323,"Sector 15, Gurugram"
REC005054,CASE0128,CDR,2023-08-11 10:00:00,+919840543064,+919814369712,356938088173697,47,"Salt Lake, Kolkata"
REC005055,CASE0128,CDR,2023-08-11 12:00:00,+919840543064,+919873328979,356938088173697,495,"Sector 15, Gurugram"
REC005056,CASE0128,CDR,2023-08-11 13:00:00,+919840543064,+919841096502,356938088173697,304,"Andheri East, Mumbai"
REC005057,CASE0128,CDR,2023-08-11 15:00:00,+919840543064,+919841096502,356938088173697,399,"Salt Lake, Kolkata"
REC005058,CASE0128,CDR,2023-08-11 16:00:00,+919840543064,+919889254726,356938088173697,114,"Salt Lake, Kolkata"
REC005059,CASE0128,UPI,2023-08-11 23:00:00,ravi.k28@okhdfcbank,meera.s73@upi,TXN701265,22000,N/A
REC005060,CASE0128,CDR,2023-08-12 01:00:00,+919840543064,+919818703345,356938088173697,493,"Salt Lake, Kolkata"
REC005061,CASE0128,CDR,2023-08-12 07:00:00,+919840543064,+919814369712,356938088173697,251,"Cyber City, Gurugram"
REC005062,CASE0128,UPI,2023-08-12 15:00:00,meera.s73@upi,freshmart74@okhdfcbank,TXN404928,3000,N/A
REC005063,CASE0128,UPI,2023-08-12 20:00:00,meera.s73@upi,freshmart74@okhdfcbank,TXN237732,3000,N/A
REC005064,CASE0128,UPI,2023-08-12 21:00:00,meera.s73@upi,meera.s44@upi,TXN931952,15000,N/A
REC005065,CASE0128,CDR,2023-08-13 01:00:00,+919840543064,+919849950510,356938088173697,346,"Kothrud, Pune"
REC005066,CASE0128,UPI,2023-08-13 01:00:00,meera.s73@upi,citypay12@ybl,TXN914911,3000,N/A
REC005067,CASE0128,UPI,2023-08-13 03:00:00,meera.s73@upi,citypay12@ybl,TXN826642,15000,N/A
REC005068,CASE0128,CDR,2023-08-13 05:00:00,+919840543064,+919849950510,356938088173697,172,"Anna Nagar, Chennai"
REC005069,CASE0128,CDR,2023-08-13 08:00:00,+919840543064,+919889254726,356938088173697,173,"Banjara Hills, Hyderabad"
REC005070,CASE0128,CDR,2023-08-13 09:00:00,+919840543064,+919849950510,356938088173697,410,"Sector 15, Gurugram"
REC005071,CASE0128,UPI,2023-08-13 09:00:00,meera.s73@upi,freshmart74@okhdfcbank,TXN309307,22000,N/A
REC005072,CASE0128,CDR,2023-08-13 14:00:00,+919840543064,+919814369712,356938088173697,104,"Sector 15, Gurugram"
REC005073,CASE0128,UPI,2023-08-13 15:00:00,ravi.k28@okhdfcbank,meera.s73@upi,TXN801452,15000,N/A
REC005074,CASE0128,CDR,2023-08-13 16:00:00,+919840543064,+919818703345,356938088173697,380,"Sector 15, Gurugram"
REC005075,CASE0128,UPI,2023-08-14 02:00:00,ravi.k28@okhdfcbank,meera.s73@upi,TXN857500,48000,N/A
REC005076,CASE0128,UPI,2023-08-14 18:00:00,meera.s73@upi,meera.s44@upi,TXN783162,1200,N/A
REC005077,CASE0128,CDR,2023-08-15 01:00:00,+919840543064,+919849950510,356938088173697,251,"Vaishali Nagar, Jaipur"
REC005078,CASE0128,CDR,2023-08-15 06:00:00,+919840543064,+919814369712,356938088173697,142,"Anna Nagar, Chennai"
REC005079,CASE0128,UPI,2023-08-15 07:00:00,meera.s73@upi,freshmart15@paytm,TXN409950,22000,N/A
REC005080,CASE0128,CDR,2023-08-15 10:00:00,+919840543064,+919814369712,356938088173697,143,"Cyber City, Gurugram"
REC005081,CASE0128,CDR,2023-08-15 14:00:00,+919840543064,+919849950510,356938088173697,31,"Vaishali Nagar, Jaipur"
REC005082,CASE0128,CDR,2023-08-15 15:00:00,+919840543064,+919814369712,356938088173697,365,"Whitefield, Bengaluru"
REC005083,CASE0128,UPI,2023-08-16 02:00:00,ravi.k28@okhdfcbank,meera.s73@upi,TXN727447,48000,N/A
REC005084,CASE0128,CDR,2023-08-16 17:00:00,+919840543064,+919841096502,356938088173697,204,"Vaishali Nagar, Jaipur"
REC005085,CASE0128,CDR,2023-08-16 17:00:00,+919840543064,+919818703345,356938088173697,436,"Connaught Place, Delhi"
REC005086,CASE0128,UPI,2023-08-16 17:00:00,meera.s73@upi,freshmart15@paytm,TXN529162,3000,N/A
REC005087,CASE0128,CDR,2023-08-16 18:00:00,+919840543064,+919818703345,356938088173697,188,"Connaught Place, Delhi"
REC005088,CASE0128,UPI,2023-08-17 09:00:00,ravi.k28@okhdfcbank,meera.s73@upi,TXN925394,15000,N/A
REC005089,CASE0128,CDR,2023-08-17 10:00:00,+919840543064,+919889254726,356938088173697,423,"Connaught Place, Delhi"
REC005090,CASE0128,CDR,2023-08-17 12:00:00,+919840543064,+919841096502,356938088173697,140,"Salt Lake, Kolkata"
REC005091,CASE0128,CDR,2023-08-17 13:00:00,+919840543064,+919873328979,356938088173697,57,"Anna Nagar, Chennai"
REC005092,CASE0128,CDR,2023-08-17 18:00:00,+919840543064,+919814369712,356938088173697,83,"Connaught Place, Delhi"
REC005093,CASE0128,UPI,2023-08-17 19:00:00,ravi.k28@okhdfcbank,meera.s73@upi,TXN832798,1200,N/A
REC005094,CASE0128,CDR,2023-08-17 21:00:00,+919840543064,+919841096502,356938088173697,218,"Whitefield, Bengaluru"
REC005095,CASE0128,UPI,2023-08-17 23:00:00,meera.s73@upi,freshmart74@okhdfcbank,TXN876181,48000,N/A
REC005096,CASE0128,CDR,2023-08-18 13:00:00,+919840543064,+919818703345,356938088173697,209,"Sector 15, Gurugram"
REC005097,CASE0128,CDR,2023-08-18 14:00:00,+919840543064,+919814369712,356938088173697,91,"Vaishali Nagar, Jaipur"
REC005098,CASE0128,CDR,2023-08-18 17:00:00,+919840543064,+919814369712,356938088173697,403,"Connaught Place, Delhi"
REC005099,CASE0128,UPI,2023-08-18 20:00:00,meera.s73@upi,freshmart15@paytm,TXN531128,15000,N/A
REC005100,CASE0128,CDR,2023-08-19 23:00:00,+919840543064,+919849950510,356938088173697,276,"Banjara Hills, Hyderabad"
REC005101,CASE0128,CDR,2023-08-20 01:00:00,+919840543064,+919873328979,356938088173697,441,"Anna Nagar, Chennai"
REC005102,CASE0128,UPI,2023-08-20 01:00:00,meera.s73@upi,freshmart74@okhdfcbank,TXN312257,500,N/A
REC005103,CASE0128,CDR,2023-08-20 05:00:00,+919840543064,+919849950510,356938088173697,487,"Cyber City, Gurugram"
REC005104,CASE0128,CDR,2023-08-20 08:00:00,+919840543064,+919889254726,356938088173697,34,"Connaught Place, Delhi"
REC005105,CASE0128,UPI,2023-08-20 12:00:00,ravi.k28@okhdfcbank,meera.s73@upi,TXN732178,15000,N/A
REC005106,CASE0128,CDR,2023-08-20 22:00:00,+919840543064,+919873328979,356938088173697,26,"Kothrud, Pune"
REC005107,CASE0129,CDR,2023-02-17 15:00:00,+919849972949,+919836208663,356938086246362,273,"Whitefield, Bengaluru"
REC005108,CASE0129,UPI,2023-02-17 23:00:00,quickcash35@ybl,amitpay9@okhdfcbank,TXN970020,7500,N/A
REC005109,CASE0129,CDR,2023-02-18 02:00:00,+919849972949,+919833548337,356938086246362,202,"Vaishali Nagar, Jaipur"
REC005110,CASE0129,CDR,2023-02-18 08:00:00,+919849972949,+919818696236,356938086246362,399,"Kothrud, Pune"
REC005111,CASE0129,CDR,2023-02-19 07:00:00,+919849972949,+919833548337,356938086246362,169,"Anna Nagar, Chennai"
REC005112,CASE0129,UPI,2023-02-19 09:00:00,quickcash35@ybl,amitpay9@okhdfcbank,TXN904132,15000,N/A
REC005113,CASE0129,CDR,2023-02-19 22:00:00,+919849972949,+919814508293,356938086246362,183,"Anna Nagar, Chennai"
REC005114,CASE0129,CDR,2023-02-21 04:00:00,+919849972949,+919836208663,356938086246362,358,"Vaishali Nagar, Jaipur"
REC005115,CASE0129,CDR,2023-02-21 10:00:00,+919849972949,+919836208663,356938086246362,65,"Whitefield, Bengaluru"
REC005116,CASE0129,UPI,2023-02-22 06:00:00,quickcash35@ybl,pooja.b92@paytm,TXN719385,15000,N/A
REC005117,CASE0129,CDR,2023-02-22 15:00:00,+919849972949,+919833548337,356938086246362,403,"Salt Lake, Kolkata"
REC005118,CASE0129,UPI,2023-02-22 15:00:00,pooja.b56@upi,quickcash35@ybl,TXN361421,500,N/A
REC005119,CASE0129,UPI,2023-02-22 18:00:00,pooja.b56@upi,quickcash35@ybl,TXN181640,48000,N/A
REC005120,CASE0129,CDR,2023-02-23 15:00:00,+919849972949,+919864931965,356938086246362,208,"Whitefield, Bengaluru"
REC005121,CASE0129,CDR,2023-02-23 16:00:00,+919849972949,+919836208663,356938086246362,125,"Anna Nagar, Chennai"
REC005122,CASE0129,UPI,2023-02-24 11:00:00,pooja.b56@upi,quickcash35@ybl,TXN915380,48000,N/A
REC005123,CASE0129,CDR,2023-02-25 09:00:00,+919849972949,+919864931965,356938086246362,203,"Vaishali Nagar, Jaipur"
REC005124,CASE0129,CDR,2023-02-26 02:00:00,+919849972949,+919864931965,356938086246362,111,"Connaught Place, Delhi"
REC005125,CASE0129,CDR,2023-02-26 05:00:00,+919849972949,+919809857541,356938086246362,159,"Andheri East, Mumbai"
REC005126,CASE0129,UPI,2023-02-26 16:00:00,pooja.b56@upi,quickcash35@ybl,TXN967802,22000,N/A
REC005127,CASE0130,CDR,2024-09-22 00:00:00,+919895252357,+919812575425,356938023398419,169,"Sector 15, Gurugram"
REC005128,CASE0130,CDR,2024-09-22 03:00:00,+919895252357,+919861767312,356938023398419,21,"Vaishali Nagar, Jaipur"
REC005129,CASE0130,CDR,2024-09-22 04:00:00,+919895252357,+919801881512,356938023398419,308,"Andheri East, Mumbai"
REC005130,CASE0130,UPI,2024-09-22 10:00:00,pooja.b57@icb,amitpay20@ybl,TXN555663,1200,N/A
REC005131,CASE0130,CDR,2024-09-22 14:00:00,+919895252357,+919801881512,356938023398419,100,"Anna Nagar, Chennai"
REC005132,CASE0130,UPI,2024-09-22 14:00:00,nikhil.j81@icb,pooja.b57@icb,TXN126813,1200,N/A
REC005133,CASE0130,CDR,2024-09-23 11:00:00,+919895252357,+919867395995,356938023398419,305,"Salt Lake, Kolkata"
REC005134,CASE0130,CDR,2024-09-23 12:00:00,+919895252357,+919855026516,356938023398419,350,"Anna Nagar, Chennai"
REC005135,CASE0130,UPI,2024-09-23 22:00:00,pooja.b57@icb,anita.r76@icb,TXN366136,7500,N/A
REC005136,CASE0130,UPI,2024-09-24 09:00:00,nikhil.j81@icb,pooja.b57@icb,TXN676747,15000,N/A
REC005137,CASE0130,UPI,2024-09-24 09:00:00,nikhil.j81@icb,pooja.b57@icb,TXN546179,1200,N/A
REC005138,CASE0130,CDR,2024-09-25 13:00:00,+919895252357,+919811056695,356938023398419,351,"Connaught Place, Delhi"
REC005139,CASE0130,CDR,2024-09-26 11:00:00,+919895252357,+919812575425,356938023398419,351,"Anna Nagar, Chennai"
REC005140,CASE0130,CDR,2024-09-26 14:00:00,+919895252357,+919855026516,356938023398419,139,"Connaught Place, Delhi"
REC005141,CASE0130,CDR,2024-09-26 14:00:00,+919895252357,+919861767312,356938023398419,397,"Vaishali Nagar, Jaipur"
REC005142,CASE0130,CDR,2024-09-26 19:00:00,+919895252357,+919812575425,356938023398419,15,"Anna Nagar, Chennai"
REC005143,CASE0130,UPI,2024-09-27 05:00:00,pooja.b57@icb,nikhil.j29@upi,TXN706890,1200,N/A
REC005144,CASE0130,CDR,2024-09-27 14:00:00,+919895252357,+919841766694,356938023398419,73,"Salt Lake, Kolkata"
REC005145,CASE0130,CDR,2024-09-27 16:00:00,+919895252357,+919855026516,356938023398419,294,"Whitefield, Bengaluru"
REC005146,CASE0130,UPI,2024-09-27 20:00:00,pooja.b57@icb,nikhil.j29@upi,TXN995178,1200,N/A
REC005147,CASE0130,UPI,2024-09-28 04:00:00,pooja.b57@icb,amitpay20@ybl,TXN650877,7500,N/A
REC005148,CASE0130,CDR,2024-09-28 14:00:00,+919895252357,+919811056695,356938023398419,235,"Anna Nagar, Chennai"
REC005149,CASE0130,CDR,2024-09-28 20:00:00,+919895252357,+919812575425,356938023398419,397,"Andheri East, Mumbai"
REC005150,CASE0130,UPI,2024-09-29 00:00:00,pooja.b57@icb,amitpay20@ybl,TXN775355,15000,N/A
REC005151,CASE0130,CDR,2024-09-29 04:00:00,+919895252357,+919841766694,356938023398419,434,"Anna Nagar, Chennai"
REC005152,CASE0130,CDR,2024-09-29 04:00:00,+919895252357,+919855026516,356938023398419,371,"Vaishali Nagar, Jaipur"
REC005153,CASE0130,UPI,2024-09-29 12:00:00,pooja.b57@icb,kavita.n97@ybl,TXN263224,48000,N/A
REC005154,CASE0130,UPI,2024-09-30 19:00:00,pooja.b57@icb,amitpay20@ybl,TXN649008,22000,N/A
REC005155,CASE0130,UPI,2024-10-01 13:00:00,nikhil.j81@icb,pooja.b57@icb,TXN255679,48000,N/A
REC005156,CASE0130,UPI,2024-10-01 13:00:00,nikhil.j81@icb,pooja.b57@icb,TXN150218,7500,N/A
REC005157,CASE0130,UPI,2024-10-01 14:00:00,nikhil.j81@icb,pooja.b57@icb,TXN698009,15000,N/A
REC005158,CASE0131,CDR,2024-05-10 08:00:00,+919873668078,+919845608649,356938059168097,62,"Whitefield, Bengaluru"
REC005159,CASE0131,CDR,2024-05-10 10:00:00,+919873668078,+919837482628,356938059168097,441,"Salt Lake, Kolkata"
REC005160,CASE0131,CDR,2024-05-10 16:00:00,+919873668078,+919878810430,356938059168097,164,"Connaught Place, Delhi"
REC005161,CASE0131,CDR,2024-05-11 02:00:00,+919873668078,+919864807018,356938059168097,268,"Cyber City, Gurugram"
REC005162,CASE0131,UPI,2024-05-11 04:00:00,amitpay34@paytm,meera.s46@ybl,TXN478938,15000,N/A
REC005163,CASE0131,UPI,2024-05-11 08:00:00,amitpay34@paytm,freshmart78@upi,TXN347175,22000,N/A
REC005164,CASE0131,CDR,2024-05-11 17:00:00,+919873668078,+919845608649,356938059168097,408,"Sector 15, Gurugram"
REC005165,CASE0131,CDR,2024-05-12 12:00:00,+919873668078,+919891771074,356938059168097,316,"Sector 15, Gurugram"
REC005166,CASE0131,CDR,2024-05-12 14:00:00,+919873668078,+919845608649,356938059168097,323,"Connaught Place, Delhi"
REC005167,CASE0131,CDR,2024-05-12 15:00:00,+919873668078,+919864807018,356938059168097,90,"Cyber City, Gurugram"
REC005168,CASE0131,CDR,2024-05-13 02:00:00,+919873668078,+919878810430,356938059168097,500,"Sector 15, Gurugram"
REC005169,CASE0131,CDR,2024-05-13 03:00:00,+919873668078,+919821444387,356938059168097,373,"Connaught Place, Delhi"
REC005170,CASE0131,CDR,2024-05-13 06:00:00,+919873668078,+919821444387,356938059168097,310,"Anna Nagar, Chennai"
REC005171,CASE0131,CDR,2024-05-13 09:00:00,+919873668078,+919837482628,356938059168097,83,"Vaishali Nagar, Jaipur"
REC005172,CASE0131,CDR,2024-05-13 19:00:00,+919873668078,+919878810430,356938059168097,164,"Andheri East, Mumbai"
REC005173,CASE0131,UPI,2024-05-14 03:00:00,amitpay34@paytm,sanjay.p15@okhdfcbank,TXN228608,3000,N/A
REC005174,CASE0131,UPI,2024-05-14 13:00:00,amitpay34@paytm,vikram.t96@paytm,TXN620468,500,N/A
REC005175,CASE0131,CDR,2024-05-14 19:00:00,+919873668078,+919816701210,356938059168097,351,"Cyber City, Gurugram"
REC005176,CASE0131,CDR,2024-05-15 01:00:00,+919873668078,+919821444387,356938059168097,423,"Banjara Hills, Hyderabad"
REC005177,CASE0131,UPI,2024-05-15 02:00:00,vikram.t92@upi,amitpay34@paytm,TXN747647,22000,N/A
REC005178,CASE0131,UPI,2024-05-15 15:00:00,vikram.t92@upi,amitpay34@paytm,TXN759616,3000,N/A
REC005179,CASE0131,UPI,2024-05-16 05:00:00,amitpay34@paytm,vikram.t96@paytm,TXN215084,7500,N/A
REC005180,CASE0131,UPI,2024-05-16 17:00:00,amitpay34@paytm,sanjay.p15@okhdfcbank,TXN320327,7500,N/A
REC005181,CASE0131,CDR,2024-05-16 23:00:00,+919873668078,+919816701210,356938059168097,78,"Sector 15, Gurugram"
REC005182,CASE0131,CDR,2024-05-17 03:00:00,+919873668078,+919821444387,356938059168097,177,"Vaishali Nagar, Jaipur"
REC005183,CASE0131,CDR,2024-05-18 14:00:00,+919873668078,+919864807018,356938059168097,329,"Banjara Hills, Hyderabad"
REC005184,CASE0131,UPI,2024-05-18 23:00:00,amitpay34@paytm,vikram.t96@paytm,TXN775116,7500,N/A
REC005185,CASE0131,CDR,2024-05-19 02:00:00,+919873668078,+919864807018,356938059168097,425,"Anna Nagar, Chennai"
REC005186,CASE0131,UPI,2024-05-19 10:00:00,amitpay34@paytm,sanjay.p15@okhdfcbank,TXN936863,48000,N/A
REC005187,CASE0131,CDR,2024-05-19 18:00:00,+919873668078,+919816701210,356938059168097,100,"Connaught Place, Delhi"
REC005188,CASE0132,CDR,2023-01-29 02:00:00,+919831338123,+919846954584,356938065187373,30,"Anna Nagar, Chennai"
REC005189,CASE0132,CDR,2023-01-29 04:00:00,+919831338123,+919861277495,356938065187373,28,"Kothrud, Pune"
REC005190,CASE0132,CDR,2023-01-30 00:00:00,+919831338123,+919853920141,356938065187373,428,"Cyber City, Gurugram"
REC005191,CASE0132,CDR,2023-01-30 15:00:00,+919831338123,+919872799380,356938065187373,422,"Kothrud, Pune"
REC005192,CASE0132,CDR,2023-01-31 08:00:00,+919831338123,+919861277495,356938065187373,205,"Anna Nagar, Chennai"
REC005193,CASE0132,CDR,2023-01-31 08:00:00,+919831338123,+919846954584,356938065187373,328,"Kothrud, Pune"
REC005194,CASE0132,CDR,2023-01-31 13:00:00,+919831338123,+919861277495,356938065187373,384,"Banjara Hills, Hyderabad"
REC005195,CASE0132,CDR,2023-01-31 18:00:00,+919831338123,+919889525622,356938065187373,356,"Cyber City, Gurugram"
REC005196,CASE0132,CDR,2023-02-01 12:00:00,+919831338123,+919853920141,356938065187373,314,"Anna Nagar, Chennai"
REC005197,CASE0132,UPI,2023-02-01 12:00:00,amitpay37@upi,meera.s70@okhdfcbank,TXN230247,1200,N/A
REC005198,CASE0132,CDR,2023-02-01 16:00:00,+919831338123,+919853920141,356938065187373,367,"Anna Nagar, Chennai"
REC005199,CASE0132,CDR,2023-02-01 22:00:00,+919831338123,+919851560445,356938065187373,55,"Sector 15, Gurugram"
REC005200,CASE0132,CDR,2023-02-02 11:00:00,+919831338123,+919822794974,356938065187373,63,"Vaishali Nagar, Jaipur"
REC005201,CASE0132,UPI,2023-02-02 14:00:00,meera.s70@okhdfcbank,traders2431@okhdfcbank,TXN504825,500,N/A
REC005202,CASE0132,UPI,2023-02-02 15:00:00,amitpay37@upi,meera.s70@okhdfcbank,TXN788614,3000,N/A
REC005203,CASE0132,CDR,2023-02-02 16:00:00,+919831338123,+919846954584,356938065187373,378,"Connaught Place, Delhi"
REC005204,CASE0132,CDR,2023-02-03 03:00:00,+919831338123,+919889525622,356938065187373,391,"Connaught Place, Delhi"
REC005205,CASE0132,UPI,2023-02-03 04:00:00,amitpay37@upi,meera.s70@okhdfcbank,TXN158684,22000,N/A
REC005206,CASE0132,CDR,2023-02-03 08:00:00,+919831338123,+919846954584,356938065187373,276,"Salt Lake, Kolkata"
REC005207,CASE0132,UPI,2023-02-05 07:00:00,meera.s70@okhdfcbank,traders2411@okhdfcbank,TXN229640,3000,N/A
REC005208,CASE0132,UPI,2023-02-05 16:00:00,meera.s70@okhdfcbank,deepa.v68@paytm,TXN814750,7500,N/A
REC005209,CASE0132,CDR,2023-02-05 18:00:00,+919831338123,+919861277495,356938065187373,500,"Cyber City, Gurugram"
REC005210,CASE0132,UPI,2023-02-05 18:00:00,meera.s70@okhdfcbank,deepa.v68@paytm,TXN481543,3000,N/A
REC005211,CASE0132,UPI,2023-02-05 23:00:00,meera.s70@okhdfcbank,traders2431@okhdfcbank,TXN558982,1200,N/A
REC005212,CASE0132,CDR,2023-02-06 07:00:00,+919831338123,+919853920141,356938065187373,198,"Banjara Hills, Hyderabad"
REC005213,CASE0132,CDR,2023-02-06 08:00:00,+919831338123,+919851560445,356938065187373,125,"Anna Nagar, Chennai"
REC005214,CASE0132,CDR,2023-02-06 16:00:00,+919831338123,+919889525622,356938065187373,128,"Banjara Hills, Hyderabad"
REC005215,CASE0132,CDR,2023-02-07 02:00:00,+919831338123,+919889525622,356938065187373,181,"Kothrud, Pune"
REC005216,CASE0132,UPI,2023-02-07 18:00:00,amitpay37@upi,meera.s70@okhdfcbank,TXN374041,1200,N/A
REC005217,CASE0132,UPI,2023-02-07 21:00:00,meera.s70@okhdfcbank,traders2411@okhdfcbank,TXN168977,15000,N/A
REC005218,CASE0133,CDR,2023-05-29 16:00:00,+919839294570,+919877291111,356938023241501,331,"Kothrud, Pune"
REC005219,CASE0133,CDR,2023-05-29 18:00:00,+919839294570,+919890502620,356938023241501,399,"Sector 15, Gurugram"
REC005220,CASE0133,UPI,2023-05-29 19:00:00,rajesh.m63@okhdfcbank,anita.r86@paytm,TXN404519,3000,N/A
REC005221,CASE0133,UPI,2023-06-01 02:00:00,rajesh.m96@okhdfcbank,rajesh.m63@okhdfcbank,TXN333535,3000,N/A
REC005222,CASE0133,UPI,2023-06-01 04:00:00,rajesh.m63@okhdfcbank,sunita.d59@paytm,TXN410865,500,N/A
REC005223,CASE0133,CDR,2023-06-01 09:00:00,+919839294570,+919838395919,356938023241501,184,"Anna Nagar, Chennai"
REC005224,CASE0133,UPI,2023-06-01 11:00:00,rajesh.m63@okhdfcbank,anita.r86@paytm,TXN399183,22000,N/A
REC005225,CASE0133,UPI,2023-06-02 01:00:00,rajesh.m63@okhdfcbank,sunita.d59@paytm,TXN328016,15000,N/A
REC005226,CASE0133,UPI,2023-06-02 04:00:00,rajesh.m96@okhdfcbank,rajesh.m63@okhdfcbank,TXN558521,48000,N/A
REC005227,CASE0133,UPI,2023-06-02 18:00:00,rajesh.m63@okhdfcbank,nikhil.j84@okhdfcbank,TXN225939,7500,N/A
REC005228,CASE0133,CDR,2023-06-03 00:00:00,+919839294570,+919890502620,356938023241501,483,"Salt Lake, Kolkata"
REC005229,CASE0133,CDR,2023-06-04 06:00:00,+919839294570,+919811075148,356938023241501,381,"Sector 15, Gurugram"
REC005230,CASE0133,UPI,2023-06-04 08:00:00,rajesh.m63@okhdfcbank,sunita.d59@paytm,TXN765934,3000,N/A
REC005231,CASE0133,UPI,2023-06-04 09:00:00,rajesh.m63@okhdfcbank,sunita.d59@paytm,TXN843415,15000,N/A
REC005232,CASE0133,CDR,2023-06-04 17:00:00,+919839294570,+919811075148,356938023241501,245,"Salt Lake, Kolkata"
REC005233,CASE0133,CDR,2023-06-04 18:00:00,+919839294570,+919838395919,356938023241501,273,"Andheri East, Mumbai"
REC005234,CASE0133,CDR,2023-06-05 05:00:00,+919839294570,+919811075148,356938023241501,119,"Whitefield, Bengaluru"
REC005235,CASE0133,CDR,2023-06-05 09:00:00,+919839294570,+919877291111,356938023241501,441,"Whitefield, Bengaluru"
REC005236,CASE0133,UPI,2023-06-05 11:00:00,rajesh.m96@okhdfcbank,rajesh.m63@okhdfcbank,TXN236611,7500,N/A
REC005237,CASE0133,CDR,2023-06-05 14:00:00,+919839294570,+919890502620,356938023241501,167,"Cyber City, Gurugram"
REC005238,CASE0133,CDR,2023-06-06 06:00:00,+919839294570,+919890502620,356938023241501,472,"Whitefield, Bengaluru"
REC005239,CASE0133,UPI,2023-06-06 17:00:00,rajesh.m63@okhdfcbank,anita.r86@paytm,TXN653801,48000,N/A
REC005240,CASE0133,CDR,2023-06-07 01:00:00,+919839294570,+919854380359,356938023241501,135,"Banjara Hills, Hyderabad"
REC005241,CASE0133,UPI,2023-06-07 21:00:00,rajesh.m96@okhdfcbank,rajesh.m63@okhdfcbank,TXN899435,1200,N/A
REC005242,CASE0133,CDR,2023-06-07 22:00:00,+919839294570,+919872368305,356938023241501,154,"Vaishali Nagar, Jaipur"
REC005243,CASE0133,CDR,2023-06-08 00:00:00,+919839294570,+919890502620,356938023241501,101,"Sector 15, Gurugram"
REC005244,CASE0134,UPI,2024-04-01 00:00:00,anita.r73@icb,traders2414@upi,TXN957151,22000,N/A
REC005245,CASE0134,CDR,2024-04-01 08:00:00,+919819991878,+919849201117,356938063743730,277,"Cyber City, Gurugram"
REC005246,CASE0134,UPI,2024-04-02 06:00:00,anita.r73@icb,deepa.v59@icb,TXN891414,500,N/A
REC005247,CASE0134,UPI,2024-04-02 21:00:00,anita.r73@icb,traders2414@upi,TXN201154,22000,N/A
REC005248,CASE0134,UPI,2024-04-02 22:00:00,meera.s19@paytm,anita.r73@icb,TXN977500,3000,N/A
REC005249,CASE0134,UPI,2024-04-03 05:00:00,meera.s19@paytm,anita.r73@icb,TXN166425,48000,N/A
REC005250,CASE0134,CDR,2024-04-03 07:00:00,+919819991878,+919846292812,356938063743730,100,"Banjara Hills, Hyderabad"
REC005251,CASE0134,CDR,2024-04-03 12:00:00,+919819991878,+919822942078,356938063743730,143,"Vaishali Nagar, Jaipur"
REC005252,CASE0134,UPI,2024-04-03 17:00:00,meera.s19@paytm,anita.r73@icb,TXN756820,22000,N/A
REC005253,CASE0134,CDR,2024-04-03 23:00:00,+919819991878,+919887056943,356938063743730,477,"Connaught Place, Delhi"
REC005254,CASE0134,CDR,2024-04-04 14:00:00,+919819991878,+919822942078,356938063743730,55,"Kothrud, Pune"
REC005255,CASE0134,UPI,2024-04-04 16:00:00,anita.r73@icb,deepa.v59@icb,TXN510159,3000,N/A
REC005256,CASE0134,CDR,2024-04-05 09:00:00,+919819991878,+919822942078,356938063743730,178,"Salt Lake, Kolkata"
REC005257,CASE0134,UPI,2024-04-05 15:00:00,meera.s19@paytm,anita.r73@icb,TXN717070,7500,N/A
REC005258,CASE0134,CDR,2024-04-05 22:00:00,+919819991878,+919848879002,356938063743730,351,"Connaught Place, Delhi"
REC005259,CASE0134,CDR,2024-04-06 04:00:00,+919819991878,+919849201117,356938063743730,499,"Kothrud, Pune"
REC005260,CASE0134,UPI,2024-04-06 11:00:00,anita.r73@icb,kavita.n60@upi,TXN366439,500,N/A
REC005261,CASE0134,CDR,2024-04-06 15:00:00,+919819991878,+919848879002,356938063743730,419,"Anna Nagar, Chennai"
REC005262,CASE0134,CDR,2024-04-06 16:00:00,+919819991878,+919822942078,356938063743730,226,"Anna Nagar, Chennai"
REC005263,CASE0134,CDR,2024-04-08 03:00:00,+919819991878,+919866335444,356938063743730,307,"Whitefield, Bengaluru"
REC005264,CASE0134,CDR,2024-04-08 14:00:00,+919819991878,+919849201117,356938063743730,27,"Whitefield, Bengaluru"
REC005265,CASE0134,CDR,2024-04-08 17:00:00,+919819991878,+919822942078,356938063743730,151,"Whitefield, Bengaluru"
REC005266,CASE0134,CDR,2024-04-08 20:00:00,+919819991878,+919849201117,356938063743730,130,"Connaught Place, Delhi"
REC005267,CASE0134,CDR,2024-04-09 00:00:00,+919819991878,+919887056943,356938063743730,218,"Andheri East, Mumbai"
REC005268,CASE0134,UPI,2024-04-09 08:00:00,anita.r73@icb,deepa.v59@icb,TXN656465,15000,N/A
REC005269,CASE0134,CDR,2024-04-09 14:00:00,+919819991878,+919866335444,356938063743730,352,"Sector 15, Gurugram"
REC005270,CASE0134,UPI,2024-04-09 21:00:00,meera.s19@paytm,anita.r73@icb,TXN631560,500,N/A
REC005271,CASE0134,UPI,2024-04-10 07:00:00,meera.s19@paytm,anita.r73@icb,TXN324606,15000,N/A
REC005272,CASE0134,CDR,2024-04-10 21:00:00,+919819991878,+919866335444,356938063743730,60,"Andheri East, Mumbai"
REC005273,CASE0135,UPI,2023-03-11 02:00:00,anita.r64@upi,anita.r58@paytm,TXN980750,22000,N/A
REC005274,CASE0135,UPI,2023-03-11 02:00:00,anita.r64@upi,traders2494@paytm,TXN682053,500,N/A
REC005275,CASE0135,CDR,2023-03-11 07:00:00,+919894796614,+919874271733,356938026983638,120,"Anna Nagar, Chennai"
REC005276,CASE0135,CDR,2023-03-11 08:00:00,+919894796614,+919832332589,356938026983638,255,"Andheri East, Mumbai"
REC005277,CASE0135,UPI,2023-03-11 10:00:00,anita.r64@upi,meera.s19@paytm,TXN614589,1200,N/A
REC005278,CASE0135,UPI,2023-03-11 11:00:00,traders2413@paytm,anita.r64@upi,TXN713455,15000,N/A
REC005279,CASE0135,CDR,2023-03-12 04:00:00,+919894796614,+919898406734,356938026983638,390,"Anna Nagar, Chennai"
REC005280,CASE0135,UPI,2023-03-12 05:00:00,anita.r64@upi,traders2494@paytm,TXN129187,1200,N/A
REC005281,CASE0135,CDR,2023-03-12 07:00:00,+919894796614,+919874271733,356938026983638,467,"Sector 15, Gurugram"
REC005282,CASE0135,CDR,2023-03-12 07:00:00,+919894796614,+919832332589,356938026983638,378,"Salt Lake, Kolkata"
REC005283,CASE0135,UPI,2023-03-12 15:00:00,traders2413@paytm,anita.r64@upi,TXN244701,22000,N/A
REC005284,CASE0135,UPI,2023-03-12 15:00:00,anita.r64@upi,meera.s19@paytm,TXN264879,500,N/A
REC005285,CASE0135,CDR,2023-03-13 03:00:00,+919894796614,+919898406734,356938026983638,348,"Sector 15, Gurugram"
REC005286,CASE0135,CDR,2023-03-13 10:00:00,+919894796614,+919832332589,356938026983638,345,"Whitefield, Bengaluru"
REC005287,CASE0135,CDR,2023-03-13 10:00:00,+919894796614,+919880873288,356938026983638,193,"Vaishali Nagar, Jaipur"
REC005288,CASE0135,CDR,2023-03-13 11:00:00,+919894796614,+919865399387,356938026983638,272,"Connaught Place, Delhi"
REC005289,CASE0135,CDR,2023-03-13 11:00:00,+919894796614,+919816674301,356938026983638,203,"Andheri East, Mumbai"
REC005290,CASE0135,CDR,2023-03-13 12:00:00,+919894796614,+919880873288,356938026983638,330,"Andheri East, Mumbai"
REC005291,CASE0135,CDR,2023-03-13 12:00:00,+919894796614,+919874271733,356938026983638,49,"Salt Lake, Kolkata"
REC005292,CASE0135,UPI,2023-03-14 01:00:00,traders2413@paytm,anita.r64@upi,TXN703017,15000,N/A
REC005293,CASE0135,CDR,2023-03-14 02:00:00,+919894796614,+919894898699,356938026983638,50,"Anna Nagar, Chennai"
REC005294,CASE0135,UPI,2023-03-14 05:00:00,anita.r64@upi,meera.s19@paytm,TXN149475,3000,N/A
REC005295,CASE0135,UPI,2023-03-14 05:00:00,traders2413@paytm,anita.r64@upi,TXN248725,1200,N/A
REC005296,CASE0135,CDR,2023-03-14 09:00:00,+919894796614,+919874271733,356938026983638,198,"Cyber City, Gurugram"
REC005297,CASE0135,CDR,2023-03-14 19:00:00,+919894796614,+919880873288,356938026983638,342,"Cyber City, Gurugram"
REC005298,CASE0135,CDR,2023-03-14 19:00:00,+919894796614,+919816674301,356938026983638,410,"Andheri East, Mumbai"
REC005299,CASE0135,UPI,2023-03-14 19:00:00,anita.r64@upi,meera.s19@paytm,TXN689471,1200,N/A
REC005300,CASE0135,UPI,2023-03-15 05:00:00,anita.r64@upi,meera.s19@paytm,TXN722217,48000,N/A
REC005301,CASE0135,UPI,2023-03-15 05:00:00,traders2413@paytm,anita.r64@upi,TXN740282,48000,N/A
REC005302,CASE0135,UPI,2023-03-15 08:00:00,traders2413@paytm,anita.r64@upi,TXN999499,22000,N/A
REC005303,CASE0135,CDR,2023-03-15 09:00:00,+919894796614,+919898406734,356938026983638,63,"Andheri East, Mumbai"
REC005304,CASE0135,CDR,2023-03-15 13:00:00,+919894796614,+919832332589,356938026983638,496,"Cyber City, Gurugram"
REC005305,CASE0135,UPI,2023-03-15 21:00:00,traders2413@paytm,anita.r64@upi,TXN122273,500,N/A
REC005306,CASE0135,CDR,2023-03-16 13:00:00,+919894796614,+919898406734,356938026983638,27,"Andheri East, Mumbai"
REC005307,CASE0135,CDR,2023-03-17 13:00:00,+919894796614,+919880873288,356938026983638,125,"Sector 15, Gurugram"
REC005308,CASE0135,UPI,2023-03-17 20:00:00,traders2413@paytm,anita.r64@upi,TXN761991,48000,N/A
REC005309,CASE0135,UPI,2023-03-17 21:00:00,anita.r64@upi,anita.r58@paytm,TXN171614,22000,N/A
REC005310,CASE0135,UPI,2023-03-18 03:00:00,anita.r64@upi,anita.r40@ybl,TXN787590,3000,N/A
REC005311,CASE0135,UPI,2023-03-18 05:00:00,anita.r64@upi,meera.s19@paytm,TXN830064,3000,N/A
REC005312,CASE0135,UPI,2023-03-18 06:00:00,anita.r64@upi,traders2494@paytm,TXN650555,3000,N/A
REC005313,CASE0135,CDR,2023-03-18 14:00:00,+919894796614,+919894898699,356938026983638,78,"Connaught Place, Delhi"
REC005314,CASE0135,CDR,2023-03-18 16:00:00,+919894796614,+919880873288,356938026983638,115,"Sector 15, Gurugram"
REC005315,CASE0135,UPI,2023-03-18 17:00:00,anita.r64@upi,meera.s19@paytm,TXN607512,500,N/A
REC005316,CASE0135,CDR,2023-03-18 21:00:00,+919894796614,+919894898699,356938026983638,120,"Sector 15, Gurugram"
REC005317,CASE0135,CDR,2023-03-18 23:00:00,+919894796614,+919832332589,356938026983638,35,"Banjara Hills, Hyderabad"
REC005318,CASE0135,CDR,2023-03-19 10:00:00,+919894796614,+919816674301,356938026983638,476,"Sector 15, Gurugram"
REC005319,CASE0135,UPI,2023-03-19 14:00:00,traders2413@paytm,anita.r64@upi,TXN291586,1200,N/A
REC005320,CASE0135,CDR,2023-03-19 16:00:00,+919894796614,+919898406734,356938026983638,29,"Kothrud, Pune"
REC005321,CASE0135,CDR,2023-03-19 17:00:00,+919894796614,+919865399387,356938026983638,317,"Whitefield, Bengaluru"
REC005322,CASE0135,CDR,2023-03-19 20:00:00,+919894796614,+919894898699,356938026983638,46,"Andheri East, Mumbai"
REC005323,CASE0135,UPI,2023-03-19 23:00:00,anita.r64@upi,anita.r58@paytm,TXN212423,3000,N/A
REC005324,CASE0136,CDR,2023-07-14 04:00:00,+919801077922,+919804340725,356938062757867,79,"Connaught Place, Delhi"
REC005325,CASE0136,UPI,2023-07-14 18:00:00,amitpay64@ybl,kavita.n77@okhdfcbank,TXN319129,500,N/A
REC005326,CASE0136,CDR,2023-07-14 19:00:00,+919801077922,+919887261278,356938062757867,319,"Anna Nagar, Chennai"
REC005327,CASE0136,CDR,2023-07-15 03:00:00,+919801077922,+919800220494,356938062757867,356,"Kothrud, Pune"
REC005328,CASE0136,UPI,2023-07-15 03:00:00,kavita.n77@okhdfcbank,anita.r98@paytm,TXN494660,15000,N/A
REC005329,CASE0136,CDR,2023-07-15 06:00:00,+919801077922,+919898771027,356938062757867,246,"Whitefield, Bengaluru"
REC005330,CASE0136,CDR,2023-07-15 20:00:00,+919801077922,+919898771027,356938062757867,454,"Andheri East, Mumbai"
REC005331,CASE0136,CDR,2023-07-15 23:00:00,+919801077922,+919864883422,356938062757867,203,"Connaught Place, Delhi"
REC005332,CASE0136,CDR,2023-07-16 05:00:00,+919801077922,+919887261278,356938062757867,294,"Anna Nagar, Chennai"
REC005333,CASE0136,CDR,2023-07-16 15:00:00,+919801077922,+919800220494,356938062757867,315,"Cyber City, Gurugram"
REC005334,CASE0136,CDR,2023-07-16 18:00:00,+919801077922,+919870461212,356938062757867,297,"Vaishali Nagar, Jaipur"
REC005335,CASE0136,UPI,2023-07-16 19:00:00,amitpay64@ybl,kavita.n77@okhdfcbank,TXN380950,1200,N/A
REC005336,CASE0136,UPI,2023-07-17 00:00:00,kavita.n77@okhdfcbank,meera.s99@icb,TXN423409,7500,N/A
REC005337,CASE0136,UPI,2023-07-17 04:00:00,amitpay64@ybl,kavita.n77@okhdfcbank,TXN759340,500,N/A
REC005338,CASE0136,UPI,2023-07-17 07:00:00,amitpay64@ybl,kavita.n77@okhdfcbank,TXN699902,48000,N/A
REC005339,CASE0136,UPI,2023-07-17 07:00:00,kavita.n77@okhdfcbank,traders2455@paytm,TXN223293,48000,N/A
REC005340,CASE0136,CDR,2023-07-17 09:00:00,+919801077922,+919887261278,356938062757867,276,"Cyber City, Gurugram"
REC005341,CASE0136,CDR,2023-07-17 17:00:00,+919801077922,+919800220494,356938062757867,416,"Cyber City, Gurugram"
REC005342,CASE0136,CDR,2023-07-18 07:00:00,+919801077922,+919819663858,356938062757867,182,"Cyber City, Gurugram"
REC005343,CASE0136,CDR,2023-07-18 12:00:00,+919801077922,+919800220494,356938062757867,272,"Cyber City, Gurugram"
REC005344,CASE0136,UPI,2023-07-18 18:00:00,kavita.n77@okhdfcbank,traders2455@paytm,TXN115507,48000,N/A
REC005345,CASE0136,CDR,2023-07-18 19:00:00,+919801077922,+919887261278,356938062757867,163,"Cyber City, Gurugram"
REC005346,CASE0136,UPI,2023-07-18 22:00:00,kavita.n77@okhdfcbank,sunita.d27@paytm,TXN688093,3000,N/A
REC005347,CASE0136,UPI,2023-07-19 00:00:00,kavita.n77@okhdfcbank,anita.r98@paytm,TXN783716,7500,N/A
REC005348,CASE0136,UPI,2023-07-19 09:00:00,amitpay64@ybl,kavita.n77@okhdfcbank,TXN481621,48000,N/A
REC005349,CASE0136,UPI,2023-07-20 05:00:00,kavita.n77@okhdfcbank,traders2455@paytm,TXN875999,48000,N/A
REC005350,CASE0136,CDR,2023-07-20 06:00:00,+919801077922,+919804340725,356938062757867,163,"Kothrud, Pune"
REC005351,CASE0136,CDR,2023-07-20 19:00:00,+919801077922,+919864883422,356938062757867,201,"Anna Nagar, Chennai"
REC005352,CASE0136,UPI,2023-07-20 21:00:00,amitpay64@ybl,kavita.n77@okhdfcbank,TXN729296,3000,N/A
REC005353,CASE0136,UPI,2023-07-21 06:00:00,kavita.n77@okhdfcbank,anita.r98@paytm,TXN615955,7500,N/A
REC005354,CASE0136,UPI,2023-07-21 14:00:00,kavita.n77@okhdfcbank,sunita.d27@paytm,TXN510785,15000,N/A
REC005355,CASE0136,CDR,2023-07-21 15:00:00,+919801077922,+919800220494,356938062757867,24,"Sector 15, Gurugram"
REC005356,CASE0136,CDR,2023-07-21 15:00:00,+919801077922,+919800220494,356938062757867,334,"Vaishali Nagar, Jaipur"
REC005357,CASE0136,CDR,2023-07-22 09:00:00,+919801077922,+919864883422,356938062757867,26,"Connaught Place, Delhi"
REC005358,CASE0136,CDR,2023-07-22 15:00:00,+919801077922,+919887261278,356938062757867,105,"Cyber City, Gurugram"
REC005359,CASE0136,CDR,2023-07-22 18:00:00,+919801077922,+919870461212,356938062757867,277,"Kothrud, Pune"
REC005360,CASE0136,UPI,2023-07-22 18:00:00,kavita.n77@okhdfcbank,anita.r98@paytm,TXN463629,15000,N/A
REC005361,CASE0136,CDR,2023-07-22 21:00:00,+919801077922,+919800220494,356938062757867,111,"Kothrud, Pune"
REC005362,CASE0136,UPI,2023-07-23 00:00:00,amitpay64@ybl,kavita.n77@okhdfcbank,TXN651013,1200,N/A
REC005363,CASE0136,CDR,2023-07-23 09:00:00,+919801077922,+919870461212,356938062757867,146,"Banjara Hills, Hyderabad"
REC005364,CASE0137,CDR,2023-11-04 07:00:00,+919812576231,+919811131180,356938000247322,293,"Sector 15, Gurugram"
REC005365,CASE0137,UPI,2023-11-04 14:00:00,traders2474@upi,anita.r86@okhdfcbank,TXN335223,22000,N/A
REC005366,CASE0137,CDR,2023-11-04 16:00:00,+919812576231,+919884648827,356938000247322,274,"Anna Nagar, Chennai"
REC005367,CASE0137,UPI,2023-11-04 19:00:00,anita.r86@okhdfcbank,traders2493@paytm,TXN375044,15000,N/A
REC005368,CASE0137,UPI,2023-11-05 00:00:00,anita.r86@okhdfcbank,rajesh.m37@icb,TXN473012,48000,N/A
REC005369,CASE0137,UPI,2023-11-05 02:00:00,anita.r86@okhdfcbank,traders2493@paytm,TXN959027,48000,N/A
REC005370,CASE0137,UPI,2023-11-05 13:00:00,anita.r86@okhdfcbank,rajesh.m37@icb,TXN973279,15000,N/A
REC005371,CASE0137,CDR,2023-11-05 21:00:00,+919812576231,+919886386528,356938000247322,381,"Banjara Hills, Hyderabad"
REC005372,CASE0137,CDR,2023-11-06 02:00:00,+919812576231,+919852741831,356938000247322,58,"Sector 15, Gurugram"
REC005373,CASE0137,UPI,2023-11-06 03:00:00,anita.r86@okhdfcbank,rajesh.m37@icb,TXN335442,15000,N/A
REC005374,CASE0137,UPI,2023-11-06 05:00:00,anita.r86@okhdfcbank,sunita.d63@okhdfcbank,TXN549687,7500,N/A
REC005375,CASE0137,CDR,2023-11-06 21:00:00,+919812576231,+919884648827,356938000247322,144,"Kothrud, Pune"
REC005376,CASE0137,UPI,2023-11-07 19:00:00,traders2474@upi,anita.r86@okhdfcbank,TXN242192,500,N/A
REC005377,CASE0137,CDR,2023-11-07 21:00:00,+919812576231,+919886386528,356938000247322,395,"Whitefield, Bengaluru"
REC005378,CASE0137,CDR,2023-11-07 22:00:00,+919812576231,+919840887449,356938000247322,261,"Salt Lake, Kolkata"
REC005379,CASE0137,UPI,2023-11-08 13:00:00,traders2474@upi,anita.r86@okhdfcbank,TXN498831,500,N/A
REC005380,CASE0137,CDR,2023-11-08 15:00:00,+919812576231,+919811131180,356938000247322,414,"Cyber City, Gurugram"
REC005381,CASE0137,CDR,2023-11-08 16:00:00,+919812576231,+919886386528,356938000247322,22,"Whitefield, Bengaluru"
REC005382,CASE0137,UPI,2023-11-08 16:00:00,anita.r86@okhdfcbank,nikhil.j5@paytm,TXN872491,48000,N/A
REC005383,CASE0137,CDR,2023-11-08 20:00:00,+919812576231,+919852741831,356938000247322,202,"Anna Nagar, Chennai"
REC005384,CASE0137,CDR,2023-11-09 04:00:00,+919812576231,+919830230196,356938000247322,125,"Andheri East, Mumbai"
REC005385,CASE0137,UPI,2023-11-09 04:00:00,anita.r86@okhdfcbank,nikhil.j5@paytm,TXN655476,15000,N/A
REC005386,CASE0137,UPI,2023-11-09 06:00:00,traders2474@upi,anita.r86@okhdfcbank,TXN685379,7500,N/A
REC005387,CASE0137,CDR,2023-11-09 13:00:00,+919812576231,+919826760283,356938000247322,116,"Anna Nagar, Chennai"
REC005388,CASE0137,UPI,2023-11-09 16:00:00,anita.r86@okhdfcbank,rajesh.m37@icb,TXN593542,48000,N/A
REC005389,CASE0137,CDR,2023-11-09 19:00:00,+919812576231,+919884648827,356938000247322,298,"Whitefield, Bengaluru"
REC005390,CASE0137,CDR,2023-11-10 08:00:00,+919812576231,+919811131180,356938000247322,249,"Vaishali Nagar, Jaipur"
REC005391,CASE0137,UPI,2023-11-10 23:00:00,anita.r86@okhdfcbank,nikhil.j5@paytm,TXN358474,22000,N/A
REC005392,CASE0137,CDR,2023-11-11 03:00:00,+919812576231,+919852741831,356938000247322,16,"Vaishali Nagar, Jaipur"
REC005393,CASE0137,CDR,2023-11-11 11:00:00,+919812576231,+919826760283,356938000247322,216,"Whitefield, Bengaluru"
REC005394,CASE0137,UPI,2023-11-12 02:00:00,anita.r86@okhdfcbank,traders2493@paytm,TXN933245,48000,N/A
REC005395,CASE0137,CDR,2023-11-12 05:00:00,+919812576231,+919830230196,356938000247322,373,"Cyber City, Gurugram"
REC005396,CASE0137,CDR,2023-11-13 04:00:00,+919812576231,+919852741831,356938000247322,101,"Connaught Place, Delhi"
REC005397,CASE0138,UPI,2023-08-26 07:00:00,amitpay55@upi,sanjay.p97@ybl,TXN869525,1200,N/A
REC005398,CASE0138,CDR,2023-08-26 10:00:00,+919833193885,+919863954624,356938042601185,461,"Connaught Place, Delhi"
REC005399,CASE0138,CDR,2023-08-27 00:00:00,+919833193885,+919825817324,356938042601185,134,"Kothrud, Pune"
REC005400,CASE0138,UPI,2023-08-27 13:00:00,amitpay55@upi,sanjay.p97@ybl,TXN482041,7500,N/A
REC005401,CASE0138,CDR,2023-08-27 14:00:00,+919833193885,+919863954624,356938042601185,436,"Andheri East, Mumbai"
REC005402,CASE0138,CDR,2023-08-27 18:00:00,+919833193885,+919825817324,356938042601185,229,"Andheri East, Mumbai"
REC005403,CASE0138,CDR,2023-08-28 09:00:00,+919833193885,+919859551169,356938042601185,183,"Anna Nagar, Chennai"
REC005404,CASE0138,UPI,2023-08-28 20:00:00,amitpay55@upi,sanjay.p97@ybl,TXN937741,15000,N/A
REC005405,CASE0138,UPI,2023-08-29 03:00:00,amitpay55@upi,vikram.t6@icb,TXN822969,1200,N/A
REC005406,CASE0138,UPI,2023-08-29 05:00:00,vikram.t13@ybl,amitpay55@upi,TXN194045,15000,N/A
REC005407,CASE0138,CDR,2023-08-29 19:00:00,+919833193885,+919863954624,356938042601185,288,"Vaishali Nagar, Jaipur"
REC005408,CASE0138,CDR,2023-08-29 21:00:00,+919833193885,+919884938694,356938042601185,53,"Kothrud, Pune"
REC005409,CASE0138,UPI,2023-08-29 23:00:00,vikram.t13@ybl,amitpay55@upi,TXN892446,22000,N/A
REC005410,CASE0138,UPI,2023-08-30 00:00:00,vikram.t13@ybl,amitpay55@upi,TXN543667,3000,N/A
REC005411,CASE0138,CDR,2023-08-30 05:00:00,+919833193885,+919859551169,356938042601185,487,"Andheri East, Mumbai"
REC005412,CASE0138,CDR,2023-08-31 04:00:00,+919833193885,+919884938694,356938042601185,153,"Andheri East, Mumbai"
REC005413,CASE0138,CDR,2023-08-31 06:00:00,+919833193885,+919884938694,356938042601185,255,"Connaught Place, Delhi"
REC005414,CASE0138,CDR,2023-08-31 13:00:00,+919833193885,+919863954624,356938042601185,153,"Salt Lake, Kolkata"
REC005415,CASE0138,UPI,2023-08-31 19:00:00,vikram.t13@ybl,amitpay55@upi,TXN383591,500,N/A
REC005416,CASE0138,CDR,2023-08-31 20:00:00,+919833193885,+919836165468,356938042601185,23,"Whitefield, Bengaluru"
REC005417,CASE0138,CDR,2023-08-31 22:00:00,+919833193885,+919859551169,356938042601185,470,"Vaishali Nagar, Jaipur"
REC005418,CASE0138,CDR,2023-08-31 23:00:00,+919833193885,+919884938694,356938042601185,35,"Anna Nagar, Chennai"
REC005419,CASE0138,UPI,2023-09-01 02:00:00,amitpay55@upi,traders2431@paytm,TXN665145,1200,N/A
REC005420,CASE0138,UPI,2023-09-01 10:00:00,vikram.t13@ybl,amitpay55@upi,TXN411522,22000,N/A
REC005421,CASE0138,UPI,2023-09-01 12:00:00,amitpay55@upi,vikram.t6@icb,TXN244321,7500,N/A
REC005422,CASE0138,UPI,2023-09-02 00:00:00,vikram.t13@ybl,amitpay55@upi,TXN877055,15000,N/A
REC005423,CASE0138,CDR,2023-09-02 01:00:00,+919833193885,+919834312226,356938042601185,52,"Sector 15, Gurugram"
REC005424,CASE0138,UPI,2023-09-02 07:00:00,amitpay55@upi,vikram.t6@icb,TXN871900,22000,N/A
REC005425,CASE0138,CDR,2023-09-02 09:00:00,+919833193885,+919863954624,356938042601185,19,"Vaishali Nagar, Jaipur"
REC005426,CASE0138,CDR,2023-09-02 14:00:00,+919833193885,+919825817324,356938042601185,51,"Anna Nagar, Chennai"
REC005427,CASE0138,CDR,2023-09-03 05:00:00,+919833193885,+919884938694,356938042601185,345,"Whitefield, Bengaluru"
REC005428,CASE0138,UPI,2023-09-03 05:00:00,vikram.t13@ybl,amitpay55@upi,TXN715779,22000,N/A
REC005429,CASE0138,CDR,2023-09-03 10:00:00,+919833193885,+919834312226,356938042601185,323,"Kothrud, Pune"
REC005430,CASE0138,CDR,2023-09-03 20:00:00,+919833193885,+919825817324,356938042601185,49,"Connaught Place, Delhi"
REC005431,CASE0138,UPI,2023-09-04 09:00:00,vikram.t13@ybl,amitpay55@upi,TXN158410,500,N/A
REC005432,CASE0138,CDR,2023-09-04 18:00:00,+919833193885,+919836165468,356938042601185,56,"Salt Lake, Kolkata"
REC005433,CASE0138,CDR,2023-09-04 21:00:00,+919833193885,+919859551169,356938042601185,246,"Andheri East, Mumbai"
REC005434,CASE0138,CDR,2023-09-04 23:00:00,+919833193885,+919884938694,356938042601185,240,"Anna Nagar, Chennai"
REC005435,CASE0139,CDR,2024-04-28 00:00:00,+919875124784,+919879013894,356938017991296,279,"Banjara Hills, Hyderabad"
REC005436,CASE0139,CDR,2024-04-28 00:00:00,+919875124784,+919879013894,356938017991296,167,"Whitefield, Bengaluru"
REC005437,CASE0139,CDR,2024-04-28 03:00:00,+919875124784,+919899805540,356938017991296,341,"Anna Nagar, Chennai"
REC005438,CASE0139,CDR,2024-04-28 04:00:00,+919875124784,+919812238191,356938017991296,254,"Sector 15, Gurugram"
REC005439,CASE0139,UPI,2024-04-28 13:00:00,kavita.n16@okhdfcbank,ravi.k77@okhdfcbank,TXN488765,500,N/A
REC005440,CASE0139,CDR,2024-04-28 17:00:00,+919875124784,+919879013894,356938017991296,362,"Connaught Place, Delhi"
REC005441,CASE0139,CDR,2024-04-28 20:00:00,+919875124784,+919833734020,356938017991296,409,"Cyber City, Gurugram"
REC005442,CASE0139,CDR,2024-04-29 00:00:00,+919875124784,+919867243371,356938017991296,318,"Kothrud, Pune"
REC005443,CASE0139,UPI,2024-04-29 03:00:00,kavita.n16@okhdfcbank,sanjay.p57@ybl,TXN861888,3000,N/A
REC005444,CASE0139,UPI,2024-04-29 05:00:00,freshmart15@ybl,kavita.n16@okhdfcbank,TXN197494,22000,N/A
REC005445,CASE0139,CDR,2024-04-29 08:00:00,+919875124784,+919867243371,356938017991296,80,"Anna Nagar, Chennai"
REC005446,CASE0139,CDR,2024-04-29 08:00:00,+919875124784,+919899805540,356938017991296,388,"Salt Lake, Kolkata"
REC005447,CASE0139,CDR,2024-04-29 10:00:00,+919875124784,+919812238191,356938017991296,207,"Vaishali Nagar, Jaipur"
REC005448,CASE0139,CDR,2024-04-29 13:00:00,+919875124784,+919835446515,356938017991296,349,"Anna Nagar, Chennai"
REC005449,CASE0139,CDR,2024-04-29 21:00:00,+919875124784,+919812238191,356938017991296,371,"Sector 15, Gurugram"
REC005450,CASE0139,UPI,2024-04-29 21:00:00,kavita.n16@okhdfcbank,sanjay.p57@ybl,TXN381262,500,N/A
REC005451,CASE0139,CDR,2024-04-30 04:00:00,+919875124784,+919812238191,356938017991296,210,"Kothrud, Pune"
REC005452,CASE0139,CDR,2024-04-30 05:00:00,+919875124784,+919812238191,356938017991296,69,"Connaught Place, Delhi"
REC005453,CASE0139,UPI,2024-04-30 07:00:00,kavita.n16@okhdfcbank,pooja.b95@okhdfcbank,TXN843119,48000,N/A
REC005454,CASE0139,CDR,2024-04-30 12:00:00,+919875124784,+919879013894,356938017991296,269,"Cyber City, Gurugram"
REC005455,CASE0139,CDR,2024-04-30 13:00:00,+919875124784,+919835446515,356938017991296,498,"Whitefield, Bengaluru"
REC005456,CASE0139,UPI,2024-04-30 14:00:00,freshmart15@ybl,kavita.n16@okhdfcbank,TXN692653,48000,N/A
REC005457,CASE0139,CDR,2024-04-30 18:00:00,+919875124784,+919812238191,356938017991296,209,"Andheri East, Mumbai"
REC005458,CASE0139,CDR,2024-04-30 19:00:00,+919875124784,+919887347176,356938017991296,77,"Vaishali Nagar, Jaipur"
REC005459,CASE0139,CDR,2024-04-30 21:00:00,+919875124784,+919835446515,356938017991296,495,"Cyber City, Gurugram"
REC005460,CASE0139,CDR,2024-04-30 22:00:00,+919875124784,+919887347176,356938017991296,70,"Cyber City, Gurugram"
REC005461,CASE0139,CDR,2024-05-01 10:00:00,+919875124784,+919833734020,356938017991296,63,"Kothrud, Pune"
REC005462,CASE0139,CDR,2024-05-01 15:00:00,+919875124784,+919835446515,356938017991296,319,"Sector 15, Gurugram"
REC005463,CASE0139,UPI,2024-05-01 18:00:00,kavita.n16@okhdfcbank,pooja.b95@okhdfcbank,TXN803162,7500,N/A
REC005464,CASE0139,UPI,2024-05-02 04:00:00,kavita.n16@okhdfcbank,freshmart92@ybl,TXN981476,500,N/A
REC005465,CASE0139,CDR,2024-05-02 18:00:00,+919875124784,+919887347176,356938017991296,53,"Vaishali Nagar, Jaipur"
REC005466,CASE0139,CDR,2024-05-03 04:00:00,+919875124784,+919899805540,356938017991296,312,"Sector 15, Gurugram"
REC005467,CASE0139,UPI,2024-05-03 04:00:00,freshmart15@ybl,kavita.n16@okhdfcbank,TXN704145,3000,N/A
REC005468,CASE0139,UPI,2024-05-03 05:00:00,kavita.n16@okhdfcbank,pooja.b95@okhdfcbank,TXN634479,15000,N/A
REC005469,CASE0139,CDR,2024-05-03 09:00:00,+919875124784,+919867243371,356938017991296,162,"Sector 15, Gurugram"
REC005470,CASE0139,CDR,2024-05-03 10:00:00,+919875124784,+919812238191,356938017991296,388,"Cyber City, Gurugram"
REC005471,CASE0139,UPI,2024-05-03 14:00:00,kavita.n16@okhdfcbank,ravi.k77@okhdfcbank,TXN647047,500,N/A
REC005472,CASE0139,CDR,2024-05-03 21:00:00,+919875124784,+919879013894,356938017991296,127,"Andheri East, Mumbai"
REC005473,CASE0139,CDR,2024-05-04 02:00:00,+919875124784,+919867243371,356938017991296,373,"Whitefield, Bengaluru"
REC005474,CASE0139,UPI,2024-05-05 00:00:00,kavita.n16@okhdfcbank,ravi.k77@okhdfcbank,TXN995767,48000,N/A
REC005475,CASE0139,UPI,2024-05-05 02:00:00,freshmart15@ybl,kavita.n16@okhdfcbank,TXN360791,48000,N/A
REC005476,CASE0139,CDR,2024-05-05 10:00:00,+919875124784,+919899805540,356938017991296,199,"Kothrud, Pune"
REC005477,CASE0139,UPI,2024-05-05 10:00:00,freshmart15@ybl,kavita.n16@okhdfcbank,TXN862412,1200,N/A
REC005478,CASE0139,UPI,2024-05-05 12:00:00,kavita.n16@okhdfcbank,pooja.b95@okhdfcbank,TXN962487,3000,N/A
REC005479,CASE0139,UPI,2024-05-05 21:00:00,kavita.n16@okhdfcbank,sanjay.p57@ybl,TXN391749,15000,N/A
REC005480,CASE0139,CDR,2024-05-06 04:00:00,+919875124784,+919812238191,356938017991296,79,"Sector 15, Gurugram"
REC005481,CASE0139,UPI,2024-05-06 16:00:00,kavita.n16@okhdfcbank,freshmart92@ybl,TXN836202,22000,N/A
REC005482,CASE0139,CDR,2024-05-06 20:00:00,+919875124784,+919867243371,356938017991296,298,"Banjara Hills, Hyderabad"
REC005483,CASE0139,CDR,2024-05-07 00:00:00,+919875124784,+919879013894,356938017991296,211,"Sector 15, Gurugram"
REC005484,CASE0139,UPI,2024-05-07 00:00:00,kavita.n16@okhdfcbank,ravi.k77@okhdfcbank,TXN975646,48000,N/A
REC005485,CASE0139,CDR,2024-05-07 02:00:00,+919875124784,+919879013894,356938017991296,289,"Andheri East, Mumbai"
REC005486,CASE0139,CDR,2024-05-07 05:00:00,+919875124784,+919887347176,356938017991296,490,"Salt Lake, Kolkata"
REC005487,CASE0139,CDR,2024-05-07 07:00:00,+919875124784,+919812238191,356938017991296,461,"Vaishali Nagar, Jaipur"
REC005488,CASE0139,CDR,2024-05-08 00:00:00,+919875124784,+919833734020,356938017991296,252,"Vaishali Nagar, Jaipur"
REC005489,CASE0140,CDR,2024-03-25 09:00:00,+919870728112,+919837881935,356938009723482,277,"Banjara Hills, Hyderabad"
REC005490,CASE0140,UPI,2024-03-25 10:00:00,sunita.d96@icb,deepa.v71@icb,TXN289133,22000,N/A
REC005491,CASE0140,UPI,2024-03-25 19:00:00,deepa.v71@icb,deepa.v97@paytm,TXN431603,500,N/A
REC005492,CASE0140,CDR,2024-03-26 04:00:00,+919870728112,+919885421691,356938009723482,82,"Vaishali Nagar, Jaipur"
REC005493,CASE0140,UPI,2024-03-26 07:00:00,sunita.d96@icb,deepa.v71@icb,TXN931251,500,N/A
REC005494,CASE0140,CDR,2024-03-26 18:00:00,+919870728112,+919816914486,356938009723482,457,"Kothrud, Pune"
REC005495,CASE0140,CDR,2024-03-27 09:00:00,+919870728112,+919882006389,356938009723482,63,"Kothrud, Pune"
REC005496,CASE0140,UPI,2024-03-27 11:00:00,deepa.v71@icb,sanjay.p41@okhdfcbank,TXN290391,500,N/A
REC005497,CASE0140,UPI,2024-03-27 15:00:00,deepa.v71@icb,sanjay.p41@okhdfcbank,TXN830158,1200,N/A
REC005498,CASE0140,UPI,2024-03-27 20:00:00,deepa.v71@icb,nikhil.j23@okhdfcbank,TXN815912,15000,N/A
REC005499,CASE0140,CDR,2024-03-27 21:00:00,+919870728112,+919885421691,356938009723482,385,"Whitefield, Bengaluru"
REC005500,CASE0140,UPI,2024-03-28 02:00:00,deepa.v71@icb,sanjay.p41@okhdfcbank,TXN932275,15000,N/A
REC005501,CASE0140,CDR,2024-03-28 05:00:00,+919870728112,+919885421691,356938009723482,111,"Andheri East, Mumbai"
REC005502,CASE0140,CDR,2024-03-28 06:00:00,+919870728112,+919881345061,356938009723482,358,"Whitefield, Bengaluru"
REC005503,CASE0140,CDR,2024-03-29 09:00:00,+919870728112,+919822833898,356938009723482,301,"Cyber City, Gurugram"
REC005504,CASE0140,UPI,2024-03-29 10:00:00,deepa.v71@icb,nikhil.j23@okhdfcbank,TXN680048,22000,N/A
REC005505,CASE0140,CDR,2024-03-29 13:00:00,+919870728112,+919885421691,356938009723482,158,"Anna Nagar, Chennai"
REC005506,CASE0140,UPI,2024-03-29 14:00:00,sunita.d96@icb,deepa.v71@icb,TXN401460,7500,N/A
REC005507,CASE0140,CDR,2024-03-29 21:00:00,+919870728112,+919882006389,356938009723482,112,"Banjara Hills, Hyderabad"
REC005508,CASE0140,CDR,2024-03-30 09:00:00,+919870728112,+919881345061,356938009723482,68,"Kothrud, Pune"
REC005509,CASE0140,UPI,2024-03-30 23:00:00,sunita.d96@icb,deepa.v71@icb,TXN912913,22000,N/A
REC005510,CASE0140,CDR,2024-03-31 06:00:00,+919870728112,+919881345061,356938009723482,470,"Sector 15, Gurugram"
REC005511,CASE0140,CDR,2024-03-31 11:00:00,+919870728112,+919825298941,356938009723482,100,"Whitefield, Bengaluru"
REC005512,CASE0140,CDR,2024-03-31 13:00:00,+919870728112,+919816914486,356938009723482,345,"Anna Nagar, Chennai"
REC005513,CASE0140,UPI,2024-03-31 17:00:00,deepa.v71@icb,sanjay.p41@okhdfcbank,TXN384346,22000,N/A
REC005514,CASE0140,CDR,2024-03-31 23:00:00,+919870728112,+919885421691,356938009723482,65,"Sector 15, Gurugram"
REC005515,CASE0140,UPI,2024-03-31 23:00:00,sunita.d96@icb,deepa.v71@icb,TXN946334,7500,N/A
REC005516,CASE0140,CDR,2024-04-01 11:00:00,+919870728112,+919825298941,356938009723482,474,"Whitefield, Bengaluru"
REC005517,CASE0140,UPI,2024-04-01 11:00:00,deepa.v71@icb,nikhil.j23@okhdfcbank,TXN315335,7500,N/A
REC005518,CASE0140,CDR,2024-04-01 16:00:00,+919870728112,+919837881935,356938009723482,228,"Banjara Hills, Hyderabad"
REC005519,CASE0140,UPI,2024-04-02 04:00:00,deepa.v71@icb,nikhil.j23@okhdfcbank,TXN520913,48000,N/A
REC005520,CASE0140,UPI,2024-04-02 09:00:00,sunita.d96@icb,deepa.v71@icb,TXN272011,500,N/A
REC005521,CASE0140,CDR,2024-04-02 10:00:00,+919870728112,+919822833898,356938009723482,35,"Salt Lake, Kolkata"
REC005522,CASE0140,UPI,2024-04-02 11:00:00,sunita.d96@icb,deepa.v71@icb,TXN170152,48000,N/A
REC005523,CASE0140,CDR,2024-04-02 17:00:00,+919870728112,+919816914486,356938009723482,211,"Anna Nagar, Chennai"
REC005524,CASE0140,UPI,2024-04-02 17:00:00,deepa.v71@icb,sanjay.p41@okhdfcbank,TXN282747,3000,N/A
REC005525,CASE0140,UPI,2024-04-02 22:00:00,deepa.v71@icb,sanjay.p41@okhdfcbank,TXN509754,7500,N/A
REC005526,CASE0140,CDR,2024-04-03 04:00:00,+919870728112,+919882006389,356938009723482,18,"Cyber City, Gurugram"
REC005527,CASE0140,UPI,2024-04-03 08:00:00,deepa.v71@icb,sanjay.p41@okhdfcbank,TXN579794,3000,N/A
REC005528,CASE0140,CDR,2024-04-03 13:00:00,+919870728112,+919881345061,356938009723482,120,"Andheri East, Mumbai"
REC005529,CASE0140,CDR,2024-04-03 23:00:00,+919870728112,+919816914486,356938009723482,46,"Sector 15, Gurugram"
REC005530,CASE0141,CDR,2024-01-14 00:00:00,+919855916949,+919875025966,356938055414127,460,"Anna Nagar, Chennai"
REC005531,CASE0141,CDR,2024-01-14 10:00:00,+919855916949,+919864435582,356938055414127,84,"Sector 15, Gurugram"
REC005532,CASE0141,UPI,2024-01-14 11:00:00,rajesh.m83@okhdfcbank,freshmart61@icb,TXN596673,22000,N/A
REC005533,CASE0141,UPI,2024-01-14 15:00:00,rajesh.m83@okhdfcbank,pooja.b50@paytm,TXN395554,48000,N/A
REC005534,CASE0141,CDR,2024-01-15 09:00:00,+919855916949,+919875025966,356938055414127,179,"Andheri East, Mumbai"
REC005535,CASE0141,UPI,2024-01-16 08:00:00,quickcash99@upi,rajesh.m83@okhdfcbank,TXN430431,22000,N/A
REC005536,CASE0141,CDR,2024-01-16 10:00:00,+919855916949,+919824473685,356938055414127,57,"Vaishali Nagar, Jaipur"
REC005537,CASE0141,UPI,2024-01-16 11:00:00,rajesh.m83@okhdfcbank,sunita.d86@upi,TXN676490,500,N/A
REC005538,CASE0141,UPI,2024-01-16 14:00:00,rajesh.m83@okhdfcbank,freshmart61@icb,TXN824690,3000,N/A
REC005539,CASE0141,CDR,2024-01-16 21:00:00,+919855916949,+919824473685,356938055414127,197,"Sector 15, Gurugram"
REC005540,CASE0141,UPI,2024-01-16 21:00:00,quickcash99@upi,rajesh.m83@okhdfcbank,TXN412740,48000,N/A
REC005541,CASE0141,CDR,2024-01-16 22:00:00,+919855916949,+919849155606,356938055414127,403,"Sector 15, Gurugram"
REC005542,CASE0141,CDR,2024-01-17 19:00:00,+919855916949,+919875025966,356938055414127,248,"Sector 15, Gurugram"
REC005543,CASE0141,UPI,2024-01-18 04:00:00,quickcash99@upi,rajesh.m83@okhdfcbank,TXN921926,500,N/A
REC005544,CASE0141,CDR,2024-01-18 05:00:00,+919855916949,+919849155606,356938055414127,280,"Kothrud, Pune"
REC005545,CASE0141,UPI,2024-01-19 08:00:00,rajesh.m83@okhdfcbank,pooja.b50@paytm,TXN617657,3000,N/A
REC005546,CASE0141,CDR,2024-01-19 20:00:00,+919855916949,+919813876483,356938055414127,80,"Salt Lake, Kolkata"
REC005547,CASE0141,CDR,2024-01-20 06:00:00,+919855916949,+919889810381,356938055414127,30,"Connaught Place, Delhi"
REC005548,CASE0141,CDR,2024-01-20 12:00:00,+919855916949,+919875025966,356938055414127,134,"Connaught Place, Delhi"
REC005549,CASE0141,CDR,2024-01-20 18:00:00,+919855916949,+919824473685,356938055414127,321,"Connaught Place, Delhi"
REC005550,CASE0141,CDR,2024-01-22 08:00:00,+919855916949,+919875025966,356938055414127,176,"Andheri East, Mumbai"
REC005551,CASE0141,UPI,2024-01-22 13:00:00,rajesh.m83@okhdfcbank,traders2482@ybl,TXN392463,1200,N/A
REC005552,CASE0141,CDR,2024-01-22 20:00:00,+919855916949,+919889810381,356938055414127,138,"Cyber City, Gurugram"
REC005553,CASE0142,CDR,2025-01-19 00:00:00,+919820930235,+919855351520,356938057757843,248,"Connaught Place, Delhi"
REC005554,CASE0142,CDR,2025-01-19 00:00:00,+919820930235,+919887375715,356938057757843,30,"Cyber City, Gurugram"
REC005555,CASE0142,UPI,2025-01-19 08:00:00,nikhil.j79@paytm,rajesh.m78@icb,TXN483644,1200,N/A
REC005556,CASE0142,CDR,2025-01-19 15:00:00,+919820930235,+919873040306,356938057757843,107,"Vaishali Nagar, Jaipur"
REC005557,CASE0142,CDR,2025-01-19 16:00:00,+919820930235,+919855351520,356938057757843,269,"Sector 15, Gurugram"
REC005558,CASE0142,UPI,2025-01-19 16:00:00,nikhil.j79@paytm,vikram.t99@ybl,TXN683730,500,N/A
REC005559,CASE0142,UPI,2025-01-19 18:00:00,quickcash62@paytm,nikhil.j79@paytm,TXN580199,7500,N/A
REC005560,CASE0142,CDR,2025-01-20 13:00:00,+919820930235,+919875198070,356938057757843,28,"Anna Nagar, Chennai"
REC005561,CASE0142,CDR,2025-01-20 15:00:00,+919820930235,+919864258806,356938057757843,146,"Anna Nagar, Chennai"
REC005562,CASE0142,CDR,2025-01-20 18:00:00,+919820930235,+919873040306,356938057757843,279,"Connaught Place, Delhi"
REC005563,CASE0142,CDR,2025-01-20 22:00:00,+919820930235,+919808135532,356938057757843,272,"Vaishali Nagar, Jaipur"
REC005564,CASE0142,CDR,2025-01-21 02:00:00,+919820930235,+919878764033,356938057757843,169,"Andheri East, Mumbai"
REC005565,CASE0142,UPI,2025-01-21 15:00:00,nikhil.j79@paytm,sunita.d24@ybl,TXN193740,15000,N/A
REC005566,CASE0142,CDR,2025-01-21 18:00:00,+919820930235,+919873040306,356938057757843,264,"Salt Lake, Kolkata"
REC005567,CASE0142,CDR,2025-01-22 02:00:00,+919820930235,+919878764033,356938057757843,53,"Cyber City, Gurugram"
REC005568,CASE0142,CDR,2025-01-22 03:00:00,+919820930235,+919878764033,356938057757843,317,"Banjara Hills, Hyderabad"
REC005569,CASE0142,UPI,2025-01-22 03:00:00,quickcash62@paytm,nikhil.j79@paytm,TXN712799,15000,N/A
REC005570,CASE0142,UPI,2025-01-22 05:00:00,quickcash62@paytm,nikhil.j79@paytm,TXN959005,500,N/A
REC005571,CASE0142,CDR,2025-01-22 07:00:00,+919820930235,+919864258806,356938057757843,341,"Banjara Hills, Hyderabad"
REC005572,CASE0142,CDR,2025-01-22 10:00:00,+919820930235,+919878764033,356938057757843,282,"Sector 15, Gurugram"
REC005573,CASE0142,CDR,2025-01-22 17:00:00,+919820930235,+919873040306,356938057757843,486,"Whitefield, Bengaluru"
REC005574,CASE0142,CDR,2025-01-23 14:00:00,+919820930235,+919855351520,356938057757843,285,"Sector 15, Gurugram"
REC005575,CASE0142,UPI,2025-01-23 15:00:00,nikhil.j79@paytm,ravi.k61@upi,TXN615214,500,N/A
REC005576,CASE0142,CDR,2025-01-23 17:00:00,+919820930235,+919873040306,356938057757843,196,"Cyber City, Gurugram"
REC005577,CASE0142,CDR,2025-01-23 20:00:00,+919820930235,+919855351520,356938057757843,254,"Whitefield, Bengaluru"
REC005578,CASE0142,UPI,2025-01-24 10:00:00,nikhil.j79@paytm,ravi.k61@upi,TXN886042,7500,N/A
REC005579,CASE0142,CDR,2025-01-24 11:00:00,+919820930235,+919887375715,356938057757843,150,"Whitefield, Bengaluru"
REC005580,CASE0142,CDR,2025-01-25 13:00:00,+919820930235,+919887375715,356938057757843,308,"Cyber City, Gurugram"
REC005581,CASE0142,CDR,2025-01-25 17:00:00,+919820930235,+919873040306,356938057757843,463,"Cyber City, Gurugram"
REC005582,CASE0142,CDR,2025-01-25 21:00:00,+919820930235,+919878764033,356938057757843,198,"Banjara Hills, Hyderabad"
REC005583,CASE0142,CDR,2025-01-26 11:00:00,+919820930235,+919855351520,356938057757843,27,"Andheri East, Mumbai"
REC005584,CASE0142,UPI,2025-01-27 03:00:00,nikhil.j79@paytm,sunita.d24@ybl,TXN522508,3000,N/A
REC005585,CASE0142,UPI,2025-01-27 04:00:00,quickcash62@paytm,nikhil.j79@paytm,TXN163102,1200,N/A
REC005586,CASE0142,UPI,2025-01-27 05:00:00,quickcash62@paytm,nikhil.j79@paytm,TXN876475,22000,N/A
REC005587,CASE0142,CDR,2025-01-27 12:00:00,+919820930235,+919875198070,356938057757843,245,"Connaught Place, Delhi"
REC005588,CASE0142,CDR,2025-01-27 13:00:00,+919820930235,+919855351520,356938057757843,232,"Whitefield, Bengaluru"
REC005589,CASE0142,UPI,2025-01-27 17:00:00,nikhil.j79@paytm,sunita.d24@ybl,TXN619052,48000,N/A
REC005590,CASE0142,UPI,2025-01-28 05:00:00,nikhil.j79@paytm,rajesh.m78@icb,TXN287563,7500,N/A
REC005591,CASE0142,UPI,2025-01-28 07:00:00,nikhil.j79@paytm,rajesh.m78@icb,TXN543332,48000,N/A
REC005592,CASE0142,CDR,2025-01-28 10:00:00,+919820930235,+919875198070,356938057757843,254,"Andheri East, Mumbai"
REC005593,CASE0142,CDR,2025-01-28 13:00:00,+919820930235,+919875198070,356938057757843,453,"Cyber City, Gurugram"
REC005594,CASE0142,CDR,2025-01-28 15:00:00,+919820930235,+919808135532,356938057757843,26,"Vaishali Nagar, Jaipur"
REC005595,CASE0142,CDR,2025-01-28 16:00:00,+919820930235,+919808135532,356938057757843,463,"Banjara Hills, Hyderabad"
REC005596,CASE0142,CDR,2025-01-28 17:00:00,+919820930235,+919808135532,356938057757843,466,"Salt Lake, Kolkata"
REC005597,CASE0142,UPI,2025-01-28 23:00:00,nikhil.j79@paytm,sunita.d24@ybl,TXN598887,1200,N/A
REC005598,CASE0143,UPI,2023-10-01 03:00:00,vikram.t44@okhdfcbank,amitpay29@icb,TXN470443,48000,N/A
REC005599,CASE0143,CDR,2023-10-01 09:00:00,+919817430452,+919891246323,356938048682222,244,"Salt Lake, Kolkata"
REC005600,CASE0143,CDR,2023-10-01 16:00:00,+919817430452,+919813780086,356938048682222,69,"Salt Lake, Kolkata"
REC005601,CASE0143,CDR,2023-10-01 19:00:00,+919817430452,+919841007005,356938048682222,307,"Vaishali Nagar, Jaipur"
REC005602,CASE0143,UPI,2023-10-01 20:00:00,vikram.t44@okhdfcbank,amitpay29@icb,TXN563156,500,N/A
REC005603,CASE0143,CDR,2023-10-01 22:00:00,+919817430452,+919836583829,356938048682222,137,"Andheri East, Mumbai"
REC005604,CASE0143,CDR,2023-10-02 01:00:00,+919817430452,+919891246323,356938048682222,60,"Cyber City, Gurugram"
REC005605,CASE0143,UPI,2023-10-02 01:00:00,amitpay29@icb,freshmart44@paytm,TXN924946,22000,N/A
REC005606,CASE0143,UPI,2023-10-02 05:00:00,amitpay29@icb,freshmart72@icb,TXN694785,48000,N/A
REC005607,CASE0143,CDR,2023-10-02 08:00:00,+919817430452,+919813780086,356938048682222,258,"Salt Lake, Kolkata"
REC005608,CASE0143,UPI,2023-10-02 21:00:00,amitpay29@icb,freshmart44@paytm,TXN552481,15000,N/A
REC005609,CASE0143,CDR,2023-10-03 00:00:00,+919817430452,+919836583829,356938048682222,181,"Banjara Hills, Hyderabad"
REC005610,CASE0143,CDR,2023-10-03 06:00:00,+919817430452,+919852858284,356938048682222,131,"Anna Nagar, Chennai"
REC005611,CASE0143,UPI,2023-10-03 07:00:00,amitpay29@icb,freshmart72@icb,TXN249096,500,N/A
REC005612,CASE0143,UPI,2023-10-03 09:00:00,vikram.t44@okhdfcbank,amitpay29@icb,TXN963078,1200,N/A
REC005613,CASE0143,CDR,2023-10-03 12:00:00,+919817430452,+919852858284,356938048682222,251,"Anna Nagar, Chennai"
REC005614,CASE0143,CDR,2023-10-03 14:00:00,+919817430452,+919841007005,356938048682222,331,"Andheri East, Mumbai"
REC005615,CASE0143,CDR,2023-10-03 17:00:00,+919817430452,+919891246323,356938048682222,271,"Kothrud, Pune"
REC005616,CASE0143,CDR,2023-10-04 01:00:00,+919817430452,+919852858284,356938048682222,236,"Vaishali Nagar, Jaipur"
REC005617,CASE0143,CDR,2023-10-04 02:00:00,+919817430452,+919830048414,356938048682222,283,"Whitefield, Bengaluru"
REC005618,CASE0143,CDR,2023-10-04 08:00:00,+919817430452,+919841007005,356938048682222,249,"Connaught Place, Delhi"
REC005619,CASE0143,CDR,2023-10-04 14:00:00,+919817430452,+919841007005,356938048682222,72,"Kothrud, Pune"
REC005620,CASE0143,UPI,2023-10-04 17:00:00,amitpay29@icb,freshmart72@icb,TXN465063,1200,N/A
REC005621,CASE0143,CDR,2023-10-04 18:00:00,+919817430452,+919836583829,356938048682222,346,"Banjara Hills, Hyderabad"
REC005622,CASE0143,CDR,2023-10-04 22:00:00,+919817430452,+919841007005,356938048682222,98,"Salt Lake, Kolkata"
REC005623,CASE0143,CDR,2023-10-04 23:00:00,+919817430452,+919827618264,356938048682222,120,"Cyber City, Gurugram"
REC005624,CASE0143,CDR,2023-10-05 00:00:00,+919817430452,+919836583829,356938048682222,55,"Whitefield, Bengaluru"
REC005625,CASE0143,CDR,2023-10-05 01:00:00,+919817430452,+919830048414,356938048682222,438,"Vaishali Nagar, Jaipur"
REC005626,CASE0143,CDR,2023-10-05 02:00:00,+919817430452,+919852858284,356938048682222,391,"Whitefield, Bengaluru"
REC005627,CASE0143,CDR,2023-10-05 03:00:00,+919817430452,+919852858284,356938048682222,426,"Andheri East, Mumbai"
REC005628,CASE0143,UPI,2023-10-05 04:00:00,vikram.t44@okhdfcbank,amitpay29@icb,TXN202313,7500,N/A
REC005629,CASE0143,UPI,2023-10-05 08:00:00,vikram.t44@okhdfcbank,amitpay29@icb,TXN954191,3000,N/A
REC005630,CASE0143,CDR,2023-10-05 21:00:00,+919817430452,+919836583829,356938048682222,281,"Vaishali Nagar, Jaipur"
REC005631,CASE0143,UPI,2023-10-05 22:00:00,amitpay29@icb,rajesh.m20@okhdfcbank,TXN398459,15000,N/A
REC005632,CASE0143,CDR,2023-10-06 03:00:00,+919817430452,+919827618264,356938048682222,225,"Sector 15, Gurugram"
REC005633,CASE0143,UPI,2023-10-06 06:00:00,amitpay29@icb,rajesh.m20@okhdfcbank,TXN415096,500,N/A
REC005634,CASE0143,UPI,2023-10-06 16:00:00,amitpay29@icb,nikhil.j26@upi,TXN488589,3000,N/A
REC005635,CASE0143,CDR,2023-10-06 17:00:00,+919817430452,+919836583829,356938048682222,490,"Anna Nagar, Chennai"
REC005636,CASE0143,CDR,2023-10-07 02:00:00,+919817430452,+919852858284,356938048682222,287,"Cyber City, Gurugram"
REC005637,CASE0143,CDR,2023-10-07 06:00:00,+919817430452,+919813780086,356938048682222,69,"Andheri East, Mumbai"
REC005638,CASE0143,CDR,2023-10-07 17:00:00,+919817430452,+919836583829,356938048682222,238,"Kothrud, Pune"
REC005639,CASE0143,CDR,2023-10-07 17:00:00,+919817430452,+919830048414,356938048682222,443,"Anna Nagar, Chennai"
REC005640,CASE0143,UPI,2023-10-08 09:00:00,vikram.t44@okhdfcbank,amitpay29@icb,TXN498490,48000,N/A
REC005641,CASE0143,CDR,2023-10-08 11:00:00,+919817430452,+919852858284,356938048682222,464,"Salt Lake, Kolkata"
REC005642,CASE0143,UPI,2023-10-08 12:00:00,vikram.t44@okhdfcbank,amitpay29@icb,TXN893619,48000,N/A
REC005643,CASE0143,UPI,2023-10-08 21:00:00,vikram.t44@okhdfcbank,amitpay29@icb,TXN995887,7500,N/A
REC005644,CASE0143,UPI,2023-10-08 21:00:00,amitpay29@icb,freshmart44@paytm,TXN747998,22000,N/A
REC005645,CASE0143,CDR,2023-10-08 23:00:00,+919817430452,+919841007005,356938048682222,151,"Andheri East, Mumbai"
REC005646,CASE0143,CDR,2023-10-09 03:00:00,+919817430452,+919813780086,356938048682222,98,"Connaught Place, Delhi"
REC005647,CASE0143,CDR,2023-10-09 04:00:00,+919817430452,+919852858284,356938048682222,325,"Anna Nagar, Chennai"
REC005648,CASE0143,CDR,2023-10-09 05:00:00,+919817430452,+919830048414,356938048682222,263,"Cyber City, Gurugram"
REC005649,CASE0143,UPI,2023-10-09 06:00:00,vikram.t44@okhdfcbank,amitpay29@icb,TXN902315,1200,N/A
REC005650,CASE0143,UPI,2023-10-09 10:00:00,amitpay29@icb,freshmart72@icb,TXN740147,1200,N/A
REC005651,CASE0143,CDR,2023-10-09 20:00:00,+919817430452,+919852858284,356938048682222,43,"Andheri East, Mumbai"
REC005652,CASE0143,UPI,2023-10-10 01:00:00,vikram.t44@okhdfcbank,amitpay29@icb,TXN133629,3000,N/A
REC005653,CASE0143,CDR,2023-10-10 11:00:00,+919817430452,+919827618264,356938048682222,346,"Cyber City, Gurugram"
REC005654,CASE0143,UPI,2023-10-11 00:00:00,vikram.t44@okhdfcbank,amitpay29@icb,TXN489058,500,N/A
REC005655,CASE0144,CDR,2024-12-10 00:00:00,+919865856823,+919826645019,356938069935427,261,"Banjara Hills, Hyderabad"
REC005656,CASE0144,CDR,2024-12-10 03:00:00,+919865856823,+919809744009,356938069935427,139,"Salt Lake, Kolkata"
REC005657,CASE0144,CDR,2024-12-10 13:00:00,+919865856823,+919847036367,356938069935427,247,"Cyber City, Gurugram"
REC005658,CASE0144,UPI,2024-12-10 16:00:00,sunita.d7@upi,sanjay.p84@okhdfcbank,TXN177688,22000,N/A
REC005659,CASE0144,UPI,2024-12-10 17:00:00,sanjay.p84@okhdfcbank,anita.r86@okhdfcbank,TXN130466,22000,N/A
REC005660,CASE0144,CDR,2024-12-10 19:00:00,+919865856823,+919863096754,356938069935427,386,"Salt Lake, Kolkata"
REC005661,CASE0144,UPI,2024-12-11 01:00:00,sunita.d7@upi,sanjay.p84@okhdfcbank,TXN729612,3000,N/A
REC005662,CASE0144,CDR,2024-12-11 02:00:00,+919865856823,+919809744009,356938069935427,429,"Kothrud, Pune"
REC005663,CASE0144,CDR,2024-12-11 03:00:00,+919865856823,+919863096754,356938069935427,74,"Anna Nagar, Chennai"
REC005664,CASE0144,CDR,2024-12-11 07:00:00,+919865856823,+919863096754,356938069935427,350,"Andheri East, Mumbai"
REC005665,CASE0144,CDR,2024-12-11 13:00:00,+919865856823,+919895179298,356938069935427,22,"Kothrud, Pune"
REC005666,CASE0144,CDR,2024-12-11 16:00:00,+919865856823,+919883243062,356938069935427,107,"Sector 15, Gurugram"
REC005667,CASE0144,UPI,2024-12-11 17:00:00,sunita.d7@upi,sanjay.p84@okhdfcbank,TXN719434,15000,N/A
REC005668,CASE0144,UPI,2024-12-11 17:00:00,sunita.d7@upi,sanjay.p84@okhdfcbank,TXN245567,48000,N/A
REC005669,CASE0144,UPI,2024-12-11 18:00:00,sanjay.p84@okhdfcbank,rajesh.m80@icb,TXN552638,7500,N/A
REC005670,CASE0144,CDR,2024-12-12 01:00:00,+919865856823,+919883243062,356938069935427,463,"Vaishali Nagar, Jaipur"
REC005671,CASE0144,CDR,2024-12-13 04:00:00,+919865856823,+919809744009,356938069935427,71,"Sector 15, Gurugram"
REC005672,CASE0144,CDR,2024-12-13 08:00:00,+919865856823,+919822159766,356938069935427,491,"Banjara Hills, Hyderabad"
REC005673,CASE0144,UPI,2024-12-13 11:00:00,sanjay.p84@okhdfcbank,anita.r86@okhdfcbank,TXN285302,15000,N/A
REC005674,CASE0144,CDR,2024-12-13 12:00:00,+919865856823,+919847036367,356938069935427,20,"Salt Lake, Kolkata"
REC005675,CASE0144,CDR,2024-12-13 15:00:00,+919865856823,+919809744009,356938069935427,150,"Kothrud, Pune"
REC005676,CASE0144,CDR,2024-12-13 23:00:00,+919865856823,+919809744009,356938069935427,265,"Connaught Place, Delhi"
REC005677,CASE0144,UPI,2024-12-14 01:00:00,sanjay.p84@okhdfcbank,anita.r86@okhdfcbank,TXN345246,22000,N/A
REC005678,CASE0144,UPI,2024-12-14 05:00:00,sunita.d7@upi,sanjay.p84@okhdfcbank,TXN519357,3000,N/A
REC005679,CASE0144,CDR,2024-12-14 07:00:00,+919865856823,+919822159766,356938069935427,156,"Andheri East, Mumbai"
REC005680,CASE0144,CDR,2024-12-14 15:00:00,+919865856823,+919895179298,356938069935427,68,"Andheri East, Mumbai"
REC005681,CASE0144,CDR,2024-12-14 17:00:00,+919865856823,+919895179298,356938069935427,115,"Salt Lake, Kolkata"
REC005682,CASE0144,CDR,2024-12-14 19:00:00,+919865856823,+919809744009,356938069935427,83,"Vaishali Nagar, Jaipur"
REC005683,CASE0144,UPI,2024-12-14 23:00:00,sanjay.p84@okhdfcbank,rajesh.m80@icb,TXN299010,1200,N/A
REC005684,CASE0144,CDR,2024-12-15 00:00:00,+919865856823,+919822159766,356938069935427,131,"Sector 15, Gurugram"
REC005685,CASE0144,UPI,2024-12-15 01:00:00,sanjay.p84@okhdfcbank,citypay87@upi,TXN466172,15000,N/A
REC005686,CASE0144,UPI,2024-12-15 08:00:00,sanjay.p84@okhdfcbank,rajesh.m80@icb,TXN627764,15000,N/A
REC005687,CASE0144,UPI,2024-12-15 09:00:00,sanjay.p84@okhdfcbank,citypay87@upi,TXN705314,15000,N/A
REC005688,CASE0144,CDR,2024-12-15 22:00:00,+919865856823,+919822159766,356938069935427,341,"Connaught Place, Delhi"
REC005689,CASE0144,CDR,2024-12-16 00:00:00,+919865856823,+919863096754,356938069935427,162,"Whitefield, Bengaluru"
REC005690,CASE0144,UPI,2024-12-16 17:00:00,sanjay.p84@okhdfcbank,citypay87@upi,TXN649828,48000,N/A
REC005691,CASE0144,UPI,2024-12-16 18:00:00,sunita.d7@upi,sanjay.p84@okhdfcbank,TXN817047,48000,N/A
REC005692,CASE0144,CDR,2024-12-16 20:00:00,+919865856823,+919883243062,356938069935427,370,"Cyber City, Gurugram"
REC005693,CASE0144,UPI,2024-12-16 20:00:00,sanjay.p84@okhdfcbank,citypay87@upi,TXN229181,48000,N/A
REC005694,CASE0144,UPI,2024-12-17 01:00:00,sunita.d7@upi,sanjay.p84@okhdfcbank,TXN986086,3000,N/A
REC005695,CASE0144,CDR,2024-12-17 06:00:00,+919865856823,+919847036367,356938069935427,201,"Anna Nagar, Chennai"
REC005696,CASE0144,CDR,2024-12-17 10:00:00,+919865856823,+919883243062,356938069935427,294,"Andheri East, Mumbai"
REC005697,CASE0144,UPI,2024-12-17 14:00:00,sanjay.p84@okhdfcbank,citypay87@upi,TXN895357,1200,N/A
REC005698,CASE0144,CDR,2024-12-18 07:00:00,+919865856823,+919822159766,356938069935427,436,"Anna Nagar, Chennai"
REC005699,CASE0144,CDR,2024-12-18 09:00:00,+919865856823,+919809744009,356938069935427,473,"Anna Nagar, Chennai"
REC005700,CASE0144,UPI,2024-12-19 07:00:00,sanjay.p84@okhdfcbank,anita.r86@okhdfcbank,TXN800635,1200,N/A
REC005701,CASE0144,UPI,2024-12-19 11:00:00,sanjay.p84@okhdfcbank,nikhil.j89@upi,TXN710002,48000,N/A
REC005702,CASE0144,UPI,2024-12-19 12:00:00,sanjay.p84@okhdfcbank,rajesh.m80@icb,TXN789927,15000,N/A
REC005703,CASE0144,CDR,2024-12-19 16:00:00,+919865856823,+919883243062,356938069935427,365,"Andheri East, Mumbai"
REC005704,CASE0145,UPI,2023-09-29 01:00:00,sanjay.p69@paytm,anita.r31@upi,TXN529892,500,N/A
REC005705,CASE0145,CDR,2023-09-29 02:00:00,+919875538546,+919826826307,356938002425915,272,"Andheri East, Mumbai"
REC005706,CASE0145,UPI,2023-09-29 02:00:00,sanjay.p69@paytm,freshmart38@paytm,TXN648730,3000,N/A
REC005707,CASE0145,CDR,2023-09-29 09:00:00,+919875538546,+919850380588,356938002425915,182,"Vaishali Nagar, Jaipur"
REC005708,CASE0145,CDR,2023-09-29 12:00:00,+919875538546,+919801016899,356938002425915,422,"Whitefield, Bengaluru"
REC005709,CASE0145,CDR,2023-09-30 14:00:00,+919875538546,+919801016899,356938002425915,354,"Anna Nagar, Chennai"
REC005710,CASE0145,UPI,2023-09-30 18:00:00,deepa.v52@upi,sanjay.p69@paytm,TXN952369,22000,N/A
REC005711,CASE0145,UPI,2023-09-30 22:00:00,deepa.v52@upi,sanjay.p69@paytm,TXN316661,22000,N/A
REC005712,CASE0145,CDR,2023-09-30 23:00:00,+919875538546,+919846271915,356938002425915,133,"Andheri East, Mumbai"
REC005713,CASE0145,CDR,2023-10-01 08:00:00,+919875538546,+919832844941,356938002425915,438,"Cyber City, Gurugram"
REC005714,CASE0145,CDR,2023-10-01 10:00:00,+919875538546,+919826826307,356938002425915,59,"Cyber City, Gurugram"
REC005715,CASE0145,CDR,2023-10-01 12:00:00,+919875538546,+919859937587,356938002425915,129,"Connaught Place, Delhi"
REC005716,CASE0145,CDR,2023-10-01 16:00:00,+919875538546,+919846271915,356938002425915,333,"Andheri East, Mumbai"
REC005717,CASE0145,UPI,2023-10-02 11:00:00,sanjay.p69@paytm,quickcash57@icb,TXN362232,48000,N/A
REC005718,CASE0145,CDR,2023-10-02 15:00:00,+919875538546,+919826826307,356938002425915,351,"Andheri East, Mumbai"
REC005719,CASE0145,CDR,2023-10-02 19:00:00,+919875538546,+919865761558,356938002425915,166,"Whitefield, Bengaluru"
REC005720,CASE0145,UPI,2023-10-03 19:00:00,sanjay.p69@paytm,anita.r31@upi,TXN442935,3000,N/A
REC005721,CASE0145,UPI,2023-10-04 01:00:00,sanjay.p69@paytm,quickcash57@icb,TXN598364,3000,N/A
REC005722,CASE0145,CDR,2023-10-04 08:00:00,+919875538546,+919832844941,356938002425915,246,"Connaught Place, Delhi"
REC005723,CASE0145,CDR,2023-10-04 09:00:00,+919875538546,+919846271915,356938002425915,55,"Anna Nagar, Chennai"
REC005724,CASE0145,CDR,2023-10-04 09:00:00,+919875538546,+919846271915,356938002425915,35,"Cyber City, Gurugram"
REC005725,CASE0145,CDR,2023-10-04 22:00:00,+919875538546,+919850380588,356938002425915,415,"Sector 15, Gurugram"
REC005726,CASE0145,CDR,2023-10-05 05:00:00,+919875538546,+919865761558,356938002425915,484,"Salt Lake, Kolkata"
REC005727,CASE0145,CDR,2023-10-05 05:00:00,+919875538546,+919832844941,356938002425915,463,"Whitefield, Bengaluru"
REC005728,CASE0145,UPI,2023-10-05 12:00:00,deepa.v52@upi,sanjay.p69@paytm,TXN620602,7500,N/A
REC005729,CASE0145,UPI,2023-10-06 01:00:00,deepa.v52@upi,sanjay.p69@paytm,TXN143056,500,N/A
REC005730,CASE0145,UPI,2023-10-06 10:00:00,sanjay.p69@paytm,citypay48@okhdfcbank,TXN852036,500,N/A
REC005731,CASE0145,CDR,2023-10-06 16:00:00,+919875538546,+919846271915,356938002425915,404,"Kothrud, Pune"
REC005732,CASE0145,UPI,2023-10-06 17:00:00,deepa.v52@upi,sanjay.p69@paytm,TXN427033,3000,N/A
REC005733,CASE0145,UPI,2023-10-06 23:00:00,deepa.v52@upi,sanjay.p69@paytm,TXN652333,3000,N/A
REC005734,CASE0145,CDR,2023-10-07 00:00:00,+919875538546,+919846271915,356938002425915,251,"Whitefield, Bengaluru"
REC005735,CASE0145,UPI,2023-10-08 08:00:00,sanjay.p69@paytm,quickcash57@icb,TXN376050,1200,N/A
REC005736,CASE0145,CDR,2023-10-08 18:00:00,+919875538546,+919826826307,356938002425915,266,"Salt Lake, Kolkata"
REC005737,CASE0145,UPI,2023-10-08 19:00:00,sanjay.p69@paytm,freshmart38@paytm,TXN123616,3000,N/A
REC005738,CASE0146,CDR,2023-04-20 00:00:00,+919896255608,+919857117879,356938058651196,233,"Vaishali Nagar, Jaipur"
REC005739,CASE0146,CDR,2023-04-20 09:00:00,+919896255608,+919857117879,356938058651196,294,"Andheri East, Mumbai"
REC005740,CASE0146,CDR,2023-04-20 10:00:00,+919896255608,+919857117879,356938058651196,324,"Salt Lake, Kolkata"
REC005741,CASE0146,CDR,2023-04-20 12:00:00,+919896255608,+919863756950,356938058651196,95,"Anna Nagar, Chennai"
REC005742,CASE0146,CDR,2023-04-20 13:00:00,+919896255608,+919857117879,356938058651196,19,"Banjara Hills, Hyderabad"
REC005743,CASE0146,CDR,2023-04-20 14:00:00,+919896255608,+919863756950,356938058651196,122,"Connaught Place, Delhi"
REC005744,CASE0146,CDR,2023-04-20 15:00:00,+919896255608,+919857117879,356938058651196,146,"Cyber City, Gurugram"
REC005745,CASE0146,UPI,2023-04-20 20:00:00,quickcash99@upi,freshmart57@okhdfcbank,TXN207704,7500,N/A
REC005746,CASE0146,UPI,2023-04-21 07:00:00,quickcash99@upi,freshmart57@okhdfcbank,TXN727497,15000,N/A
REC005747,CASE0146,CDR,2023-04-21 17:00:00,+919896255608,+919883548677,356938058651196,308,"Banjara Hills, Hyderabad"
REC005748,CASE0146,UPI,2023-04-21 17:00:00,quickcash99@upi,freshmart57@okhdfcbank,TXN616396,500,N/A
REC005749,CASE0146,UPI,2023-04-21 22:00:00,quickcash99@upi,freshmart57@okhdfcbank,TXN442584,3000,N/A
REC005750,CASE0146,CDR,2023-04-22 02:00:00,+919896255608,+919883548677,356938058651196,140,"Andheri East, Mumbai"
REC005751,CASE0146,CDR,2023-04-22 05:00:00,+919896255608,+919883548677,356938058651196,336,"Kothrud, Pune"
REC005752,CASE0146,UPI,2023-04-22 06:00:00,freshmart57@okhdfcbank,nikhil.j15@okhdfcbank,TXN797658,3000,N/A
REC005753,CASE0146,CDR,2023-04-22 12:00:00,+919896255608,+919867995159,356938058651196,366,"Cyber City, Gurugram"
REC005754,CASE0146,UPI,2023-04-22 18:00:00,freshmart57@okhdfcbank,traders2458@upi,TXN976112,7500,N/A
REC005755,CASE0146,CDR,2023-04-22 19:00:00,+919896255608,+919800815258,356938058651196,96,"Anna Nagar, Chennai"
REC005756,CASE0146,CDR,2023-04-22 23:00:00,+919896255608,+919857117879,356938058651196,57,"Connaught Place, Delhi"
REC005757,CASE0146,UPI,2023-04-23 02:00:00,quickcash99@upi,freshmart57@okhdfcbank,TXN155771,7500,N/A
REC005758,CASE0146,UPI,2023-04-23 06:00:00,quickcash99@upi,freshmart57@okhdfcbank,TXN740731,22000,N/A
REC005759,CASE0146,CDR,2023-04-23 12:00:00,+919896255608,+919863756950,356938058651196,219,"Cyber City, Gurugram"
REC005760,CASE0146,UPI,2023-04-23 16:00:00,freshmart57@okhdfcbank,nikhil.j15@okhdfcbank,TXN569985,7500,N/A
REC005761,CASE0146,CDR,2023-04-23 21:00:00,+919896255608,+919800815258,356938058651196,412,"Cyber City, Gurugram"
REC005762,CASE0146,UPI,2023-04-24 01:00:00,freshmart57@okhdfcbank,traders2458@upi,TXN107003,500,N/A
REC005763,CASE0146,UPI,2023-04-24 02:00:00,quickcash99@upi,freshmart57@okhdfcbank,TXN753352,7500,N/A
REC005764,CASE0146,CDR,2023-04-24 08:00:00,+919896255608,+919882947885,356938058651196,27,"Salt Lake, Kolkata"
REC005765,CASE0146,UPI,2023-04-24 10:00:00,freshmart57@okhdfcbank,traders2458@upi,TXN814782,1200,N/A
REC005766,CASE0146,CDR,2023-04-25 00:00:00,+919896255608,+919867995159,356938058651196,317,"Vaishali Nagar, Jaipur"
REC005767,CASE0146,CDR,2023-04-25 02:00:00,+919896255608,+919803308239,356938058651196,429,"Sector 15, Gurugram"
REC005768,CASE0146,CDR,2023-04-25 04:00:00,+919896255608,+919863756950,356938058651196,238,"Anna Nagar, Chennai"
REC005769,CASE0146,CDR,2023-04-25 10:00:00,+919896255608,+919803308239,356938058651196,86,"Sector 15, Gurugram"
REC005770,CASE0146,CDR,2023-04-25 14:00:00,+919896255608,+919803308239,356938058651196,117,"Kothrud, Pune"
REC005771,CASE0146,CDR,2023-04-25 17:00:00,+919896255608,+919800815258,356938058651196,129,"Sector 15, Gurugram"
REC005772,CASE0146,UPI,2023-04-25 23:00:00,freshmart57@okhdfcbank,nikhil.j15@okhdfcbank,TXN323501,22000,N/A
REC005773,CASE0146,UPI,2023-04-26 00:00:00,freshmart57@okhdfcbank,nikhil.j15@okhdfcbank,TXN456227,48000,N/A
REC005774,CASE0146,CDR,2023-04-26 02:00:00,+919896255608,+919857117879,356938058651196,108,"Cyber City, Gurugram"
REC005775,CASE0146,UPI,2023-04-26 08:00:00,freshmart57@okhdfcbank,rajesh.m69@okhdfcbank,TXN823999,15000,N/A
REC005776,CASE0146,UPI,2023-04-26 12:00:00,quickcash99@upi,freshmart57@okhdfcbank,TXN646823,22000,N/A
REC005777,CASE0146,CDR,2023-04-26 22:00:00,+919896255608,+919867995159,356938058651196,20,"Banjara Hills, Hyderabad"
REC005778,CASE0146,CDR,2023-04-27 00:00:00,+919896255608,+919863756950,356938058651196,407,"Sector 15, Gurugram"
REC005779,CASE0146,CDR,2023-04-27 07:00:00,+919896255608,+919800815258,356938058651196,50,"Kothrud, Pune"
REC005780,CASE0146,UPI,2023-04-27 09:00:00,quickcash99@upi,freshmart57@okhdfcbank,TXN955207,1200,N/A
REC005781,CASE0146,UPI,2023-04-27 12:00:00,freshmart57@okhdfcbank,rajesh.m69@okhdfcbank,TXN403093,7500,N/A
REC005782,CASE0146,CDR,2023-04-27 21:00:00,+919896255608,+919863756950,356938058651196,436,"Anna Nagar, Chennai"
REC005783,CASE0146,CDR,2023-04-28 00:00:00,+919896255608,+919863756950,356938058651196,302,"Connaught Place, Delhi"
REC005784,CASE0146,CDR,2023-04-28 05:00:00,+919896255608,+919803308239,356938058651196,184,"Sector 15, Gurugram"
REC005785,CASE0146,CDR,2023-04-28 08:00:00,+919896255608,+919867995159,356938058651196,406,"Whitefield, Bengaluru"
REC005786,CASE0146,UPI,2023-04-28 14:00:00,freshmart57@okhdfcbank,nikhil.j15@okhdfcbank,TXN698935,1200,N/A
REC005787,CASE0146,CDR,2023-04-28 15:00:00,+919896255608,+919867995159,356938058651196,353,"Sector 15, Gurugram"
REC005788,CASE0146,CDR,2023-04-28 19:00:00,+919896255608,+919803308239,356938058651196,415,"Banjara Hills, Hyderabad"
REC005789,CASE0146,CDR,2023-04-28 21:00:00,+919896255608,+919867995159,356938058651196,276,"Sector 15, Gurugram"
REC005790,CASE0146,CDR,2023-04-29 07:00:00,+919896255608,+919863756950,356938058651196,459,"Connaught Place, Delhi"
REC005791,CASE0146,CDR,2023-04-29 10:00:00,+919896255608,+919857117879,356938058651196,320,"Anna Nagar, Chennai"
REC005792,CASE0146,CDR,2023-04-29 12:00:00,+919896255608,+919800815258,356938058651196,366,"Connaught Place, Delhi"
REC005793,CASE0146,CDR,2023-04-29 14:00:00,+919896255608,+919800815258,356938058651196,80,"Sector 15, Gurugram"
REC005794,CASE0146,UPI,2023-04-29 18:00:00,freshmart57@okhdfcbank,nikhil.j15@okhdfcbank,TXN513246,22000,N/A
REC005795,CASE0147,CDR,2024-01-27 07:00:00,+919888322204,+919851113781,356938046039286,184,"Andheri East, Mumbai"
REC005796,CASE0147,UPI,2024-01-27 12:00:00,sunita.d11@paytm,meera.s63@paytm,TXN862483,22000,N/A
REC005797,CASE0147,CDR,2024-01-27 23:00:00,+919888322204,+919895435295,356938046039286,76,"Banjara Hills, Hyderabad"
REC005798,CASE0147,CDR,2024-01-28 03:00:00,+919888322204,+919841610673,356938046039286,297,"Kothrud, Pune"
REC005799,CASE0147,CDR,2024-01-29 09:00:00,+919888322204,+919816024695,356938046039286,208,"Connaught Place, Delhi"
REC005800,CASE0147,CDR,2024-01-29 16:00:00,+919888322204,+919841610673,356938046039286,464,"Cyber City, Gurugram"
REC005801,CASE0147,UPI,2024-01-29 16:00:00,meera.s63@paytm,deepa.v10@icb,TXN714043,500,N/A
REC005802,CASE0147,CDR,2024-01-30 06:00:00,+919888322204,+919831587742,356938046039286,435,"Vaishali Nagar, Jaipur"
REC005803,CASE0147,UPI,2024-01-30 07:00:00,meera.s63@paytm,quickcash56@ybl,TXN182275,7500,N/A
REC005804,CASE0147,CDR,2024-01-30 09:00:00,+919888322204,+919895435295,356938046039286,84,"Whitefield, Bengaluru"
REC005805,CASE0147,CDR,2024-01-30 15:00:00,+919888322204,+919831587742,356938046039286,114,"Anna Nagar, Chennai"
REC005806,CASE0147,CDR,2024-01-30 17:00:00,+919888322204,+919825981225,356938046039286,19,"Vaishali Nagar, Jaipur"
REC005807,CASE0147,UPI,2024-01-30 21:00:00,sunita.d11@paytm,meera.s63@paytm,TXN250035,7500,N/A
REC005808,CASE0147,UPI,2024-01-31 03:00:00,sunita.d11@paytm,meera.s63@paytm,TXN679837,7500,N/A
REC005809,CASE0147,CDR,2024-01-31 06:00:00,+919888322204,+919819503618,356938046039286,431,"Sector 15, Gurugram"
REC005810,CASE0147,CDR,2024-01-31 10:00:00,+919888322204,+919825981225,356938046039286,196,"Whitefield, Bengaluru"
REC005811,CASE0147,UPI,2024-01-31 11:00:00,meera.s63@paytm,amitpay39@ybl,TXN168888,3000,N/A
REC005812,CASE0147,CDR,2024-02-01 01:00:00,+919888322204,+919825981225,356938046039286,210,"Banjara Hills, Hyderabad"
REC005813,CASE0147,UPI,2024-02-01 03:00:00,meera.s63@paytm,amitpay39@ybl,TXN371464,48000,N/A
REC005814,CASE0147,UPI,2024-02-01 10:00:00,sunita.d11@paytm,meera.s63@paytm,TXN652147,15000,N/A
REC005815,CASE0147,UPI,2024-02-01 11:00:00,sunita.d11@paytm,meera.s63@paytm,TXN410317,15000,N/A
REC005816,CASE0147,CDR,2024-02-01 21:00:00,+919888322204,+919825981225,356938046039286,137,"Salt Lake, Kolkata"
REC005817,CASE0147,CDR,2024-02-02 14:00:00,+919888322204,+919851113781,356938046039286,183,"Vaishali Nagar, Jaipur"
REC005818,CASE0147,UPI,2024-02-03 00:00:00,sunita.d11@paytm,meera.s63@paytm,TXN978940,22000,N/A
REC005819,CASE0147,CDR,2024-02-03 01:00:00,+919888322204,+919851113781,356938046039286,67,"Anna Nagar, Chennai"
REC005820,CASE0147,CDR,2024-02-03 06:00:00,+919888322204,+919851113781,356938046039286,142,"Banjara Hills, Hyderabad"
REC005821,CASE0147,UPI,2024-02-03 18:00:00,meera.s63@paytm,quickcash56@ybl,TXN431250,48000,N/A
REC005822,CASE0147,CDR,2024-02-04 23:00:00,+919888322204,+919825981225,356938046039286,494,"Vaishali Nagar, Jaipur"
REC005823,CASE0147,CDR,2024-02-05 15:00:00,+919888322204,+919841610673,356938046039286,301,"Kothrud, Pune"
REC005824,CASE0148,UPI,2023-03-31 03:00:00,anita.r85@paytm,amitpay37@ybl,TXN400204,1200,N/A
REC005825,CASE0148,CDR,2023-03-31 16:00:00,+919874234126,+919863525657,356938030444701,98,"Whitefield, Bengaluru"
REC005826,CASE0148,UPI,2023-03-31 20:00:00,amitpay37@ybl,nikhil.j26@icb,TXN584942,15000,N/A
REC005827,CASE0148,CDR,2023-03-31 21:00:00,+919874234126,+919843085740,356938030444701,368,"Kothrud, Pune"
REC005828,CASE0148,UPI,2023-04-01 14:00:00,anita.r85@paytm,amitpay37@ybl,TXN811028,15000,N/A
REC005829,CASE0148,CDR,2023-04-02 03:00:00,+919874234126,+919801258701,356938030444701,149,"Andheri East, Mumbai"
REC005830,CASE0148,UPI,2023-04-02 05:00:00,amitpay37@ybl,nikhil.j26@icb,TXN111492,15000,N/A
REC005831,CASE0148,CDR,2023-04-02 06:00:00,+919874234126,+919863525657,356938030444701,158,"Sector 15, Gurugram"
REC005832,CASE0148,UPI,2023-04-02 18:00:00,anita.r85@paytm,amitpay37@ybl,TXN776400,500,N/A
REC005833,CASE0148,CDR,2023-04-03 03:00:00,+919874234126,+919863525657,356938030444701,43,"Whitefield, Bengaluru"
REC005834,CASE0148,UPI,2023-04-03 13:00:00,anita.r85@paytm,amitpay37@ybl,TXN764274,7500,N/A
REC005835,CASE0148,CDR,2023-04-03 19:00:00,+919874234126,+919809036620,356938030444701,152,"Anna Nagar, Chennai"
REC005836,CASE0148,UPI,2023-04-04 04:00:00,anita.r85@paytm,amitpay37@ybl,TXN612536,1200,N/A
REC005837,CASE0148,CDR,2023-04-04 16:00:00,+919874234126,+919801258701,356938030444701,238,"Vaishali Nagar, Jaipur"
REC005838,CASE0148,CDR,2023-04-05 15:00:00,+919874234126,+919801258701,356938030444701,498,"Andheri East, Mumbai"
REC005839,CASE0148,UPI,2023-04-06 17:00:00,amitpay37@ybl,nikhil.j26@icb,TXN903526,48000,N/A
REC005840,CASE0148,CDR,2023-04-07 12:00:00,+919874234126,+919801258701,356938030444701,458,"Vaishali Nagar, Jaipur"
REC005841,CASE0148,UPI,2023-04-07 17:00:00,anita.r85@paytm,amitpay37@ybl,TXN495023,15000,N/A
REC005842,CASE0148,CDR,2023-04-07 23:00:00,+919874234126,+919801258701,356938030444701,429,"Vaishali Nagar, Jaipur"
REC005843,CASE0148,CDR,2023-04-08 17:00:00,+919874234126,+919843085740,356938030444701,422,"Connaught Place, Delhi"
REC005844,CASE0148,UPI,2023-04-09 06:00:00,anita.r85@paytm,amitpay37@ybl,TXN492361,500,N/A
REC005845,CASE0148,CDR,2023-04-09 11:00:00,+919874234126,+919801258701,356938030444701,329,"Anna Nagar, Chennai"
REC005846,CASE0148,CDR,2023-04-09 15:00:00,+919874234126,+919801258701,356938030444701,238,"Sector 15, Gurugram"
REC005847,CASE0148,CDR,2023-04-09 16:00:00,+919874234126,+919849873238,356938030444701,382,"Connaught Place, Delhi"
REC005848,CASE0149,CDR,2024-05-02 08:00:00,+919824605307,+919855402392,356938063996015,170,"Connaught Place, Delhi"
REC005849,CASE0149,CDR,2024-05-02 11:00:00,+919824605307,+919800836116,356938063996015,269,"Kothrud, Pune"
REC005850,CASE0149,CDR,2024-05-02 16:00:00,+919824605307,+919817906241,356938063996015,467,"Kothrud, Pune"
REC005851,CASE0149,UPI,2024-05-02 23:00:00,anita.r47@upi,anita.r98@upi,TXN566757,500,N/A
REC005852,CASE0149,UPI,2024-05-03 15:00:00,anita.r47@upi,anita.r98@upi,TXN274338,1200,N/A
REC005853,CASE0149,UPI,2024-05-03 20:00:00,anita.r47@upi,anita.r98@upi,TXN927111,1200,N/A
REC005854,CASE0149,UPI,2024-05-03 21:00:00,anita.r47@upi,anita.r98@upi,TXN955472,7500,N/A
REC005855,CASE0149,UPI,2024-05-03 23:00:00,anita.r98@upi,meera.s77@icb,TXN618436,48000,N/A
REC005856,CASE0149,CDR,2024-05-04 00:00:00,+919824605307,+919826561388,356938063996015,283,"Anna Nagar, Chennai"
REC005857,CASE0149,CDR,2024-05-04 09:00:00,+919824605307,+919870747698,356938063996015,173,"Salt Lake, Kolkata"
REC005858,CASE0149,CDR,2024-05-04 10:00:00,+919824605307,+919826561388,356938063996015,174,"Whitefield, Bengaluru"
REC005859,CASE0149,UPI,2024-05-04 22:00:00,anita.r47@upi,anita.r98@upi,TXN406229,15000,N/A
REC005860,CASE0149,UPI,2024-05-05 09:00:00,anita.r98@upi,traders2480@ybl,TXN904249,3000,N/A
REC005861,CASE0149,CDR,2024-05-05 10:00:00,+919824605307,+919826561388,356938063996015,149,"Sector 15, Gurugram"
REC005862,CASE0149,CDR,2024-05-05 13:00:00,+919824605307,+919826561388,356938063996015,418,"Anna Nagar, Chennai"
REC005863,CASE0149,CDR,2024-05-05 13:00:00,+919824605307,+919855402392,356938063996015,269,"Anna Nagar, Chennai"
REC005864,CASE0149,CDR,2024-05-05 15:00:00,+919824605307,+919817906241,356938063996015,266,"Kothrud, Pune"
REC005865,CASE0149,CDR,2024-05-05 18:00:00,+919824605307,+919837201758,356938063996015,253,"Cyber City, Gurugram"
REC005866,CASE0149,CDR,2024-05-05 21:00:00,+919824605307,+919826561388,356938063996015,143,"Andheri East, Mumbai"
REC005867,CASE0149,CDR,2024-05-06 11:00:00,+919824605307,+919837201758,356938063996015,406,"Connaught Place, Delhi"
REC005868,CASE0149,UPI,2024-05-06 14:00:00,anita.r98@upi,amitpay60@paytm,TXN788182,15000,N/A
REC005869,CASE0149,CDR,2024-05-06 20:00:00,+919824605307,+919855402392,356938063996015,75,"Vaishali Nagar, Jaipur"
REC005870,CASE0149,CDR,2024-05-07 01:00:00,+919824605307,+919855402392,356938063996015,66,"Whitefield, Bengaluru"
REC005871,CASE0149,CDR,2024-05-07 02:00:00,+919824605307,+919855402392,356938063996015,312,"Banjara Hills, Hyderabad"
REC005872,CASE0149,CDR,2024-05-07 04:00:00,+919824605307,+919871295295,356938063996015,364,"Sector 15, Gurugram"
REC005873,CASE0149,CDR,2024-05-07 04:00:00,+919824605307,+919871295295,356938063996015,400,"Andheri East, Mumbai"
REC005874,CASE0149,CDR,2024-05-07 11:00:00,+919824605307,+919870747698,356938063996015,145,"Kothrud, Pune"
REC005875,CASE0149,CDR,2024-05-07 11:00:00,+919824605307,+919855402392,356938063996015,370,"Connaught Place, Delhi"
REC005876,CASE0149,CDR,2024-05-07 16:00:00,+919824605307,+919855402392,356938063996015,428,"Sector 15, Gurugram"
REC005877,CASE0149,UPI,2024-05-08 04:00:00,anita.r98@upi,meera.s77@icb,TXN221468,15000,N/A
REC005878,CASE0149,CDR,2024-05-08 14:00:00,+919824605307,+919800836116,356938063996015,421,"Andheri East, Mumbai"
REC005879,CASE0149,UPI,2024-05-08 17:00:00,anita.r98@upi,citypay93@paytm,TXN431427,48000,N/A
REC005880,CASE0149,UPI,2024-05-09 07:00:00,anita.r47@upi,anita.r98@upi,TXN760020,500,N/A
REC005881,CASE0149,UPI,2024-05-09 11:00:00,anita.r47@upi,anita.r98@upi,TXN621151,3000,N/A
REC005882,CASE0149,UPI,2024-05-09 14:00:00,anita.r98@upi,citypay93@paytm,TXN822524,22000,N/A
REC005883,CASE0149,UPI,2024-05-09 15:00:00,anita.r98@upi,meera.s77@icb,TXN292435,48000,N/A
REC005884,CASE0149,CDR,2024-05-09 16:00:00,+919824605307,+919870747698,356938063996015,282,"Vaishali Nagar, Jaipur"
REC005885,CASE0149,UPI,2024-05-09 23:00:00,anita.r47@upi,anita.r98@upi,TXN284352,48000,N/A
REC005886,CASE0149,UPI,2024-05-10 00:00:00,anita.r47@upi,anita.r98@upi,TXN211085,15000,N/A
REC005887,CASE0149,CDR,2024-05-10 01:00:00,+919824605307,+919855402392,356938063996015,427,"Andheri East, Mumbai"
REC005888,CASE0149,CDR,2024-05-10 03:00:00,+919824605307,+919870747698,356938063996015,311,"Kothrud, Pune"
REC005889,CASE0149,CDR,2024-05-10 07:00:00,+919824605307,+919855402392,356938063996015,124,"Vaishali Nagar, Jaipur"
REC005890,CASE0149,CDR,2024-05-10 11:00:00,+919824605307,+919817906241,356938063996015,82,"Connaught Place, Delhi"
REC005891,CASE0149,CDR,2024-05-10 14:00:00,+919824605307,+919870747698,356938063996015,206,"Cyber City, Gurugram"
REC005892,CASE0149,CDR,2024-05-10 15:00:00,+919824605307,+919817906241,356938063996015,145,"Connaught Place, Delhi"
REC005893,CASE0149,CDR,2024-05-10 16:00:00,+919824605307,+919817906241,356938063996015,328,"Connaught Place, Delhi"
REC005894,CASE0149,UPI,2024-05-10 18:00:00,anita.r98@upi,amitpay60@paytm,TXN588752,1200,N/A
REC005895,CASE0149,CDR,2024-05-10 21:00:00,+919824605307,+919870747698,356938063996015,257,"Anna Nagar, Chennai"
REC005896,CASE0149,CDR,2024-05-11 16:00:00,+919824605307,+919870747698,356938063996015,108,"Salt Lake, Kolkata"
REC005897,CASE0150,UPI,2025-02-17 07:00:00,amitpay41@okhdfcbank,deepa.v62@upi,TXN742694,500,N/A
REC005898,CASE0150,CDR,2025-02-17 14:00:00,+919869431911,+919876963984,356938010173793,482,"Sector 15, Gurugram"
REC005899,CASE0150,CDR,2025-02-17 18:00:00,+919869431911,+919860815087,356938010173793,200,"Banjara Hills, Hyderabad"
REC005900,CASE0150,CDR,2025-02-17 20:00:00,+919869431911,+919805726076,356938010173793,397,"Andheri East, Mumbai"
REC005901,CASE0150,CDR,2025-02-18 08:00:00,+919869431911,+919805726076,356938010173793,274,"Cyber City, Gurugram"
REC005902,CASE0150,UPI,2025-02-18 16:00:00,amitpay41@okhdfcbank,anita.r80@okhdfcbank,TXN463116,3000,N/A
REC005903,CASE0150,CDR,2025-02-19 02:00:00,+919869431911,+919805726076,356938010173793,89,"Cyber City, Gurugram"
REC005904,CASE0150,CDR,2025-02-19 15:00:00,+919869431911,+919814515855,356938010173793,312,"Andheri East, Mumbai"
REC005905,CASE0150,UPI,2025-02-19 15:00:00,pooja.b99@paytm,amitpay41@okhdfcbank,TXN843927,500,N/A
REC005906,CASE0150,CDR,2025-02-19 17:00:00,+919869431911,+919860815087,356938010173793,280,"Vaishali Nagar, Jaipur"
REC005907,CASE0150,CDR,2025-02-19 20:00:00,+919869431911,+919887561152,356938010173793,342,"Connaught Place, Delhi"
REC005908,CASE0150,UPI,2025-02-20 01:00:00,amitpay41@okhdfcbank,meera.s74@icb,TXN825828,48000,N/A
REC005909,CASE0150,CDR,2025-02-20 07:00:00,+919869431911,+919887561152,356938010173793,222,"Salt Lake, Kolkata"
REC005910,CASE0150,CDR,2025-02-20 10:00:00,+919869431911,+919876963984,356938010173793,428,"Andheri East, Mumbai"
REC005911,CASE0150,UPI,2025-02-21 15:00:00,amitpay41@okhdfcbank,anita.r80@okhdfcbank,TXN876176,3000,N/A
REC005912,CASE0150,CDR,2025-02-22 05:00:00,+919869431911,+919828730473,356938010173793,196,"Kothrud, Pune"
REC005913,CASE0150,CDR,2025-02-22 13:00:00,+919869431911,+919814515855,356938010173793,290,"Connaught Place, Delhi"
REC005914,CASE0150,CDR,2025-02-22 17:00:00,+919869431911,+919887561152,356938010173793,367,"Vaishali Nagar, Jaipur"
REC005915,CASE0150,UPI,2025-02-22 17:00:00,amitpay41@okhdfcbank,meera.s90@icb,TXN280679,22000,N/A
REC005916,CASE0150,CDR,2025-02-22 20:00:00,+919869431911,+919860815087,356938010173793,86,"Andheri East, Mumbai"
REC005917,CASE0150,UPI,2025-02-23 10:00:00,pooja.b99@paytm,amitpay41@okhdfcbank,TXN411915,3000,N/A
REC005918,CASE0150,UPI,2025-02-24 05:00:00,pooja.b99@paytm,amitpay41@okhdfcbank,TXN477156,7500,N/A
REC005919,CASE0150,UPI,2025-02-24 17:00:00,pooja.b99@paytm,amitpay41@okhdfcbank,TXN566753,22000,N/A
REC005920,CASE0150,CDR,2025-02-25 05:00:00,+919869431911,+919837979885,356938010173793,395,"Anna Nagar, Chennai"
REC005921,CASE0150,CDR,2025-02-25 08:00:00,+919869431911,+919814515855,356938010173793,383,"Anna Nagar, Chennai"
REC005922,CASE0150,CDR,2025-02-25 12:00:00,+919869431911,+919814515855,356938010173793,362,"Whitefield, Bengaluru"
REC005923,CASE0150,CDR,2025-02-25 13:00:00,+919869431911,+919837979885,356938010173793,382,"Andheri East, Mumbai"
REC005924,CASE0150,UPI,2025-02-25 23:00:00,amitpay41@okhdfcbank,meera.s74@icb,TXN384926,48000,N/A
REC005925,CASE0150,CDR,2025-02-26 15:00:00,+919869431911,+919837979885,356938010173793,366,"Salt Lake, Kolkata"
REC005926,CASE0150,CDR,2025-02-26 19:00:00,+919869431911,+919860815087,356938010173793,146,"Connaught Place, Delhi"
REC005927,CASE0150,CDR,2025-02-26 19:00:00,+919869431911,+919837979885,356938010173793,167,"Salt Lake, Kolkata"
REC005928,CASE0150,CDR,2025-02-26 21:00:00,+919869431911,+919887561152,356938010173793,135,"Sector 15, Gurugram"
REC005929,CASE0151,CDR,2023-02-28 00:00:00,+919840725433,+919821574679,356938009209364,216,"Vaishali Nagar, Jaipur"
REC005930,CASE0151,UPI,2023-02-28 06:00:00,vikram.t11@paytm,anita.r25@okhdfcbank,TXN677430,500,N/A
REC005931,CASE0151,CDR,2023-02-28 10:00:00,+919840725433,+919874701002,356938009209364,268,"Cyber City, Gurugram"
REC005932,CASE0151,CDR,2023-02-28 12:00:00,+919840725433,+919894041038,356938009209364,367,"Whitefield, Bengaluru"
REC005933,CASE0151,UPI,2023-02-28 13:00:00,vikram.t11@paytm,ravi.k85@icb,TXN865348,48000,N/A
REC005934,CASE0151,UPI,2023-02-28 15:00:00,anita.r46@okhdfcbank,vikram.t11@paytm,TXN659821,15000,N/A
REC005935,CASE0151,UPI,2023-03-01 05:00:00,anita.r46@okhdfcbank,vikram.t11@paytm,TXN486906,3000,N/A
REC005936,CASE0151,CDR,2023-03-01 07:00:00,+919840725433,+919834537407,356938009209364,285,"Banjara Hills, Hyderabad"
REC005937,CASE0151,CDR,2023-03-01 10:00:00,+919840725433,+919805948401,356938009209364,38,"Connaught Place, Delhi"
REC005938,CASE0151,CDR,2023-03-01 17:00:00,+919840725433,+919874701002,356938009209364,175,"Connaught Place, Delhi"
REC005939,CASE0151,CDR,2023-03-02 00:00:00,+919840725433,+919825611940,356938009209364,230,"Andheri East, Mumbai"
REC005940,CASE0151,UPI,2023-03-02 00:00:00,vikram.t11@paytm,ravi.k85@icb,TXN750703,48000,N/A
REC005941,CASE0151,CDR,2023-03-02 01:00:00,+919840725433,+919894041038,356938009209364,206,"Vaishali Nagar, Jaipur"
REC005942,CASE0151,UPI,2023-03-02 03:00:00,vikram.t11@paytm,sanjay.p17@paytm,TXN444010,15000,N/A
REC005943,CASE0151,CDR,2023-03-02 06:00:00,+919840725433,+919837963979,356938009209364,464,"Connaught Place, Delhi"
REC005944,CASE0151,CDR,2023-03-02 10:00:00,+919840725433,+919837963979,356938009209364,120,"Anna Nagar, Chennai"
REC005945,CASE0151,CDR,2023-03-03 01:00:00,+919840725433,+919821574679,356938009209364,72,"Anna Nagar, Chennai"
REC005946,CASE0151,CDR,2023-03-03 02:00:00,+919840725433,+919834537407,356938009209364,495,"Whitefield, Bengaluru"
REC005947,CASE0151,UPI,2023-03-03 05:00:00,anita.r46@okhdfcbank,vikram.t11@paytm,TXN246501,1200,N/A
REC005948,CASE0151,CDR,2023-03-03 09:00:00,+919840725433,+919834537407,356938009209364,333,"Kothrud, Pune"
REC005949,CASE0151,CDR,2023-03-03 10:00:00,+919840725433,+919805948401,356938009209364,110,"Kothrud, Pune"
REC005950,CASE0151,UPI,2023-03-03 10:00:00,vikram.t11@paytm,sanjay.p17@paytm,TXN397479,15000,N/A
REC005951,CASE0151,UPI,2023-03-03 13:00:00,vikram.t11@paytm,ravi.k85@icb,TXN531635,22000,N/A
REC005952,CASE0151,CDR,2023-03-03 14:00:00,+919840725433,+919837963979,356938009209364,279,"Andheri East, Mumbai"
REC005953,CASE0151,UPI,2023-03-03 21:00:00,vikram.t11@paytm,ravi.k85@icb,TXN825726,15000,N/A
REC005954,CASE0151,CDR,2023-03-04 03:00:00,+919840725433,+919894041038,356938009209364,289,"Connaught Place, Delhi"
REC005955,CASE0151,UPI,2023-03-04 08:00:00,vikram.t11@paytm,ravi.k85@icb,TXN295536,15000,N/A
REC005956,CASE0151,CDR,2023-03-04 15:00:00,+919840725433,+919834537407,356938009209364,83,"Banjara Hills, Hyderabad"
REC005957,CASE0151,CDR,2023-03-04 21:00:00,+919840725433,+919834537407,356938009209364,278,"Cyber City, Gurugram"
REC005958,CASE0151,UPI,2023-03-04 22:00:00,vikram.t11@paytm,anita.r25@okhdfcbank,TXN889013,48000,N/A
REC005959,CASE0151,UPI,2023-03-05 06:00:00,vikram.t11@paytm,anita.r25@okhdfcbank,TXN621698,15000,N/A
REC005960,CASE0151,CDR,2023-03-05 09:00:00,+919840725433,+919837963979,356938009209364,72,"Anna Nagar, Chennai"
REC005961,CASE0151,UPI,2023-03-05 12:00:00,vikram.t11@paytm,ravi.k85@icb,TXN495538,15000,N/A
REC005962,CASE0151,CDR,2023-03-05 15:00:00,+919840725433,+919805948401,356938009209364,320,"Banjara Hills, Hyderabad"
REC005963,CASE0151,CDR,2023-03-05 17:00:00,+919840725433,+919874701002,356938009209364,289,"Whitefield, Bengaluru"
REC005964,CASE0151,CDR,2023-03-06 00:00:00,+919840725433,+919825611940,356938009209364,43,"Salt Lake, Kolkata"
REC005965,CASE0151,UPI,2023-03-06 00:00:00,vikram.t11@paytm,meera.s57@okhdfcbank,TXN278310,22000,N/A
REC005966,CASE0151,CDR,2023-03-06 08:00:00,+919840725433,+919834537407,356938009209364,30,"Anna Nagar, Chennai"
REC005967,CASE0151,UPI,2023-03-06 11:00:00,vikram.t11@paytm,sanjay.p17@paytm,TXN936834,48000,N/A
REC005968,CASE0151,CDR,2023-03-06 16:00:00,+919840725433,+919825611940,356938009209364,439,"Kothrud, Pune"
REC005969,CASE0151,CDR,2023-03-06 19:00:00,+919840725433,+919825611940,356938009209364,295,"Sector 15, Gurugram"
REC005970,CASE0151,CDR,2023-03-06 22:00:00,+919840725433,+919837963979,356938009209364,151,"Vaishali Nagar, Jaipur"
REC005971,CASE0151,CDR,2023-03-07 03:00:00,+919840725433,+919834537407,356938009209364,246,"Kothrud, Pune"
REC005972,CASE0151,CDR,2023-03-07 23:00:00,+919840725433,+919805948401,356938009209364,135,"Salt Lake, Kolkata"
REC005973,CASE0151,CDR,2023-03-08 05:00:00,+919840725433,+919894041038,356938009209364,229,"Cyber City, Gurugram"
REC005974,CASE0151,UPI,2023-03-08 07:00:00,vikram.t11@paytm,anita.r25@okhdfcbank,TXN998732,22000,N/A
REC005975,CASE0151,CDR,2023-03-08 08:00:00,+919840725433,+919834537407,356938009209364,56,"Kothrud, Pune"
REC005976,CASE0151,UPI,2023-03-08 19:00:00,vikram.t11@paytm,sanjay.p17@paytm,TXN473448,500,N/A
REC005977,CASE0151,CDR,2023-03-09 01:00:00,+919840725433,+919837963979,356938009209364,73,"Sector 15, Gurugram"
REC005978,CASE0151,CDR,2023-03-09 08:00:00,+919840725433,+919837963979,356938009209364,492,"Vaishali Nagar, Jaipur"
REC005979,CASE0151,CDR,2023-03-09 08:00:00,+919840725433,+919894041038,356938009209364,158,"Banjara Hills, Hyderabad"
REC005980,CASE0151,CDR,2023-03-09 13:00:00,+919840725433,+919805948401,356938009209364,436,"Sector 15, Gurugram"
REC005981,CASE0151,UPI,2023-03-09 13:00:00,vikram.t11@paytm,meera.s57@okhdfcbank,TXN147230,7500,N/A
REC005982,CASE0151,UPI,2023-03-09 20:00:00,anita.r46@okhdfcbank,vikram.t11@paytm,TXN847768,15000,N/A
REC005983,CASE0151,CDR,2023-03-09 22:00:00,+919840725433,+919834537407,356938009209364,454,"Whitefield, Bengaluru"
REC005984,CASE0152,CDR,2023-01-22 02:00:00,+919813673603,+919813751732,356938013358414,418,"Anna Nagar, Chennai"
REC005985,CASE0152,CDR,2023-01-22 06:00:00,+919813673603,+919877593213,356938013358414,242,"Anna Nagar, Chennai"
REC005986,CASE0152,UPI,2023-01-22 09:00:00,meera.s41@paytm,anita.r26@upi,TXN571231,7500,N/A
REC005987,CASE0152,CDR,2023-01-22 10:00:00,+919813673603,+919886567659,356938013358414,35,"Banjara Hills, Hyderabad"
REC005988,CASE0152,CDR,2023-01-22 16:00:00,+919813673603,+919877593213,356938013358414,159,"Banjara Hills, Hyderabad"
REC005989,CASE0152,UPI,2023-01-23 02:00:00,meera.s41@paytm,meera.s90@upi,TXN931877,22000,N/A
REC005990,CASE0152,UPI,2023-01-23 06:00:00,meera.s41@paytm,meera.s90@upi,TXN992501,1200,N/A
REC005991,CASE0152,UPI,2023-01-23 23:00:00,sanjay.p46@paytm,meera.s41@paytm,TXN930229,48000,N/A
REC005992,CASE0152,UPI,2023-01-24 01:00:00,meera.s41@paytm,meera.s90@upi,TXN313169,22000,N/A
REC005993,CASE0152,CDR,2023-01-24 11:00:00,+919813673603,+919813751732,356938013358414,227,"Connaught Place, Delhi"
REC005994,CASE0152,UPI,2023-01-24 14:00:00,meera.s41@paytm,anita.r26@upi,TXN642368,500,N/A
REC005995,CASE0152,UPI,2023-01-25 00:00:00,meera.s41@paytm,anita.r26@upi,TXN274143,3000,N/A
REC005996,CASE0152,UPI,2023-01-25 03:00:00,meera.s41@paytm,anita.r26@upi,TXN497101,7500,N/A
REC005997,CASE0152,CDR,2023-01-25 09:00:00,+919813673603,+919897819967,356938013358414,413,"Cyber City, Gurugram"
REC005998,CASE0152,CDR,2023-01-26 04:00:00,+919813673603,+919886567659,356938013358414,307,"Sector 15, Gurugram"
REC005999,CASE0152,CDR,2023-01-26 13:00:00,+919813673603,+919877593213,356938013358414,387,"Kothrud, Pune"
REC006000,CASE0152,CDR,2023-01-26 14:00:00,+919813673603,+919877593213,356938013358414,404,"Whitefield, Bengaluru"
REC006001,CASE0152,CDR,2023-01-26 22:00:00,+919813673603,+919872869532,356938013358414,368,"Vaishali Nagar, Jaipur"
REC006002,CASE0152,UPI,2023-01-27 02:00:00,sanjay.p46@paytm,meera.s41@paytm,TXN618836,48000,N/A
REC006003,CASE0152,CDR,2023-01-27 04:00:00,+919813673603,+919877593213,356938013358414,429,"Banjara Hills, Hyderabad"
REC006004,CASE0152,UPI,2023-01-27 11:00:00,meera.s41@paytm,quickcash90@ybl,TXN572103,48000,N/A
REC006005,CASE0152,UPI,2023-01-27 11:00:00,sanjay.p46@paytm,meera.s41@paytm,TXN164540,3000,N/A
REC006006,CASE0152,UPI,2023-01-28 02:00:00,meera.s41@paytm,freshmart64@icb,TXN493759,48000,N/A
REC006007,CASE0152,UPI,2023-01-28 07:00:00,meera.s41@paytm,anita.r26@upi,TXN581032,22000,N/A
REC006008,CASE0152,CDR,2023-01-28 16:00:00,+919813673603,+919897819967,356938013358414,381,"Andheri East, Mumbai"
REC006009,CASE0152,CDR,2023-01-29 01:00:00,+919813673603,+919872869532,356938013358414,376,"Vaishali Nagar, Jaipur"
REC006010,CASE0152,UPI,2023-01-29 01:00:00,meera.s41@paytm,anita.r26@upi,TXN323196,22000,N/A
REC006011,CASE0152,CDR,2023-01-29 19:00:00,+919813673603,+919897819967,356938013358414,56,"Salt Lake, Kolkata"
REC006012,CASE0152,CDR,2023-01-29 23:00:00,+919813673603,+919813751732,356938013358414,403,"Vaishali Nagar, Jaipur"
REC006013,CASE0152,CDR,2023-01-30 10:00:00,+919813673603,+919897819967,356938013358414,430,"Cyber City, Gurugram"
REC006014,CASE0152,UPI,2023-01-30 18:00:00,meera.s41@paytm,freshmart64@icb,TXN995104,22000,N/A
REC006015,CASE0152,CDR,2023-01-30 19:00:00,+919813673603,+919804519583,356938013358414,34,"Salt Lake, Kolkata"
REC006016,CASE0152,CDR,2023-01-30 23:00:00,+919813673603,+919886567659,356938013358414,247,"Kothrud, Pune"
REC006017,CASE0152,UPI,2023-01-31 02:00:00,meera.s41@paytm,quickcash90@ybl,TXN112686,48000,N/A
REC006018,CASE0152,CDR,2023-01-31 18:00:00,+919813673603,+919813751732,356938013358414,63,"Andheri East, Mumbai"
REC006019,CASE0152,CDR,2023-01-31 20:00:00,+919813673603,+919897819967,356938013358414,251,"Cyber City, Gurugram"
REC006020,CASE0153,CDR,2024-04-07 03:00:00,+919847505300,+919868905015,356938026023179,176,"Andheri East, Mumbai"
REC006021,CASE0153,CDR,2024-04-07 12:00:00,+919847505300,+919838148081,356938026023179,151,"Vaishali Nagar, Jaipur"
REC006022,CASE0153,CDR,2024-04-07 14:00:00,+919847505300,+919868905015,356938026023179,317,"Cyber City, Gurugram"
REC006023,CASE0153,CDR,2024-04-07 17:00:00,+919847505300,+919838148081,356938026023179,385,"Salt Lake, Kolkata"
REC006024,CASE0153,UPI,2024-04-07 23:00:00,traders2435@ybl,quickcash95@upi,TXN961307,3000,N/A
REC006025,CASE0153,UPI,2024-04-08 01:00:00,sunita.d18@paytm,traders2435@ybl,TXN610248,1200,N/A
REC006026,CASE0153,CDR,2024-04-08 04:00:00,+919847505300,+919838148081,356938026023179,270,"Banjara Hills, Hyderabad"
REC006027,CASE0153,UPI,2024-04-08 08:00:00,sunita.d18@paytm,traders2435@ybl,TXN256924,500,N/A
REC006028,CASE0153,CDR,2024-04-08 10:00:00,+919847505300,+919847422913,356938026023179,470,"Whitefield, Bengaluru"
REC006029,CASE0153,CDR,2024-04-08 13:00:00,+919847505300,+919868905015,356938026023179,193,"Connaught Place, Delhi"
REC006030,CASE0153,CDR,2024-04-08 16:00:00,+919847505300,+919899595330,356938026023179,205,"Andheri East, Mumbai"
REC006031,CASE0153,UPI,2024-04-08 16:00:00,sunita.d18@paytm,traders2435@ybl,TXN402958,15000,N/A
REC006032,CASE0153,UPI,2024-04-09 20:00:00,traders2435@ybl,quickcash95@upi,TXN960931,7500,N/A
REC006033,CASE0153,UPI,2024-04-10 07:00:00,traders2435@ybl,nikhil.j83@paytm,TXN168636,500,N/A
REC006034,CASE0153,UPI,2024-04-10 10:00:00,traders2435@ybl,pooja.b68@paytm,TXN377105,500,N/A
REC006035,CASE0153,UPI,2024-04-10 13:00:00,traders2435@ybl,nikhil.j83@paytm,TXN972494,7500,N/A
REC006036,CASE0153,UPI,2024-04-10 18:00:00,traders2435@ybl,rajesh.m17@icb,TXN235550,15000,N/A
REC006037,CASE0153,UPI,2024-04-10 19:00:00,traders2435@ybl,pooja.b68@paytm,TXN214889,22000,N/A
REC006038,CASE0153,UPI,2024-04-10 22:00:00,traders2435@ybl,quickcash95@upi,TXN121766,3000,N/A
REC006039,CASE0153,UPI,2024-04-11 12:00:00,sunita.d18@paytm,traders2435@ybl,TXN633667,48000,N/A
REC006040,CASE0153,CDR,2024-04-11 18:00:00,+919847505300,+919870415900,356938026023179,258,"Connaught Place, Delhi"
REC006041,CASE0153,CDR,2024-04-11 21:00:00,+919847505300,+919838148081,356938026023179,419,"Whitefield, Bengaluru"
REC006042,CASE0153,UPI,2024-04-12 04:00:00,sunita.d18@paytm,traders2435@ybl,TXN771233,7500,N/A
REC006043,CASE0153,CDR,2024-04-12 13:00:00,+919847505300,+919888821705,356938026023179,319,"Kothrud, Pune"
REC006044,CASE0153,UPI,2024-04-12 13:00:00,traders2435@ybl,quickcash95@upi,TXN618714,22000,N/A
REC006045,CASE0153,UPI,2024-04-12 18:00:00,sunita.d18@paytm,traders2435@ybl,TXN832894,15000,N/A
REC006046,CASE0153,CDR,2024-04-13 15:00:00,+919847505300,+919888821705,356938026023179,405,"Kothrud, Pune"
REC006047,CASE0153,CDR,2024-04-13 20:00:00,+919847505300,+919899595330,356938026023179,457,"Whitefield, Bengaluru"
REC006048,CASE0153,CDR,2024-04-13 21:00:00,+919847505300,+919868905015,356938026023179,351,"Anna Nagar, Chennai"
REC006049,CASE0153,CDR,2024-04-13 22:00:00,+919847505300,+919899595330,356938026023179,382,"Cyber City, Gurugram"
REC006050,CASE0153,CDR,2024-04-13 23:00:00,+919847505300,+919856499638,356938026023179,360,"Anna Nagar, Chennai"
REC006051,CASE0153,UPI,2024-04-14 02:00:00,traders2435@ybl,rajesh.m17@icb,TXN875776,500,N/A
REC006052,CASE0153,CDR,2024-04-14 03:00:00,+919847505300,+919838148081,356938026023179,46,"Vaishali Nagar, Jaipur"
REC006053,CASE0153,UPI,2024-04-14 04:00:00,sunita.d18@paytm,traders2435@ybl,TXN554231,500,N/A
REC006054,CASE0153,CDR,2024-04-14 14:00:00,+919847505300,+919899595330,356938026023179,89,"Connaught Place, Delhi"
REC006055,CASE0153,CDR,2024-04-14 14:00:00,+919847505300,+919870415900,356938026023179,245,"Cyber City, Gurugram"
REC006056,CASE0153,CDR,2024-04-14 16:00:00,+919847505300,+919856499638,356938026023179,85,"Cyber City, Gurugram"
REC006057,CASE0153,UPI,2024-04-14 22:00:00,sunita.d18@paytm,traders2435@ybl,TXN662451,48000,N/A
REC006058,CASE0153,CDR,2024-04-14 23:00:00,+919847505300,+919870415900,356938026023179,237,"Connaught Place, Delhi"
REC006059,CASE0153,CDR,2024-04-15 01:00:00,+919847505300,+919856499638,356938026023179,32,"Andheri East, Mumbai"
REC006060,CASE0153,UPI,2024-04-15 07:00:00,traders2435@ybl,pooja.b68@paytm,TXN252907,1200,N/A
REC006061,CASE0153,UPI,2024-04-15 13:00:00,sunita.d18@paytm,traders2435@ybl,TXN346621,48000,N/A
REC006062,CASE0153,CDR,2024-04-15 15:00:00,+919847505300,+919868905015,356938026023179,125,"Salt Lake, Kolkata"
REC006063,CASE0153,UPI,2024-04-15 17:00:00,traders2435@ybl,pooja.b68@paytm,TXN330116,15000,N/A
REC006064,CASE0153,CDR,2024-04-15 21:00:00,+919847505300,+919888821705,356938026023179,383,"Salt Lake, Kolkata"
REC006065,CASE0153,CDR,2024-04-16 07:00:00,+919847505300,+919870415900,356938026023179,472,"Sector 15, Gurugram"
REC006066,CASE0153,CDR,2024-04-16 15:00:00,+919847505300,+919847422913,356938026023179,205,"Connaught Place, Delhi"
REC006067,CASE0153,CDR,2024-04-16 20:00:00,+919847505300,+919870415900,356938026023179,407,"Vaishali Nagar, Jaipur"
REC006068,CASE0153,CDR,2024-04-16 21:00:00,+919847505300,+919856499638,356938026023179,261,"Salt Lake, Kolkata"
REC006069,CASE0154,CDR,2024-01-15 05:00:00,+919811007815,+919838124159,356938097962252,228,"Kothrud, Pune"
REC006070,CASE0154,CDR,2024-01-15 18:00:00,+919811007815,+919853850760,356938097962252,190,"Salt Lake, Kolkata"
REC006071,CASE0154,CDR,2024-01-16 00:00:00,+919811007815,+919838124159,356938097962252,54,"Banjara Hills, Hyderabad"
REC006072,CASE0154,CDR,2024-01-16 03:00:00,+919811007815,+919897828550,356938097962252,466,"Vaishali Nagar, Jaipur"
REC006073,CASE0154,CDR,2024-01-16 14:00:00,+919811007815,+919895033950,356938097962252,16,"Whitefield, Bengaluru"
REC006074,CASE0154,CDR,2024-01-16 18:00:00,+919811007815,+919847425687,356938097962252,202,"Andheri East, Mumbai"
REC006075,CASE0154,UPI,2024-01-17 01:00:00,citypay9@ybl,meera.s81@ybl,TXN786765,22000,N/A
REC006076,CASE0154,CDR,2024-01-17 09:00:00,+919811007815,+919838124159,356938097962252,159,"Banjara Hills, Hyderabad"
REC006077,CASE0154,CDR,2024-01-17 13:00:00,+919811007815,+919838124159,356938097962252,61,"Banjara Hills, Hyderabad"
REC006078,CASE0154,UPI,2024-01-17 15:00:00,citypay9@ybl,meera.s81@ybl,TXN765260,7500,N/A
REC006079,CASE0154,CDR,2024-01-18 00:00:00,+919811007815,+919895033950,356938097962252,444,"Andheri East, Mumbai"
REC006080,CASE0154,CDR,2024-01-18 06:00:00,+919811007815,+919887951176,356938097962252,479,"Anna Nagar, Chennai"
REC006081,CASE0154,UPI,2024-01-18 10:00:00,meera.s81@ybl,amitpay20@ybl,TXN818942,3000,N/A
REC006082,CASE0154,UPI,2024-01-18 16:00:00,citypay9@ybl,meera.s81@ybl,TXN565322,22000,N/A
REC006083,CASE0154,CDR,2024-01-18 23:00:00,+919811007815,+919895033950,356938097962252,156,"Sector 15, Gurugram"
REC006084,CASE0154,CDR,2024-01-19 10:00:00,+919811007815,+919897828550,356938097962252,264,"Salt Lake, Kolkata"
REC006085,CASE0154,UPI,2024-01-19 13:00:00,citypay9@ybl,meera.s81@ybl,TXN605814,22000,N/A
REC006086,CASE0154,UPI,2024-01-19 19:00:00,citypay9@ybl,meera.s81@ybl,TXN386869,22000,N/A
REC006087,CASE0154,UPI,2024-01-20 06:00:00,meera.s81@ybl,meera.s68@icb,TXN689964,22000,N/A
REC006088,CASE0154,CDR,2024-01-20 20:00:00,+919811007815,+919853850760,356938097962252,325,"Vaishali Nagar, Jaipur"
REC006089,CASE0154,CDR,2024-01-20 22:00:00,+919811007815,+919895033950,356938097962252,353,"Cyber City, Gurugram"
REC006090,CASE0154,UPI,2024-01-21 02:00:00,meera.s81@ybl,sunita.d70@icb,TXN887032,7500,N/A
REC006091,CASE0154,CDR,2024-01-21 03:00:00,+919811007815,+919854913749,356938097962252,442,"Sector 15, Gurugram"
REC006092,CASE0154,UPI,2024-01-21 03:00:00,citypay9@ybl,meera.s81@ybl,TXN473933,48000,N/A
REC006093,CASE0154,CDR,2024-01-21 14:00:00,+919811007815,+919897828550,356938097962252,399,"Whitefield, Bengaluru"
REC006094,CASE0154,UPI,2024-01-21 16:00:00,meera.s81@ybl,traders2468@upi,TXN409464,500,N/A
REC006095,CASE0154,CDR,2024-01-22 03:00:00,+919811007815,+919847425687,356938097962252,456,"Salt Lake, Kolkata"
REC006096,CASE0154,UPI,2024-01-22 09:00:00,meera.s81@ybl,sunita.d70@icb,TXN361176,1200,N/A
REC006097,CASE0154,CDR,2024-01-22 14:00:00,+919811007815,+919853850760,356938097962252,115,"Andheri East, Mumbai"
REC006098,CASE0154,CDR,2024-01-23 01:00:00,+919811007815,+919895033950,356938097962252,49,"Andheri East, Mumbai"
REC006099,CASE0154,CDR,2024-01-23 09:00:00,+919811007815,+919897828550,356938097962252,129,"Salt Lake, Kolkata"
REC006100,CASE0154,UPI,2024-01-23 12:00:00,meera.s81@ybl,traders2468@upi,TXN935373,500,N/A
REC006101,CASE0154,CDR,2024-01-23 14:00:00,+919811007815,+919895033950,356938097962252,377,"Anna Nagar, Chennai"
REC006102,CASE0154,CDR,2024-01-23 21:00:00,+919811007815,+919854913749,356938097962252,454,"Salt Lake, Kolkata"
REC006103,CASE0154,CDR,2024-01-24 01:00:00,+919811007815,+919853850760,356938097962252,51,"Anna Nagar, Chennai"
REC006104,CASE0154,UPI,2024-01-24 02:00:00,meera.s81@ybl,meera.s68@icb,TXN828938,15000,N/A
REC006105,CASE0155,UPI,2023-07-25 04:00:00,ravi.k61@ybl,freshmart50@icb,TXN706641,48000,N/A
REC006106,CASE0155,CDR,2023-07-25 20:00:00,+919804040613,+919805171189,356938023972243,57,"Salt Lake, Kolkata"
REC006107,CASE0155,CDR,2023-07-25 21:00:00,+919804040613,+919850230866,356938023972243,482,"Sector 15, Gurugram"
REC006108,CASE0155,CDR,2023-07-26 01:00:00,+919804040613,+919886316436,356938023972243,454,"Anna Nagar, Chennai"
REC006109,CASE0155,CDR,2023-07-26 15:00:00,+919804040613,+919884211395,356938023972243,334,"Banjara Hills, Hyderabad"
REC006110,CASE0155,CDR,2023-07-26 15:00:00,+919804040613,+919803357013,356938023972243,146,"Banjara Hills, Hyderabad"
REC006111,CASE0155,UPI,2023-07-26 18:00:00,nikhil.j64@upi,ravi.k61@ybl,TXN608183,3000,N/A
REC006112,CASE0155,CDR,2023-07-27 04:00:00,+919804040613,+919844934776,356938023972243,71,"Banjara Hills, Hyderabad"
REC006113,CASE0155,UPI,2023-07-28 03:00:00,ravi.k61@ybl,citypay92@paytm,TXN654630,1200,N/A
REC006114,CASE0155,CDR,2023-07-28 16:00:00,+919804040613,+919886316436,356938023972243,202,"Salt Lake, Kolkata"
REC006115,CASE0155,CDR,2023-07-28 21:00:00,+919804040613,+919803357013,356938023972243,148,"Cyber City, Gurugram"
REC006116,CASE0155,CDR,2023-07-28 23:00:00,+919804040613,+919850230866,356938023972243,459,"Banjara Hills, Hyderabad"
REC006117,CASE0155,UPI,2023-07-29 00:00:00,nikhil.j64@upi,ravi.k61@ybl,TXN150226,3000,N/A
REC006118,CASE0155,UPI,2023-07-29 04:00:00,ravi.k61@ybl,freshmart67@icb,TXN880181,7500,N/A
REC006119,CASE0155,CDR,2023-07-29 18:00:00,+919804040613,+919850230866,356938023972243,316,"Banjara Hills, Hyderabad"
REC006120,CASE0155,UPI,2023-07-30 19:00:00,ravi.k61@ybl,citypay92@paytm,TXN407280,7500,N/A
REC006121,CASE0155,CDR,2023-07-31 10:00:00,+919804040613,+919803357013,356938023972243,432,"Whitefield, Bengaluru"
REC006122,CASE0155,CDR,2023-07-31 17:00:00,+919804040613,+919844934776,356938023972243,91,"Whitefield, Bengaluru"
REC006123,CASE0155,UPI,2023-07-31 19:00:00,nikhil.j64@upi,ravi.k61@ybl,TXN590132,22000,N/A
REC006124,CASE0155,UPI,2023-08-01 20:00:00,ravi.k61@ybl,traders245@upi,TXN156480,22000,N/A
REC006125,CASE0155,CDR,2023-08-03 21:00:00,+919804040613,+919884211395,356938023972243,194,"Sector 15, Gurugram"
REC006126,CASE0155,CDR,2023-08-04 00:00:00,+919804040613,+919850230866,356938023972243,432,"Whitefield, Bengaluru"
REC006127,CASE0156,CDR,2023-07-14 05:00:00,+919800558603,+919894446200,356938001132456,291,"Banjara Hills, Hyderabad"
REC006128,CASE0156,UPI,2023-07-14 09:00:00,quickcash68@ybl,traders2465@okhdfcbank,TXN699786,22000,N/A
REC006129,CASE0156,CDR,2023-07-14 19:00:00,+919800558603,+919876894230,356938001132456,355,"Banjara Hills, Hyderabad"
REC006130,CASE0156,UPI,2023-07-14 19:00:00,traders2465@okhdfcbank,freshmart65@upi,TXN812355,22000,N/A
REC006131,CASE0156,CDR,2023-07-15 08:00:00,+919800558603,+919894446200,356938001132456,370,"Sector 15, Gurugram"
REC006132,CASE0156,CDR,2023-07-15 18:00:00,+919800558603,+919842262974,356938001132456,205,"Anna Nagar, Chennai"
REC006133,CASE0156,CDR,2023-07-15 18:00:00,+919800558603,+919876894230,356938001132456,412,"Vaishali Nagar, Jaipur"
REC006134,CASE0156,CDR,2023-07-15 22:00:00,+919800558603,+919894446200,356938001132456,440,"Banjara Hills, Hyderabad"
REC006135,CASE0156,UPI,2023-07-16 02:00:00,traders2465@okhdfcbank,traders2440@paytm,TXN136487,3000,N/A
REC006136,CASE0156,UPI,2023-07-16 18:00:00,quickcash68@ybl,traders2465@okhdfcbank,TXN415141,1200,N/A
REC006137,CASE0156,UPI,2023-07-17 01:00:00,quickcash68@ybl,traders2465@okhdfcbank,TXN531993,1200,N/A
REC006138,CASE0156,CDR,2023-07-17 02:00:00,+919800558603,+919830997600,356938001132456,276,"Andheri East, Mumbai"
REC006139,CASE0156,CDR,2023-07-17 02:00:00,+919800558603,+919894446200,356938001132456,387,"Whitefield, Bengaluru"
REC006140,CASE0156,CDR,2023-07-17 03:00:00,+919800558603,+919894446200,356938001132456,51,"Salt Lake, Kolkata"
REC006141,CASE0156,CDR,2023-07-17 04:00:00,+919800558603,+919836320904,356938001132456,115,"Cyber City, Gurugram"
REC006142,CASE0156,UPI,2023-07-17 10:00:00,traders2465@okhdfcbank,freshmart65@upi,TXN590098,22000,N/A
REC006143,CASE0156,UPI,2023-07-17 12:00:00,quickcash68@ybl,traders2465@okhdfcbank,TXN619661,15000,N/A
REC006144,CASE0156,UPI,2023-07-17 22:00:00,traders2465@okhdfcbank,traders2440@paytm,TXN611450,500,N/A
REC006145,CASE0156,CDR,2023-07-17 23:00:00,+919800558603,+919828666183,356938001132456,440,"Connaught Place, Delhi"
REC006146,CASE0156,CDR,2023-07-17 23:00:00,+919800558603,+919876894230,356938001132456,145,"Salt Lake, Kolkata"
REC006147,CASE0156,UPI,2023-07-17 23:00:00,traders2465@okhdfcbank,freshmart65@upi,TXN238291,1200,N/A
REC006148,CASE0156,CDR,2023-07-18 07:00:00,+919800558603,+919811369898,356938001132456,368,"Vaishali Nagar, Jaipur"
REC006149,CASE0156,UPI,2023-07-18 16:00:00,traders2465@okhdfcbank,freshmart99@paytm,TXN117829,22000,N/A
REC006150,CASE0156,UPI,2023-07-18 21:00:00,traders2465@okhdfcbank,freshmart91@upi,TXN965524,500,N/A
REC006151,CASE0156,CDR,2023-07-19 02:00:00,+919800558603,+919830997600,356938001132456,209,"Kothrud, Pune"
REC006152,CASE0156,CDR,2023-07-19 03:00:00,+919800558603,+919836320904,356938001132456,446,"Salt Lake, Kolkata"
REC006153,CASE0156,UPI,2023-07-19 03:00:00,quickcash68@ybl,traders2465@okhdfcbank,TXN410002,7500,N/A
REC006154,CASE0156,UPI,2023-07-19 05:00:00,traders2465@okhdfcbank,freshmart99@paytm,TXN892779,22000,N/A
REC006155,CASE0156,CDR,2023-07-19 15:00:00,+919800558603,+919836320904,356938001132456,354,"Sector 15, Gurugram"
REC006156,CASE0156,CDR,2023-07-19 16:00:00,+919800558603,+919876894230,356938001132456,322,"Banjara Hills, Hyderabad"
REC006157,CASE0156,CDR,2023-07-19 17:00:00,+919800558603,+919811369898,356938001132456,472,"Banjara Hills, Hyderabad"
REC006158,CASE0156,CDR,2023-07-20 03:00:00,+919800558603,+919836320904,356938001132456,189,"Vaishali Nagar, Jaipur"
REC006159,CASE0156,CDR,2023-07-20 16:00:00,+919800558603,+919836320904,356938001132456,449,"Anna Nagar, Chennai"
REC006160,CASE0156,CDR,2023-07-20 20:00:00,+919800558603,+919876894230,356938001132456,424,"Whitefield, Bengaluru"
REC006161,CASE0156,UPI,2023-07-20 23:00:00,traders2465@okhdfcbank,freshmart91@upi,TXN666749,48000,N/A
REC006162,CASE0156,CDR,2023-07-21 02:00:00,+919800558603,+919830997600,356938001132456,447,"Whitefield, Bengaluru"
REC006163,CASE0156,UPI,2023-07-21 22:00:00,quickcash68@ybl,traders2465@okhdfcbank,TXN213365,3000,N/A
REC006164,CASE0156,CDR,2023-07-22 01:00:00,+919800558603,+919894446200,356938001132456,189,"Whitefield, Bengaluru"
REC006165,CASE0156,UPI,2023-07-22 12:00:00,quickcash68@ybl,traders2465@okhdfcbank,TXN280403,15000,N/A
REC006166,CASE0156,CDR,2023-07-22 13:00:00,+919800558603,+919876894230,356938001132456,99,"Andheri East, Mumbai"
REC006167,CASE0156,UPI,2023-07-22 14:00:00,traders2465@okhdfcbank,freshmart65@upi,TXN965478,1200,N/A
REC006168,CASE0156,CDR,2023-07-22 15:00:00,+919800558603,+919830997600,356938001132456,339,"Whitefield, Bengaluru"
REC006169,CASE0156,CDR,2023-07-22 20:00:00,+919800558603,+919828666183,356938001132456,107,"Cyber City, Gurugram"
REC006170,CASE0156,CDR,2023-07-22 21:00:00,+919800558603,+919836320904,356938001132456,355,"Salt Lake, Kolkata"
REC006171,CASE0156,UPI,2023-07-22 23:00:00,traders2465@okhdfcbank,traders2440@paytm,TXN650960,1200,N/A
REC006172,CASE0156,CDR,2023-07-23 02:00:00,+919800558603,+919876894230,356938001132456,173,"Connaught Place, Delhi"
REC006173,CASE0156,UPI,2023-07-23 02:00:00,quickcash68@ybl,traders2465@okhdfcbank,TXN460712,15000,N/A
REC006174,CASE0156,CDR,2023-07-23 06:00:00,+919800558603,+919836320904,356938001132456,136,"Anna Nagar, Chennai"
REC006175,CASE0156,CDR,2023-07-23 13:00:00,+919800558603,+919830997600,356938001132456,394,"Connaught Place, Delhi"
REC006176,CASE0156,CDR,2023-07-23 14:00:00,+919800558603,+919828666183,356938001132456,481,"Anna Nagar, Chennai"
REC006177,CASE0156,CDR,2023-07-23 20:00:00,+919800558603,+919811369898,356938001132456,478,"Cyber City, Gurugram"
REC006178,CASE0156,CDR,2023-07-23 21:00:00,+919800558603,+919828666183,356938001132456,78,"Connaught Place, Delhi"
REC006179,CASE0156,CDR,2023-07-23 22:00:00,+919800558603,+919876894230,356938001132456,290,"Sector 15, Gurugram"
REC006180,CASE0157,UPI,2023-12-17 02:00:00,meera.s31@ybl,anita.r77@icb,TXN717313,7500,N/A
REC006181,CASE0157,UPI,2023-12-17 18:00:00,meera.s31@ybl,meera.s33@upi,TXN396052,15000,N/A
REC006182,CASE0157,CDR,2023-12-18 05:00:00,+919838653481,+919889411265,356938063745735,298,"Whitefield, Bengaluru"
REC006183,CASE0157,UPI,2023-12-18 18:00:00,meera.s31@ybl,anita.r77@icb,TXN210054,3000,N/A
REC006184,CASE0157,CDR,2023-12-19 03:00:00,+919838653481,+919850310663,356938063745735,142,"Salt Lake, Kolkata"
REC006185,CASE0157,UPI,2023-12-19 08:00:00,meera.s31@ybl,anita.r77@icb,TXN671232,15000,N/A
REC006186,CASE0157,CDR,2023-12-19 14:00:00,+919838653481,+919886374119,356938063745735,269,"Andheri East, Mumbai"
REC006187,CASE0157,CDR,2023-12-19 17:00:00,+919838653481,+919889411265,356938063745735,221,"Connaught Place, Delhi"
REC006188,CASE0157,UPI,2023-12-19 18:00:00,meera.s31@ybl,meera.s33@upi,TXN836860,1200,N/A
REC006189,CASE0157,CDR,2023-12-19 21:00:00,+919838653481,+919850310663,356938063745735,442,"Vaishali Nagar, Jaipur"
REC006190,CASE0157,UPI,2023-12-20 01:00:00,meera.s31@ybl,meera.s33@upi,TXN194651,500,N/A
REC006191,CASE0157,CDR,2023-12-20 02:00:00,+919838653481,+919850032646,356938063745735,484,"Whitefield, Bengaluru"
REC006192,CASE0157,UPI,2023-12-20 05:00:00,meera.s31@ybl,meera.s33@upi,TXN710409,500,N/A
REC006193,CASE0157,CDR,2023-12-20 12:00:00,+919838653481,+919897196700,356938063745735,128,"Whitefield, Bengaluru"
REC006194,CASE0157,CDR,2023-12-20 20:00:00,+919838653481,+919850310663,356938063745735,259,"Andheri East, Mumbai"
REC006195,CASE0157,UPI,2023-12-21 04:00:00,pooja.b43@icb,meera.s31@ybl,TXN294904,500,N/A
REC006196,CASE0157,CDR,2023-12-21 05:00:00,+919838653481,+919873352096,356938063745735,50,"Cyber City, Gurugram"
REC006197,CASE0157,CDR,2023-12-21 08:00:00,+919838653481,+919850032646,356938063745735,67,"Anna Nagar, Chennai"
REC006198,CASE0157,UPI,2023-12-21 11:00:00,meera.s31@ybl,meera.s75@okhdfcbank,TXN859805,22000,N/A
REC006199,CASE0157,UPI,2023-12-21 19:00:00,meera.s31@ybl,meera.s75@okhdfcbank,TXN259234,48000,N/A
REC006200,CASE0157,CDR,2023-12-21 20:00:00,+919838653481,+919897196700,356938063745735,262,"Connaught Place, Delhi"
REC006201,CASE0157,CDR,2023-12-21 22:00:00,+919838653481,+919850310663,356938063745735,427,"Anna Nagar, Chennai"
REC006202,CASE0157,UPI,2023-12-22 01:00:00,pooja.b43@icb,meera.s31@ybl,TXN104915,48000,N/A
REC006203,CASE0157,CDR,2023-12-22 06:00:00,+919838653481,+919850032646,356938063745735,119,"Cyber City, Gurugram"
REC006204,CASE0157,CDR,2023-12-22 10:00:00,+919838653481,+919850032646,356938063745735,384,"Whitefield, Bengaluru"
REC006205,CASE0157,CDR,2023-12-23 00:00:00,+919838653481,+919889411265,356938063745735,279,"Cyber City, Gurugram"
REC006206,CASE0157,CDR,2023-12-23 03:00:00,+919838653481,+919886374119,356938063745735,450,"Andheri East, Mumbai"
REC006207,CASE0157,CDR,2023-12-23 10:00:00,+919838653481,+919889411265,356938063745735,42,"Connaught Place, Delhi"
REC006208,CASE0157,CDR,2023-12-23 11:00:00,+919838653481,+919850310663,356938063745735,485,"Anna Nagar, Chennai"
REC006209,CASE0157,UPI,2023-12-23 16:00:00,meera.s31@ybl,meera.s33@upi,TXN330466,15000,N/A
REC006210,CASE0157,CDR,2023-12-24 00:00:00,+919838653481,+919889411265,356938063745735,409,"Anna Nagar, Chennai"
REC006211,CASE0157,CDR,2023-12-24 01:00:00,+919838653481,+919886374119,356938063745735,409,"Whitefield, Bengaluru"
REC006212,CASE0157,CDR,2023-12-24 04:00:00,+919838653481,+919882545271,356938063745735,255,"Anna Nagar, Chennai"
REC006213,CASE0157,CDR,2023-12-24 05:00:00,+919838653481,+919886374119,356938063745735,297,"Whitefield, Bengaluru"
REC006214,CASE0157,CDR,2023-12-25 02:00:00,+919838653481,+919886374119,356938063745735,278,"Salt Lake, Kolkata"
REC006215,CASE0157,CDR,2023-12-26 03:00:00,+919838653481,+919889411265,356938063745735,128,"Andheri East, Mumbai"
REC006216,CASE0157,CDR,2023-12-26 03:00:00,+919838653481,+919850032646,356938063745735,199,"Kothrud, Pune"
REC006217,CASE0157,CDR,2023-12-26 03:00:00,+919838653481,+919850310663,356938063745735,407,"Connaught Place, Delhi"
REC006218,CASE0157,CDR,2023-12-26 05:00:00,+919838653481,+919889411265,356938063745735,194,"Anna Nagar, Chennai"
REC006219,CASE0157,UPI,2023-12-26 05:00:00,meera.s31@ybl,meera.s75@okhdfcbank,TXN874868,22000,N/A
REC006220,CASE0157,CDR,2023-12-26 08:00:00,+919838653481,+919850310663,356938063745735,483,"Kothrud, Pune"
REC006221,CASE0157,CDR,2023-12-26 09:00:00,+919838653481,+919897196700,356938063745735,374,"Cyber City, Gurugram"
REC006222,CASE0157,UPI,2023-12-26 12:00:00,meera.s31@ybl,vikram.t15@okhdfcbank,TXN970996,500,N/A
REC006223,CASE0157,CDR,2023-12-26 14:00:00,+919838653481,+919882545271,356938063745735,34,"Anna Nagar, Chennai"
REC006224,CASE0158,CDR,2024-05-18 07:00:00,+919811356315,+919810193660,356938043094404,454,"Kothrud, Pune"
REC006225,CASE0158,UPI,2024-05-18 16:00:00,deepa.v59@ybl,anita.r34@okhdfcbank,TXN739062,500,N/A
REC006226,CASE0158,CDR,2024-05-18 20:00:00,+919811356315,+919834695104,356938043094404,285,"Vaishali Nagar, Jaipur"
REC006227,CASE0158,CDR,2024-05-19 23:00:00,+919811356315,+919887166290,356938043094404,406,"Banjara Hills, Hyderabad"
REC006228,CASE0158,CDR,2024-05-20 04:00:00,+919811356315,+919887166290,356938043094404,433,"Sector 15, Gurugram"
REC006229,CASE0158,CDR,2024-05-20 13:00:00,+919811356315,+919834695104,356938043094404,409,"Kothrud, Pune"
REC006230,CASE0158,UPI,2024-05-20 23:00:00,deepa.v59@ybl,anita.r34@okhdfcbank,TXN773822,3000,N/A
REC006231,CASE0158,UPI,2024-05-21 03:00:00,anita.r34@okhdfcbank,meera.s90@icb,TXN312385,22000,N/A
REC006232,CASE0158,CDR,2024-05-21 15:00:00,+919811356315,+919810193660,356938043094404,46,"Anna Nagar, Chennai"
REC006233,CASE0158,CDR,2024-05-21 17:00:00,+919811356315,+919810193660,356938043094404,336,"Vaishali Nagar, Jaipur"
REC006234,CASE0158,CDR,2024-05-21 18:00:00,+919811356315,+919822959681,356938043094404,460,"Kothrud, Pune"
REC006235,CASE0158,CDR,2024-05-23 06:00:00,+919811356315,+919854702761,356938043094404,334,"Anna Nagar, Chennai"
REC006236,CASE0158,UPI,2024-05-24 03:00:00,anita.r34@okhdfcbank,pooja.b9@upi,TXN725589,22000,N/A
REC006237,CASE0158,CDR,2024-05-24 19:00:00,+919811356315,+919864674655,356938043094404,211,"Cyber City, Gurugram"
REC006238,CASE0158,UPI,2024-05-25 11:00:00,anita.r34@okhdfcbank,vikram.t32@ybl,TXN555736,15000,N/A
REC006239,CASE0158,UPI,2024-05-25 17:00:00,deepa.v59@ybl,anita.r34@okhdfcbank,TXN567008,1200,N/A
REC006240,CASE0158,UPI,2024-05-26 06:00:00,anita.r34@okhdfcbank,vikram.t32@ybl,TXN998942,7500,N/A
REC006241,CASE0158,CDR,2024-05-26 13:00:00,+919811356315,+919822959681,356938043094404,113,"Kothrud, Pune"
REC006242,CASE0158,UPI,2024-05-26 21:00:00,deepa.v59@ybl,anita.r34@okhdfcbank,TXN185438,1200,N/A
REC006243,CASE0158,CDR,2024-05-27 09:00:00,+919811356315,+919822959681,356938043094404,372,"Andheri East, Mumbai"
REC006244,CASE0158,CDR,2024-05-27 16:00:00,+919811356315,+919887166290,356938043094404,476,"Vaishali Nagar, Jaipur"
REC006245,CASE0158,CDR,2024-05-27 21:00:00,+919811356315,+919887004438,356938043094404,30,"Kothrud, Pune"
REC006246,CASE0159,UPI,2024-04-11 07:00:00,nikhil.j97@okhdfcbank,amitpay21@upi,TXN157795,22000,N/A
REC006247,CASE0159,CDR,2024-04-12 04:00:00,+919859158407,+919865090080,356938022768495,294,"Whitefield, Bengaluru"
REC006248,CASE0159,CDR,2024-04-12 04:00:00,+919859158407,+919807368244,356938022768495,498,"Connaught Place, Delhi"
REC006249,CASE0159,CDR,2024-04-12 11:00:00,+919859158407,+919801586426,356938022768495,377,"Connaught Place, Delhi"
REC006250,CASE0159,UPI,2024-04-12 14:00:00,nikhil.j97@okhdfcbank,amitpay21@upi,TXN757451,22000,N/A
REC006251,CASE0159,CDR,2024-04-12 16:00:00,+919859158407,+919887872413,356938022768495,304,"Salt Lake, Kolkata"
REC006252,CASE0159,CDR,2024-04-12 23:00:00,+919859158407,+919829125528,356938022768495,251,"Banjara Hills, Hyderabad"
REC006253,CASE0159,CDR,2024-04-13 02:00:00,+919859158407,+919865090080,356938022768495,166,"Connaught Place, Delhi"
REC006254,CASE0159,CDR,2024-04-13 07:00:00,+919859158407,+919801586426,356938022768495,257,"Salt Lake, Kolkata"
REC006255,CASE0159,CDR,2024-04-14 00:00:00,+919859158407,+919807368244,356938022768495,276,"Banjara Hills, Hyderabad"
REC006256,CASE0159,UPI,2024-04-14 00:00:00,nikhil.j97@okhdfcbank,amitpay21@upi,TXN590127,500,N/A
REC006257,CASE0159,CDR,2024-04-14 04:00:00,+919859158407,+919887872413,356938022768495,124,"Banjara Hills, Hyderabad"
REC006258,CASE0159,CDR,2024-04-14 14:00:00,+919859158407,+919801586426,356938022768495,93,"Vaishali Nagar, Jaipur"
REC006259,CASE0159,UPI,2024-04-14 14:00:00,amitpay21@upi,vikram.t40@icb,TXN705432,22000,N/A
REC006260,CASE0159,CDR,2024-04-14 17:00:00,+919859158407,+919801586426,356938022768495,202,"Sector 15, Gurugram"
REC006261,CASE0159,CDR,2024-04-15 00:00:00,+919859158407,+919865090080,356938022768495,499,"Whitefield, Bengaluru"
REC006262,CASE0159,UPI,2024-04-15 05:00:00,amitpay21@upi,deepa.v62@icb,TXN741297,48000,N/A
REC006263,CASE0159,CDR,2024-04-15 08:00:00,+919859158407,+919890217149,356938022768495,58,"Whitefield, Bengaluru"
REC006264,CASE0159,CDR,2024-04-15 10:00:00,+919859158407,+919807368244,356938022768495,493,"Cyber City, Gurugram"
REC006265,CASE0159,UPI,2024-04-15 15:00:00,amitpay21@upi,deepa.v62@icb,TXN604840,3000,N/A
REC006266,CASE0159,UPI,2024-04-15 17:00:00,nikhil.j97@okhdfcbank,amitpay21@upi,TXN373389,7500,N/A
REC006267,CASE0159,UPI,2024-04-15 22:00:00,amitpay21@upi,vikram.t40@icb,TXN692810,3000,N/A
REC006268,CASE0159,CDR,2024-04-15 23:00:00,+919859158407,+919849057606,356938022768495,72,"Whitefield, Bengaluru"
REC006269,CASE0159,CDR,2024-04-16 02:00:00,+919859158407,+919801586426,356938022768495,266,"Cyber City, Gurugram"
REC006270,CASE0159,UPI,2024-04-16 03:00:00,amitpay21@upi,traders2441@ybl,TXN846638,22000,N/A
REC006271,CASE0159,UPI,2024-04-16 06:00:00,nikhil.j97@okhdfcbank,amitpay21@upi,TXN671162,22000,N/A
REC006272,CASE0159,UPI,2024-04-16 17:00:00,amitpay21@upi,traders2441@ybl,TXN121822,1200,N/A
REC006273,CASE0159,CDR,2024-04-16 18:00:00,+919859158407,+919865090080,356938022768495,394,"Kothrud, Pune"
REC006274,CASE0159,UPI,2024-04-16 21:00:00,amitpay21@upi,traders2441@ybl,TXN128230,7500,N/A
REC006275,CASE0159,CDR,2024-04-16 23:00:00,+919859158407,+919890217149,356938022768495,357,"Salt Lake, Kolkata"
REC006276,CASE0159,UPI,2024-04-17 01:00:00,amitpay21@upi,traders2441@ybl,TXN404357,7500,N/A
REC006277,CASE0159,CDR,2024-04-17 04:00:00,+919859158407,+919887872413,356938022768495,488,"Connaught Place, Delhi"
REC006278,CASE0159,UPI,2024-04-17 04:00:00,amitpay21@upi,traders2441@ybl,TXN791421,48000,N/A
REC006279,CASE0159,CDR,2024-04-17 06:00:00,+919859158407,+919865090080,356938022768495,244,"Connaught Place, Delhi"
REC006280,CASE0159,CDR,2024-04-17 15:00:00,+919859158407,+919849057606,356938022768495,459,"Whitefield, Bengaluru"
REC006281,CASE0159,CDR,2024-04-17 16:00:00,+919859158407,+919887872413,356938022768495,31,"Sector 15, Gurugram"
REC006282,CASE0159,CDR,2024-04-17 17:00:00,+919859158407,+919887872413,356938022768495,474,"Whitefield, Bengaluru"
REC006283,CASE0159,CDR,2024-04-17 20:00:00,+919859158407,+919849057606,356938022768495,146,"Anna Nagar, Chennai"
REC006284,CASE0159,UPI,2024-04-18 02:00:00,amitpay21@upi,traders2441@ybl,TXN292243,500,N/A
REC006285,CASE0159,UPI,2024-04-18 16:00:00,nikhil.j97@okhdfcbank,amitpay21@upi,TXN899185,7500,N/A
REC006286,CASE0159,CDR,2024-04-18 18:00:00,+919859158407,+919887872413,356938022768495,116,"Sector 15, Gurugram"
REC006287,CASE0159,UPI,2024-04-18 21:00:00,amitpay21@upi,vikram.t40@icb,TXN853174,7500,N/A
REC006288,CASE0159,CDR,2024-04-19 01:00:00,+919859158407,+919849057606,356938022768495,79,"Cyber City, Gurugram"
REC006289,CASE0159,CDR,2024-04-19 01:00:00,+919859158407,+919849057606,356938022768495,359,"Andheri East, Mumbai"
REC006290,CASE0159,UPI,2024-04-19 01:00:00,amitpay21@upi,pooja.b45@okhdfcbank,TXN332374,1200,N/A
REC006291,CASE0159,UPI,2024-04-19 12:00:00,amitpay21@upi,deepa.v62@icb,TXN954013,3000,N/A
REC006292,CASE0159,CDR,2024-04-19 14:00:00,+919859158407,+919829125528,356938022768495,383,"Cyber City, Gurugram"
REC006293,CASE0159,UPI,2024-04-19 14:00:00,nikhil.j97@okhdfcbank,amitpay21@upi,TXN289379,15000,N/A
REC006294,CASE0159,CDR,2024-04-19 18:00:00,+919859158407,+919807368244,356938022768495,272,"Whitefield, Bengaluru"
REC006295,CASE0159,CDR,2024-04-19 21:00:00,+919859158407,+919887872413,356938022768495,472,"Anna Nagar, Chennai"
REC006296,CASE0159,UPI,2024-04-20 02:00:00,nikhil.j97@okhdfcbank,amitpay21@upi,TXN972634,3000,N/A
REC006297,CASE0159,CDR,2024-04-20 03:00:00,+919859158407,+919829125528,356938022768495,468,"Andheri East, Mumbai"
REC006298,CASE0159,UPI,2024-04-20 16:00:00,amitpay21@upi,vikram.t40@icb,TXN805169,500,N/A
REC006299,CASE0159,CDR,2024-04-20 20:00:00,+919859158407,+919807368244,356938022768495,494,"Anna Nagar, Chennai"
REC006300,CASE0159,UPI,2024-04-20 21:00:00,nikhil.j97@okhdfcbank,amitpay21@upi,TXN133614,7500,N/A
REC006301,CASE0159,CDR,2024-04-21 00:00:00,+919859158407,+919890217149,356938022768495,115,"Sector 15, Gurugram"
REC006302,CASE0159,UPI,2024-04-21 00:00:00,nikhil.j97@okhdfcbank,amitpay21@upi,TXN643396,500,N/A
REC006303,CASE0160,CDR,2024-01-29 10:00:00,+919896125545,+919846157010,356938059710352,202,"Sector 15, Gurugram"
REC006304,CASE0160,UPI,2024-01-30 08:00:00,rajesh.m79@icb,deepa.v83@paytm,TXN964112,22000,N/A
REC006305,CASE0160,UPI,2024-01-30 10:00:00,rajesh.m79@icb,freshmart50@ybl,TXN407090,7500,N/A
REC006306,CASE0160,CDR,2024-01-30 12:00:00,+919896125545,+919889067535,356938059710352,182,"Anna Nagar, Chennai"
REC006307,CASE0160,CDR,2024-01-31 02:00:00,+919896125545,+919889067535,356938059710352,18,"Kothrud, Pune"
REC006308,CASE0160,CDR,2024-01-31 05:00:00,+919896125545,+919838274495,356938059710352,173,"Andheri East, Mumbai"
REC006309,CASE0160,UPI,2024-01-31 10:00:00,rajesh.m79@icb,deepa.v83@paytm,TXN699037,500,N/A
REC006310,CASE0160,CDR,2024-02-01 04:00:00,+919896125545,+919889067535,356938059710352,109,"Connaught Place, Delhi"
REC006311,CASE0160,UPI,2024-02-01 15:00:00,rajesh.m79@icb,freshmart50@ybl,TXN195338,1200,N/A
REC006312,CASE0160,CDR,2024-02-02 08:00:00,+919896125545,+919841811017,356938059710352,397,"Salt Lake, Kolkata"
REC006313,CASE0160,CDR,2024-02-02 09:00:00,+919896125545,+919853531138,356938059710352,170,"Andheri East, Mumbai"
REC006314,CASE0160,UPI,2024-02-02 10:00:00,kavita.n58@icb,rajesh.m79@icb,TXN879830,48000,N/A
REC006315,CASE0160,CDR,2024-02-02 22:00:00,+919896125545,+919853531138,356938059710352,306,"Sector 15, Gurugram"
REC006316,CASE0160,CDR,2024-02-03 14:00:00,+919896125545,+919853531138,356938059710352,286,"Vaishali Nagar, Jaipur"
REC006317,CASE0160,UPI,2024-02-03 18:00:00,kavita.n58@icb,rajesh.m79@icb,TXN177360,1200,N/A
REC006318,CASE0160,CDR,2024-02-04 04:00:00,+919896125545,+919853531138,356938059710352,331,"Andheri East, Mumbai"
REC006319,CASE0160,CDR,2024-02-05 00:00:00,+919896125545,+919838274495,356938059710352,198,"Banjara Hills, Hyderabad"
REC006320,CASE0160,CDR,2024-02-05 09:00:00,+919896125545,+919823156897,356938059710352,119,"Vaishali Nagar, Jaipur"
REC006321,CASE0160,UPI,2024-02-06 00:00:00,kavita.n58@icb,rajesh.m79@icb,TXN249196,500,N/A
REC006322,CASE0160,CDR,2024-02-06 04:00:00,+919896125545,+919853531138,356938059710352,276,"Anna Nagar, Chennai"
REC006323,CASE0160,UPI,2024-02-06 11:00:00,rajesh.m79@icb,nikhil.j30@upi,TXN514556,7500,N/A
REC006324,CASE0160,CDR,2024-02-06 12:00:00,+919896125545,+919889067535,356938059710352,316,"Cyber City, Gurugram"
REC006325,CASE0160,CDR,2024-02-07 02:00:00,+919896125545,+919823156897,356938059710352,270,"Vaishali Nagar, Jaipur"
REC006326,CASE0160,UPI,2024-02-07 05:00:00,kavita.n58@icb,rajesh.m79@icb,TXN990191,15000,N/A
REC006327,CASE0160,CDR,2024-02-07 16:00:00,+919896125545,+919838274495,356938059710352,390,"Banjara Hills, Hyderabad"
REC006328,CASE0161,UPI,2023-06-16 04:00:00,ravi.k88@ybl,quickcash6@upi,TXN366282,15000,N/A
REC006329,CASE0161,CDR,2023-06-16 06:00:00,+919808695749,+919837488144,356938040478766,115,"Banjara Hills, Hyderabad"
REC006330,CASE0161,CDR,2023-06-16 07:00:00,+919808695749,+919860978087,356938040478766,473,"Sector 15, Gurugram"
REC006331,CASE0161,CDR,2023-06-16 07:00:00,+919808695749,+919852005557,356938040478766,213,"Kothrud, Pune"
REC006332,CASE0161,CDR,2023-06-16 09:00:00,+919808695749,+919852005557,356938040478766,20,"Vaishali Nagar, Jaipur"
REC006333,CASE0161,UPI,2023-06-16 11:00:00,ravi.k88@ybl,quickcash6@upi,TXN238664,1200,N/A
REC006334,CASE0161,CDR,2023-06-16 17:00:00,+919808695749,+919897191919,356938040478766,109,"Cyber City, Gurugram"
REC006335,CASE0161,CDR,2023-06-16 20:00:00,+919808695749,+919837488144,356938040478766,296,"Anna Nagar, Chennai"
REC006336,CASE0161,CDR,2023-06-16 21:00:00,+919808695749,+919860978087,356938040478766,381,"Cyber City, Gurugram"
REC006337,CASE0161,CDR,2023-06-17 07:00:00,+919808695749,+919877499782,356938040478766,212,"Sector 15, Gurugram"
REC006338,CASE0161,CDR,2023-06-17 10:00:00,+919808695749,+919837488144,356938040478766,270,"Anna Nagar, Chennai"
REC006339,CASE0161,UPI,2023-06-17 11:00:00,quickcash6@upi,rajesh.m96@ybl,TXN762080,1200,N/A
REC006340,CASE0161,CDR,2023-06-17 12:00:00,+919808695749,+919837488144,356938040478766,280,"Cyber City, Gurugram"
REC006341,CASE0161,CDR,2023-06-17 17:00:00,+919808695749,+919852005557,356938040478766,299,"Whitefield, Bengaluru"
REC006342,CASE0161,UPI,2023-06-17 20:00:00,quickcash6@upi,citypay63@okhdfcbank,TXN682041,1200,N/A
REC006343,CASE0161,CDR,2023-06-18 01:00:00,+919808695749,+919874445323,356938040478766,103,"Cyber City, Gurugram"
REC006344,CASE0161,UPI,2023-06-18 13:00:00,ravi.k88@ybl,quickcash6@upi,TXN216829,1200,N/A
REC006345,CASE0161,CDR,2023-06-18 15:00:00,+919808695749,+919877499782,356938040478766,403,"Banjara Hills, Hyderabad"
REC006346,CASE0161,UPI,2023-06-18 16:00:00,ravi.k88@ybl,quickcash6@upi,TXN562146,48000,N/A
REC006347,CASE0161,CDR,2023-06-20 03:00:00,+919808695749,+919860978087,356938040478766,462,"Connaught Place, Delhi"
REC006348,CASE0161,UPI,2023-06-20 03:00:00,ravi.k88@ybl,quickcash6@upi,TXN219787,1200,N/A
REC006349,CASE0161,CDR,2023-06-20 16:00:00,+919808695749,+919897191919,356938040478766,366,"Vaishali Nagar, Jaipur"
REC006350,CASE0161,CDR,2023-06-20 20:00:00,+919808695749,+919897191919,356938040478766,362,"Kothrud, Pune"
REC006351,CASE0161,CDR,2023-06-20 20:00:00,+919808695749,+919874445323,356938040478766,310,"Andheri East, Mumbai"
REC006352,CASE0161,CDR,2023-06-20 21:00:00,+919808695749,+919897191919,356938040478766,400,"Sector 15, Gurugram"
REC006353,CASE0161,UPI,2023-06-20 22:00:00,ravi.k88@ybl,quickcash6@upi,TXN914436,48000,N/A
REC006354,CASE0161,CDR,2023-06-21 10:00:00,+919808695749,+919860978087,356938040478766,94,"Kothrud, Pune"
REC006355,CASE0161,CDR,2023-06-21 13:00:00,+919808695749,+919877499782,356938040478766,93,"Kothrud, Pune"
REC006356,CASE0161,CDR,2023-06-21 15:00:00,+919808695749,+919874445323,356938040478766,459,"Andheri East, Mumbai"
REC006357,CASE0161,CDR,2023-06-21 22:00:00,+919808695749,+919853160298,356938040478766,414,"Andheri East, Mumbai"
REC006358,CASE0161,CDR,2023-06-21 23:00:00,+919808695749,+919897191919,356938040478766,396,"Vaishali Nagar, Jaipur"
REC006359,CASE0161,CDR,2023-06-22 02:00:00,+919808695749,+919877499782,356938040478766,261,"Andheri East, Mumbai"
REC006360,CASE0161,CDR,2023-06-22 07:00:00,+919808695749,+919852005557,356938040478766,27,"Banjara Hills, Hyderabad"
REC006361,CASE0161,CDR,2023-06-22 08:00:00,+919808695749,+919837488144,356938040478766,254,"Banjara Hills, Hyderabad"
REC006362,CASE0161,UPI,2023-06-22 11:00:00,ravi.k88@ybl,quickcash6@upi,TXN653883,22000,N/A
REC006363,CASE0161,UPI,2023-06-22 11:00:00,quickcash6@upi,rajesh.m55@paytm,TXN847591,7500,N/A
REC006364,CASE0161,UPI,2023-06-22 23:00:00,quickcash6@upi,pooja.b35@okhdfcbank,TXN197346,3000,N/A
REC006365,CASE0161,UPI,2023-06-23 00:00:00,quickcash6@upi,citypay63@okhdfcbank,TXN307362,1200,N/A
REC006366,CASE0161,CDR,2023-06-23 02:00:00,+919808695749,+919877499782,356938040478766,211,"Kothrud, Pune"
REC006367,CASE0161,UPI,2023-06-23 03:00:00,ravi.k88@ybl,quickcash6@upi,TXN672307,7500,N/A
REC006368,CASE0161,CDR,2023-06-23 04:00:00,+919808695749,+919877499782,356938040478766,370,"Sector 15, Gurugram"
REC006369,CASE0161,UPI,2023-06-23 06:00:00,quickcash6@upi,citypay63@okhdfcbank,TXN335684,48000,N/A
REC006370,CASE0161,CDR,2023-06-23 08:00:00,+919808695749,+919877499782,356938040478766,57,"Banjara Hills, Hyderabad"
REC006371,CASE0161,CDR,2023-06-23 08:00:00,+919808695749,+919852005557,356938040478766,482,"Banjara Hills, Hyderabad"
REC006372,CASE0161,UPI,2023-06-23 14:00:00,ravi.k88@ybl,quickcash6@upi,TXN483396,500,N/A
REC006373,CASE0161,UPI,2023-06-23 15:00:00,quickcash6@upi,pooja.b35@okhdfcbank,TXN215151,1200,N/A
REC006374,CASE0161,CDR,2023-06-24 09:00:00,+919808695749,+919837488144,356938040478766,215,"Salt Lake, Kolkata"
REC006375,CASE0161,UPI,2023-06-24 10:00:00,ravi.k88@ybl,quickcash6@upi,TXN231986,3000,N/A
REC006376,CASE0161,CDR,2023-06-24 22:00:00,+919808695749,+919874445323,356938040478766,274,"Whitefield, Bengaluru"
REC006377,CASE0161,CDR,2023-06-25 02:00:00,+919808695749,+919874445323,356938040478766,64,"Salt Lake, Kolkata"
REC006378,CASE0161,CDR,2023-06-25 07:00:00,+919808695749,+919897191919,356938040478766,344,"Cyber City, Gurugram"
REC006379,CASE0161,UPI,2023-06-25 09:00:00,quickcash6@upi,rajesh.m55@paytm,TXN481773,15000,N/A
REC006380,CASE0161,CDR,2023-06-25 15:00:00,+919808695749,+919874445323,356938040478766,462,"Andheri East, Mumbai"
REC006381,CASE0161,CDR,2023-06-25 15:00:00,+919808695749,+919837488144,356938040478766,380,"Whitefield, Bengaluru"
REC006382,CASE0161,UPI,2023-06-25 16:00:00,quickcash6@upi,rajesh.m55@paytm,TXN797814,15000,N/A
REC006383,CASE0161,CDR,2023-06-25 19:00:00,+919808695749,+919874445323,356938040478766,83,"Banjara Hills, Hyderabad"
REC006384,CASE0161,UPI,2023-06-25 21:00:00,quickcash6@upi,rajesh.m55@paytm,TXN408418,48000,N/A
REC006385,CASE0161,CDR,2023-06-25 22:00:00,+919808695749,+919877499782,356938040478766,212,"Banjara Hills, Hyderabad"
REC006386,CASE0161,UPI,2023-06-26 00:00:00,ravi.k88@ybl,quickcash6@upi,TXN242751,3000,N/A
REC006387,CASE0162,CDR,2025-04-02 04:00:00,+919809512120,+919863332696,356938020221293,65,"Sector 15, Gurugram"
REC006388,CASE0162,CDR,2025-04-02 05:00:00,+919809512120,+919863332696,356938020221293,344,"Sector 15, Gurugram"
REC006389,CASE0162,UPI,2025-04-02 22:00:00,ravi.k62@upi,nikhil.j68@okhdfcbank,TXN756886,1200,N/A
REC006390,CASE0162,CDR,2025-04-02 23:00:00,+919809512120,+919832847096,356938020221293,221,"Salt Lake, Kolkata"
REC006391,CASE0162,CDR,2025-04-03 02:00:00,+919809512120,+919832847096,356938020221293,124,"Connaught Place, Delhi"
REC006392,CASE0162,CDR,2025-04-03 02:00:00,+919809512120,+919832847096,356938020221293,206,"Sector 15, Gurugram"
REC006393,CASE0162,CDR,2025-04-03 03:00:00,+919809512120,+919802427560,356938020221293,284,"Andheri East, Mumbai"
REC006394,CASE0162,CDR,2025-04-03 05:00:00,+919809512120,+919888975438,356938020221293,260,"Whitefield, Bengaluru"
REC006395,CASE0162,CDR,2025-04-03 08:00:00,+919809512120,+919863332696,356938020221293,119,"Connaught Place, Delhi"
REC006396,CASE0162,UPI,2025-04-03 11:00:00,ravi.k62@upi,nikhil.j68@okhdfcbank,TXN485162,15000,N/A
REC006397,CASE0162,UPI,2025-04-03 13:00:00,meera.s19@okhdfcbank,ravi.k62@upi,TXN529849,7500,N/A
REC006398,CASE0162,UPI,2025-04-03 15:00:00,ravi.k62@upi,meera.s23@icb,TXN728001,22000,N/A
REC006399,CASE0162,UPI,2025-04-03 19:00:00,meera.s19@okhdfcbank,ravi.k62@upi,TXN160457,1200,N/A
REC006400,CASE0162,UPI,2025-04-04 01:00:00,ravi.k62@upi,ravi.k85@paytm,TXN913226,7500,N/A
REC006401,CASE0162,UPI,2025-04-04 06:00:00,ravi.k62@upi,meera.s23@icb,TXN740934,500,N/A
REC006402,CASE0162,CDR,2025-04-04 11:00:00,+919809512120,+919887346871,356938020221293,51,"Banjara Hills, Hyderabad"
REC006403,CASE0162,CDR,2025-04-04 11:00:00,+919809512120,+919855156899,356938020221293,500,"Whitefield, Bengaluru"
REC006404,CASE0162,CDR,2025-04-04 12:00:00,+919809512120,+919887346871,356938020221293,215,"Banjara Hills, Hyderabad"
REC006405,CASE0162,CDR,2025-04-05 01:00:00,+919809512120,+919851398090,356938020221293,98,"Banjara Hills, Hyderabad"
REC006406,CASE0162,CDR,2025-04-05 07:00:00,+919809512120,+919851398090,356938020221293,390,"Connaught Place, Delhi"
REC006407,CASE0162,CDR,2025-04-05 11:00:00,+919809512120,+919855156899,356938020221293,40,"Connaught Place, Delhi"
REC006408,CASE0162,CDR,2025-04-06 02:00:00,+919809512120,+919855156899,356938020221293,291,"Cyber City, Gurugram"
REC006409,CASE0162,CDR,2025-04-06 07:00:00,+919809512120,+919863332696,356938020221293,392,"Sector 15, Gurugram"
REC006410,CASE0162,UPI,2025-04-06 09:00:00,meera.s19@okhdfcbank,ravi.k62@upi,TXN999978,1200,N/A
REC006411,CASE0162,CDR,2025-04-06 11:00:00,+919809512120,+919802427560,356938020221293,194,"Kothrud, Pune"
REC006412,CASE0162,UPI,2025-04-06 11:00:00,ravi.k62@upi,ravi.k85@paytm,TXN638753,48000,N/A
REC006413,CASE0162,CDR,2025-04-06 17:00:00,+919809512120,+919851398090,356938020221293,99,"Anna Nagar, Chennai"
REC006414,CASE0162,CDR,2025-04-06 20:00:00,+919809512120,+919888975438,356938020221293,444,"Kothrud, Pune"
REC006415,CASE0162,UPI,2025-04-07 00:00:00,ravi.k62@upi,ravi.k85@paytm,TXN256171,22000,N/A
REC006416,CASE0162,CDR,2025-04-07 01:00:00,+919809512120,+919832847096,356938020221293,58,"Vaishali Nagar, Jaipur"
REC006417,CASE0162,UPI,2025-04-07 07:00:00,meera.s19@okhdfcbank,ravi.k62@upi,TXN446207,500,N/A
REC006418,CASE0162,UPI,2025-04-07 14:00:00,ravi.k62@upi,meera.s23@icb,TXN995113,1200,N/A
REC006419,CASE0162,UPI,2025-04-07 15:00:00,ravi.k62@upi,meera.s23@icb,TXN593355,3000,N/A
REC006420,CASE0162,UPI,2025-04-08 13:00:00,meera.s19@okhdfcbank,ravi.k62@upi,TXN106724,22000,N/A
REC006421,CASE0162,CDR,2025-04-08 20:00:00,+919809512120,+919888975438,356938020221293,26,"Sector 15, Gurugram"
REC006422,CASE0162,UPI,2025-04-09 04:00:00,meera.s19@okhdfcbank,ravi.k62@upi,TXN694272,48000,N/A
REC006423,CASE0162,UPI,2025-04-09 19:00:00,ravi.k62@upi,nikhil.j68@okhdfcbank,TXN561387,1200,N/A
REC006424,CASE0162,CDR,2025-04-09 22:00:00,+919809512120,+919832847096,356938020221293,42,"Anna Nagar, Chennai"
REC006425,CASE0162,CDR,2025-04-10 09:00:00,+919809512120,+919887346871,356938020221293,194,"Cyber City, Gurugram"
REC006426,CASE0162,UPI,2025-04-10 11:00:00,ravi.k62@upi,ravi.k85@paytm,TXN774915,1200,N/A
REC006427,CASE0162,CDR,2025-04-10 13:00:00,+919809512120,+919863332696,356938020221293,304,"Andheri East, Mumbai"
REC006428,CASE0162,UPI,2025-04-10 15:00:00,meera.s19@okhdfcbank,ravi.k62@upi,TXN286128,500,N/A
REC006429,CASE0162,UPI,2025-04-10 16:00:00,ravi.k62@upi,nikhil.j68@okhdfcbank,TXN413585,500,N/A
REC006430,CASE0162,UPI,2025-04-11 00:00:00,ravi.k62@upi,ravi.k85@paytm,TXN513411,48000,N/A
REC006431,CASE0162,CDR,2025-04-11 10:00:00,+919809512120,+919851398090,356938020221293,145,"Vaishali Nagar, Jaipur"
REC006432,CASE0162,CDR,2025-04-11 15:00:00,+919809512120,+919832847096,356938020221293,383,"Connaught Place, Delhi"
REC006433,CASE0163,CDR,2023-06-24 04:00:00,+919814170564,+919847885533,356938076805884,129,"Whitefield, Bengaluru"
REC006434,CASE0163,UPI,2023-06-24 05:00:00,vikram.t30@icb,sunita.d54@upi,TXN736321,15000,N/A
REC006435,CASE0163,CDR,2023-06-24 08:00:00,+919814170564,+919807191466,356938076805884,287,"Andheri East, Mumbai"
REC006436,CASE0163,CDR,2023-06-24 09:00:00,+919814170564,+919847885533,356938076805884,414,"Kothrud, Pune"
REC006437,CASE0163,CDR,2023-06-24 10:00:00,+919814170564,+919890324380,356938076805884,374,"Connaught Place, Delhi"
REC006438,CASE0163,CDR,2023-06-24 14:00:00,+919814170564,+919890324380,356938076805884,214,"Anna Nagar, Chennai"
REC006439,CASE0163,CDR,2023-06-24 16:00:00,+919814170564,+919830131096,356938076805884,269,"Banjara Hills, Hyderabad"
REC006440,CASE0163,CDR,2023-06-25 05:00:00,+919814170564,+919847885533,356938076805884,65,"Anna Nagar, Chennai"
REC006441,CASE0163,UPI,2023-06-25 05:00:00,vikram.t30@icb,kavita.n41@okhdfcbank,TXN678673,500,N/A
REC006442,CASE0163,UPI,2023-06-25 06:00:00,vikram.t30@icb,sanjay.p91@okhdfcbank,TXN796725,3000,N/A
REC006443,CASE0163,CDR,2023-06-25 07:00:00,+919814170564,+919800582176,356938076805884,95,"Salt Lake, Kolkata"
REC006444,CASE0163,UPI,2023-06-25 08:00:00,nikhil.j71@ybl,vikram.t30@icb,TXN459617,500,N/A
REC006445,CASE0163,UPI,2023-06-25 15:00:00,nikhil.j71@ybl,vikram.t30@icb,TXN817825,3000,N/A
REC006446,CASE0163,CDR,2023-06-26 07:00:00,+919814170564,+919807191466,356938076805884,181,"Salt Lake, Kolkata"
REC006447,CASE0163,CDR,2023-06-26 10:00:00,+919814170564,+919847885533,356938076805884,277,"Andheri East, Mumbai"
REC006448,CASE0163,CDR,2023-06-26 13:00:00,+919814170564,+919800582176,356938076805884,152,"Sector 15, Gurugram"
REC006449,CASE0163,UPI,2023-06-26 19:00:00,vikram.t30@icb,citypay79@icb,TXN227991,15000,N/A
REC006450,CASE0163,CDR,2023-06-26 21:00:00,+919814170564,+919830131096,356938076805884,201,"Vaishali Nagar, Jaipur"
REC006451,CASE0163,CDR,2023-06-27 01:00:00,+919814170564,+919807191466,356938076805884,434,"Andheri East, Mumbai"
REC006452,CASE0163,UPI,2023-06-27 07:00:00,vikram.t30@icb,citypay79@icb,TXN915865,48000,N/A
REC006453,CASE0163,UPI,2023-06-27 14:00:00,vikram.t30@icb,sanjay.p91@okhdfcbank,TXN499914,3000,N/A
REC006454,CASE0163,CDR,2023-06-27 18:00:00,+919814170564,+919807191466,356938076805884,322,"Andheri East, Mumbai"
REC006455,CASE0163,CDR,2023-06-27 20:00:00,+919814170564,+919800582176,356938076805884,334,"Banjara Hills, Hyderabad"
REC006456,CASE0163,CDR,2023-06-27 21:00:00,+919814170564,+919872400939,356938076805884,451,"Connaught Place, Delhi"
REC006457,CASE0163,CDR,2023-06-28 05:00:00,+919814170564,+919823295545,356938076805884,19,"Sector 15, Gurugram"
REC006458,CASE0163,UPI,2023-06-28 06:00:00,nikhil.j71@ybl,vikram.t30@icb,TXN625554,15000,N/A
REC006459,CASE0163,UPI,2023-06-28 14:00:00,vikram.t30@icb,kavita.n41@okhdfcbank,TXN655202,7500,N/A
REC006460,CASE0163,UPI,2023-06-28 18:00:00,vikram.t30@icb,sanjay.p91@okhdfcbank,TXN334577,7500,N/A
REC006461,CASE0163,CDR,2023-06-29 08:00:00,+919814170564,+919830131096,356938076805884,96,"Connaught Place, Delhi"
REC006462,CASE0163,CDR,2023-06-29 08:00:00,+919814170564,+919872400939,356938076805884,433,"Kothrud, Pune"
REC006463,CASE0163,CDR,2023-06-29 13:00:00,+919814170564,+919807191466,356938076805884,453,"Salt Lake, Kolkata"
REC006464,CASE0163,CDR,2023-06-29 14:00:00,+919814170564,+919807191466,356938076805884,283,"Andheri East, Mumbai"
REC006465,CASE0163,UPI,2023-06-29 23:00:00,nikhil.j71@ybl,vikram.t30@icb,TXN981548,3000,N/A
REC006466,CASE0163,CDR,2023-06-30 00:00:00,+919814170564,+919830131096,356938076805884,230,"Salt Lake, Kolkata"
REC006467,CASE0163,UPI,2023-06-30 03:00:00,vikram.t30@icb,kavita.n41@okhdfcbank,TXN399973,3000,N/A
REC006468,CASE0163,UPI,2023-06-30 09:00:00,vikram.t30@icb,citypay79@icb,TXN988841,1200,N/A
REC006469,CASE0163,UPI,2023-06-30 15:00:00,nikhil.j71@ybl,vikram.t30@icb,TXN113299,500,N/A
REC006470,CASE0163,UPI,2023-06-30 17:00:00,nikhil.j71@ybl,vikram.t30@icb,TXN606522,500,N/A
REC006471,CASE0163,CDR,2023-07-01 07:00:00,+919814170564,+919807191466,356938076805884,115,"Vaishali Nagar, Jaipur"
REC006472,CASE0163,UPI,2023-07-01 07:00:00,nikhil.j71@ybl,vikram.t30@icb,TXN681530,7500,N/A
REC006473,CASE0163,CDR,2023-07-01 15:00:00,+919814170564,+919823295545,356938076805884,465,"Andheri East, Mumbai"
REC006474,CASE0163,CDR,2023-07-01 15:00:00,+919814170564,+919807191466,356938076805884,88,"Banjara Hills, Hyderabad"
REC006475,CASE0163,UPI,2023-07-01 16:00:00,vikram.t30@icb,sanjay.p91@okhdfcbank,TXN304703,500,N/A
REC006476,CASE0163,UPI,2023-07-01 17:00:00,vikram.t30@icb,citypay79@icb,TXN801103,48000,N/A
REC006477,CASE0163,UPI,2023-07-01 18:00:00,vikram.t30@icb,kavita.n41@okhdfcbank,TXN866007,1200,N/A
REC006478,CASE0163,CDR,2023-07-01 19:00:00,+919814170564,+919890324380,356938076805884,219,"Salt Lake, Kolkata"
REC006479,CASE0163,CDR,2023-07-01 22:00:00,+919814170564,+919890324380,356938076805884,257,"Andheri East, Mumbai"
REC006480,CASE0163,UPI,2023-07-02 00:00:00,nikhil.j71@ybl,vikram.t30@icb,TXN956530,500,N/A
REC006481,CASE0163,CDR,2023-07-02 02:00:00,+919814170564,+919872400939,356938076805884,365,"Sector 15, Gurugram"
REC006482,CASE0163,CDR,2023-07-02 05:00:00,+919814170564,+919823295545,356938076805884,268,"Sector 15, Gurugram"
REC006483,CASE0163,UPI,2023-07-02 06:00:00,nikhil.j71@ybl,vikram.t30@icb,TXN316641,7500,N/A
REC006484,CASE0163,UPI,2023-07-02 13:00:00,nikhil.j71@ybl,vikram.t30@icb,TXN629248,48000,N/A
REC006485,CASE0163,UPI,2023-07-02 16:00:00,vikram.t30@icb,sanjay.p91@okhdfcbank,TXN103688,7500,N/A
REC006486,CASE0163,UPI,2023-07-02 17:00:00,vikram.t30@icb,citypay79@icb,TXN443010,500,N/A
REC006487,CASE0163,UPI,2023-07-02 18:00:00,nikhil.j71@ybl,vikram.t30@icb,TXN747938,15000,N/A
REC006488,CASE0163,CDR,2023-07-02 20:00:00,+919814170564,+919872400939,356938076805884,328,"Whitefield, Bengaluru"
REC006489,CASE0163,CDR,2023-07-02 23:00:00,+919814170564,+919872400939,356938076805884,42,"Vaishali Nagar, Jaipur"
REC006490,CASE0163,CDR,2023-07-03 17:00:00,+919814170564,+919890324380,356938076805884,101,"Cyber City, Gurugram"
REC006491,CASE0163,CDR,2023-07-03 17:00:00,+919814170564,+919807191466,356938076805884,183,"Salt Lake, Kolkata"
REC006492,CASE0164,UPI,2023-10-28 01:00:00,sunita.d76@upi,vikram.t58@ybl,TXN557485,7500,N/A
REC006493,CASE0164,CDR,2023-10-28 05:00:00,+919889862592,+919873620580,356938067131588,193,"Cyber City, Gurugram"
REC006494,CASE0164,CDR,2023-10-28 12:00:00,+919889862592,+919871888166,356938067131588,322,"Cyber City, Gurugram"
REC006495,CASE0164,UPI,2023-10-28 14:00:00,sunita.d76@upi,pooja.b36@icb,TXN642232,15000,N/A
REC006496,CASE0164,UPI,2023-10-28 15:00:00,sunita.d76@upi,vikram.t58@ybl,TXN446164,500,N/A
REC006497,CASE0164,CDR,2023-10-28 17:00:00,+919889862592,+919803012900,356938067131588,154,"Cyber City, Gurugram"
REC006498,CASE0164,CDR,2023-10-28 22:00:00,+919889862592,+919873620580,356938067131588,465,"Connaught Place, Delhi"
REC006499,CASE0164,CDR,2023-10-29 16:00:00,+919889862592,+919873620580,356938067131588,384,"Anna Nagar, Chennai"
REC006500,CASE0164,CDR,2023-10-29 20:00:00,+919889862592,+919871888166,356938067131588,268,"Connaught Place, Delhi"
REC006501,CASE0164,CDR,2023-10-30 00:00:00,+919889862592,+919818572073,356938067131588,414,"Sector 15, Gurugram"
REC006502,CASE0164,CDR,2023-10-30 05:00:00,+919889862592,+919820530901,356938067131588,259,"Andheri East, Mumbai"
REC006503,CASE0164,UPI,2023-10-30 19:00:00,sunita.d76@upi,meera.s31@paytm,TXN715401,500,N/A
REC006504,CASE0164,UPI,2023-10-30 19:00:00,freshmart27@paytm,sunita.d76@upi,TXN159786,3000,N/A
REC006505,CASE0164,CDR,2023-10-31 07:00:00,+919889862592,+919871888166,356938067131588,339,"Anna Nagar, Chennai"
REC006506,CASE0164,UPI,2023-10-31 08:00:00,sunita.d76@upi,vikram.t58@ybl,TXN536002,500,N/A
REC006507,CASE0164,CDR,2023-10-31 10:00:00,+919889862592,+919810666613,356938067131588,301,"Andheri East, Mumbai"
REC006508,CASE0164,CDR,2023-10-31 12:00:00,+919889862592,+919873620580,356938067131588,131,"Salt Lake, Kolkata"
REC006509,CASE0164,CDR,2023-10-31 13:00:00,+919889862592,+919818572073,356938067131588,174,"Vaishali Nagar, Jaipur"
REC006510,CASE0164,CDR,2023-10-31 15:00:00,+919889862592,+919815435462,356938067131588,66,"Anna Nagar, Chennai"
REC006511,CASE0164,CDR,2023-10-31 17:00:00,+919889862592,+919873620580,356938067131588,187,"Kothrud, Pune"
REC006512,CASE0164,CDR,2023-10-31 19:00:00,+919889862592,+919810666613,356938067131588,449,"Salt Lake, Kolkata"
REC006513,CASE0164,UPI,2023-11-01 05:00:00,sunita.d76@upi,quickcash55@okhdfcbank,TXN713775,15000,N/A
REC006514,CASE0164,CDR,2023-11-01 10:00:00,+919889862592,+919871888166,356938067131588,475,"Vaishali Nagar, Jaipur"
REC006515,CASE0164,CDR,2023-11-02 10:00:00,+919889862592,+919815435462,356938067131588,169,"Sector 15, Gurugram"
REC006516,CASE0164,CDR,2023-11-02 12:00:00,+919889862592,+919803012900,356938067131588,27,"Cyber City, Gurugram"
REC006517,CASE0164,CDR,2023-11-02 18:00:00,+919889862592,+919810666613,356938067131588,204,"Banjara Hills, Hyderabad"
REC006518,CASE0164,UPI,2023-11-02 19:00:00,freshmart27@paytm,sunita.d76@upi,TXN120558,7500,N/A
REC006519,CASE0164,CDR,2023-11-02 22:00:00,+919889862592,+919820530901,356938067131588,217,"Connaught Place, Delhi"
REC006520,CASE0164,UPI,2023-11-02 23:00:00,freshmart27@paytm,sunita.d76@upi,TXN917410,1200,N/A
REC006521,CASE0164,UPI,2023-11-03 08:00:00,sunita.d76@upi,meera.s31@paytm,TXN657230,3000,N/A
REC006522,CASE0164,CDR,2023-11-03 15:00:00,+919889862592,+919810666613,356938067131588,389,"Vaishali Nagar, Jaipur"
REC006523,CASE0164,UPI,2023-11-03 15:00:00,freshmart27@paytm,sunita.d76@upi,TXN635103,15000,N/A
REC006524,CASE0164,UPI,2023-11-03 17:00:00,sunita.d76@upi,vikram.t58@ybl,TXN123307,22000,N/A
REC006525,CASE0164,CDR,2023-11-03 18:00:00,+919889862592,+919873620580,356938067131588,227,"Sector 15, Gurugram"
REC006526,CASE0164,UPI,2023-11-03 20:00:00,sunita.d76@upi,vikram.t58@ybl,TXN988030,15000,N/A
REC006527,CASE0164,UPI,2023-11-03 22:00:00,sunita.d76@upi,vikram.t58@ybl,TXN226226,22000,N/A
REC006528,CASE0164,CDR,2023-11-04 02:00:00,+919889862592,+919871888166,356938067131588,499,"Vaishali Nagar, Jaipur"
REC006529,CASE0164,UPI,2023-11-04 02:00:00,freshmart27@paytm,sunita.d76@upi,TXN560779,22000,N/A
REC006530,CASE0164,CDR,2023-11-04 03:00:00,+919889862592,+919815435462,356938067131588,396,"Cyber City, Gurugram"
REC006531,CASE0164,CDR,2023-11-04 05:00:00,+919889862592,+919820530901,356938067131588,127,"Salt Lake, Kolkata"
REC006532,CASE0164,CDR,2023-11-04 05:00:00,+919889862592,+919818572073,356938067131588,439,"Connaught Place, Delhi"
REC006533,CASE0164,UPI,2023-11-04 08:00:00,sunita.d76@upi,pooja.b36@icb,TXN224920,1200,N/A
REC006534,CASE0164,UPI,2023-11-04 10:00:00,freshmart27@paytm,sunita.d76@upi,TXN684166,7500,N/A
REC006535,CASE0164,CDR,2023-11-04 13:00:00,+919889862592,+919873620580,356938067131588,53,"Cyber City, Gurugram"
REC006536,CASE0164,UPI,2023-11-04 17:00:00,sunita.d76@upi,pooja.b36@icb,TXN239379,1200,N/A
REC006537,CASE0164,CDR,2023-11-05 01:00:00,+919889862592,+919873620580,356938067131588,98,"Cyber City, Gurugram"
REC006538,CASE0164,UPI,2023-11-05 06:00:00,sunita.d76@upi,meera.s31@paytm,TXN982358,500,N/A
REC006539,CASE0164,CDR,2023-11-05 16:00:00,+919889862592,+919820530901,356938067131588,66,"Salt Lake, Kolkata"
REC006540,CASE0164,CDR,2023-11-05 16:00:00,+919889862592,+919803012900,356938067131588,285,"Whitefield, Bengaluru"
REC006541,CASE0164,CDR,2023-11-05 21:00:00,+919889862592,+919820530901,356938067131588,251,"Banjara Hills, Hyderabad"
REC006542,CASE0164,CDR,2023-11-06 03:00:00,+919889862592,+919818572073,356938067131588,276,"Banjara Hills, Hyderabad"
REC006543,CASE0164,CDR,2023-11-06 17:00:00,+919889862592,+919815435462,356938067131588,68,"Connaught Place, Delhi"
REC006544,CASE0164,CDR,2023-11-07 00:00:00,+919889862592,+919871888166,356938067131588,362,"Kothrud, Pune"
REC006545,CASE0164,CDR,2023-11-07 00:00:00,+919889862592,+919873620580,356938067131588,290,"Kothrud, Pune"
REC006546,CASE0165,CDR,2023-04-23 06:00:00,+919843564402,+919832739794,356938010276826,143,"Vaishali Nagar, Jaipur"
REC006547,CASE0165,CDR,2023-04-23 15:00:00,+919843564402,+919808358954,356938010276826,67,"Anna Nagar, Chennai"
REC006548,CASE0165,CDR,2023-04-23 15:00:00,+919843564402,+919842783758,356938010276826,388,"Connaught Place, Delhi"
REC006549,CASE0165,CDR,2023-04-23 16:00:00,+919843564402,+919842783758,356938010276826,203,"Anna Nagar, Chennai"
REC006550,CASE0165,CDR,2023-04-24 03:00:00,+919843564402,+919858303580,356938010276826,211,"Vaishali Nagar, Jaipur"
REC006551,CASE0165,CDR,2023-04-24 06:00:00,+919843564402,+919808358954,356938010276826,257,"Vaishali Nagar, Jaipur"
REC006552,CASE0165,CDR,2023-04-24 11:00:00,+919843564402,+919806290679,356938010276826,403,"Cyber City, Gurugram"
REC006553,CASE0165,UPI,2023-04-24 13:00:00,pooja.b62@upi,ravi.k24@icb,TXN176013,1200,N/A
REC006554,CASE0165,CDR,2023-04-24 15:00:00,+919843564402,+919842783758,356938010276826,272,"Banjara Hills, Hyderabad"
REC006555,CASE0165,CDR,2023-04-25 03:00:00,+919843564402,+919858303580,356938010276826,122,"Vaishali Nagar, Jaipur"
REC006556,CASE0165,UPI,2023-04-25 05:00:00,ravi.k24@icb,nikhil.j33@upi,TXN605456,48000,N/A
REC006557,CASE0165,UPI,2023-04-25 07:00:00,ravi.k24@icb,sunita.d77@paytm,TXN211514,3000,N/A
REC006558,CASE0165,CDR,2023-04-25 13:00:00,+919843564402,+919832739794,356938010276826,173,"Andheri East, Mumbai"
REC006559,CASE0165,CDR,2023-04-25 16:00:00,+919843564402,+919858303580,356938010276826,122,"Salt Lake, Kolkata"
REC006560,CASE0165,UPI,2023-04-25 18:00:00,ravi.k24@icb,sunita.d77@paytm,TXN732613,15000,N/A
REC006561,CASE0165,UPI,2023-04-26 03:00:00,pooja.b62@upi,ravi.k24@icb,TXN984777,48000,N/A
REC006562,CASE0165,CDR,2023-04-26 09:00:00,+919843564402,+919832739794,356938010276826,109,"Vaishali Nagar, Jaipur"
REC006563,CASE0165,UPI,2023-04-26 20:00:00,ravi.k24@icb,sunita.d20@okhdfcbank,TXN337967,22000,N/A
REC006564,CASE0165,CDR,2023-04-27 02:00:00,+919843564402,+919806290679,356938010276826,169,"Whitefield, Bengaluru"
REC006565,CASE0165,UPI,2023-04-27 02:00:00,ravi.k24@icb,nikhil.j33@upi,TXN580966,3000,N/A
REC006566,CASE0165,UPI,2023-04-27 05:00:00,pooja.b62@upi,ravi.k24@icb,TXN688688,500,N/A
REC006567,CASE0165,CDR,2023-04-27 06:00:00,+919843564402,+919832739794,356938010276826,45,"Cyber City, Gurugram"
REC006568,CASE0165,CDR,2023-04-27 11:00:00,+919843564402,+919806290679,356938010276826,40,"Salt Lake, Kolkata"
REC006569,CASE0165,UPI,2023-04-27 18:00:00,ravi.k24@icb,sunita.d20@okhdfcbank,TXN495703,22000,N/A
REC006570,CASE0165,CDR,2023-04-27 19:00:00,+919843564402,+919808358954,356938010276826,239,"Cyber City, Gurugram"
REC006571,CASE0165,CDR,2023-04-28 01:00:00,+919843564402,+919806290679,356938010276826,117,"Anna Nagar, Chennai"
REC006572,CASE0165,CDR,2023-04-28 09:00:00,+919843564402,+919832739794,356938010276826,379,"Kothrud, Pune"
REC006573,CASE0165,CDR,2023-04-28 11:00:00,+919843564402,+919858303580,356938010276826,493,"Connaught Place, Delhi"
REC006574,CASE0165,CDR,2023-04-28 12:00:00,+919843564402,+919874042808,356938010276826,116,"Vaishali Nagar, Jaipur"
REC006575,CASE0165,UPI,2023-04-28 15:00:00,pooja.b62@upi,ravi.k24@icb,TXN525983,22000,N/A
REC006576,CASE0165,CDR,2023-04-28 16:00:00,+919843564402,+919832739794,356938010276826,237,"Sector 15, Gurugram"
REC006577,CASE0165,CDR,2023-04-28 17:00:00,+919843564402,+919874042808,356938010276826,28,"Sector 15, Gurugram"
REC006578,CASE0165,CDR,2023-04-28 18:00:00,+919843564402,+919868219469,356938010276826,325,"Whitefield, Bengaluru"
REC006579,CASE0165,UPI,2023-04-28 19:00:00,pooja.b62@upi,ravi.k24@icb,TXN180761,3000,N/A
REC006580,CASE0165,CDR,2023-04-28 21:00:00,+919843564402,+919832739794,356938010276826,457,"Cyber City, Gurugram"
REC006581,CASE0165,CDR,2023-04-28 21:00:00,+919843564402,+919806290679,356938010276826,246,"Anna Nagar, Chennai"
REC006582,CASE0165,CDR,2023-04-29 01:00:00,+919843564402,+919806290679,356938010276826,154,"Andheri East, Mumbai"
REC006583,CASE0165,CDR,2023-04-29 06:00:00,+919843564402,+919858303580,356938010276826,53,"Vaishali Nagar, Jaipur"
REC006584,CASE0165,CDR,2023-04-29 09:00:00,+919843564402,+919832739794,356938010276826,208,"Cyber City, Gurugram"
REC006585,CASE0165,CDR,2023-04-29 22:00:00,+919843564402,+919832739794,356938010276826,439,"Cyber City, Gurugram"
REC006586,CASE0165,UPI,2023-04-30 04:00:00,ravi.k24@icb,sunita.d20@okhdfcbank,TXN537469,15000,N/A
REC006587,CASE0165,UPI,2023-04-30 05:00:00,ravi.k24@icb,sunita.d20@okhdfcbank,TXN422069,3000,N/A
REC006588,CASE0165,CDR,2023-04-30 08:00:00,+919843564402,+919832739794,356938010276826,220,"Banjara Hills, Hyderabad"
REC006589,CASE0165,CDR,2023-04-30 08:00:00,+919843564402,+919806290679,356938010276826,279,"Vaishali Nagar, Jaipur"
REC006590,CASE0165,UPI,2023-04-30 11:00:00,pooja.b62@upi,ravi.k24@icb,TXN178870,3000,N/A
REC006591,CASE0165,CDR,2023-04-30 13:00:00,+919843564402,+919874042808,356938010276826,246,"Vaishali Nagar, Jaipur"
REC006592,CASE0165,UPI,2023-04-30 19:00:00,ravi.k24@icb,sunita.d20@okhdfcbank,TXN492288,7500,N/A
REC006593,CASE0165,UPI,2023-04-30 20:00:00,ravi.k24@icb,nikhil.j33@upi,TXN679576,7500,N/A
REC006594,CASE0165,UPI,2023-05-01 13:00:00,ravi.k24@icb,nikhil.j33@upi,TXN650008,22000,N/A
REC006595,CASE0165,UPI,2023-05-02 00:00:00,ravi.k24@icb,sunita.d20@okhdfcbank,TXN572120,48000,N/A
REC006596,CASE0165,CDR,2023-05-02 01:00:00,+919843564402,+919832739794,356938010276826,472,"Salt Lake, Kolkata"
REC006597,CASE0165,UPI,2023-05-02 02:00:00,pooja.b62@upi,ravi.k24@icb,TXN319817,22000,N/A
REC006598,CASE0165,CDR,2023-05-02 04:00:00,+919843564402,+919858303580,356938010276826,233,"Whitefield, Bengaluru"
REC006599,CASE0165,CDR,2023-05-02 04:00:00,+919843564402,+919808358954,356938010276826,486,"Andheri East, Mumbai"
REC006600,CASE0165,CDR,2023-05-02 17:00:00,+919843564402,+919808358954,356938010276826,167,"Cyber City, Gurugram"
REC006601,CASE0165,CDR,2023-05-02 20:00:00,+919843564402,+919842783758,356938010276826,421,"Kothrud, Pune"
REC006602,CASE0166,CDR,2023-07-10 14:00:00,+919804770625,+919825267784,356938003884621,172,"Whitefield, Bengaluru"
REC006603,CASE0166,UPI,2023-07-10 21:00:00,deepa.v99@ybl,freshmart27@paytm,TXN728498,48000,N/A
REC006604,CASE0166,CDR,2023-07-11 05:00:00,+919804770625,+919825267784,356938003884621,467,"Sector 15, Gurugram"
REC006605,CASE0166,CDR,2023-07-11 10:00:00,+919804770625,+919881878300,356938003884621,493,"Cyber City, Gurugram"
REC006606,CASE0166,CDR,2023-07-11 12:00:00,+919804770625,+919891856584,356938003884621,229,"Salt Lake, Kolkata"
REC006607,CASE0166,CDR,2023-07-11 19:00:00,+919804770625,+919803062352,356938003884621,119,"Banjara Hills, Hyderabad"
REC006608,CASE0166,CDR,2023-07-11 21:00:00,+919804770625,+919881878300,356938003884621,329,"Salt Lake, Kolkata"
REC006609,CASE0166,UPI,2023-07-12 15:00:00,freshmart27@paytm,citypay79@okhdfcbank,TXN395551,3000,N/A
REC006610,CASE0166,UPI,2023-07-13 00:00:00,deepa.v99@ybl,freshmart27@paytm,TXN838009,500,N/A
REC006611,CASE0166,CDR,2023-07-13 05:00:00,+919804770625,+919852887080,356938003884621,259,"Andheri East, Mumbai"
REC006612,CASE0166,CDR,2023-07-13 09:00:00,+919804770625,+919894111391,356938003884621,303,"Connaught Place, Delhi"
REC006613,CASE0166,UPI,2023-07-14 12:00:00,deepa.v99@ybl,freshmart27@paytm,TXN938078,48000,N/A
REC006614,CASE0166,CDR,2023-07-15 06:00:00,+919804770625,+919803062352,356938003884621,91,"Whitefield, Bengaluru"
REC006615,CASE0166,UPI,2023-07-15 18:00:00,freshmart27@paytm,meera.s5@icb,TXN111483,15000,N/A
REC006616,CASE0166,UPI,2023-07-16 04:00:00,freshmart27@paytm,meera.s5@icb,TXN512501,3000,N/A
REC006617,CASE0166,CDR,2023-07-16 20:00:00,+919804770625,+919825267784,356938003884621,252,"Cyber City, Gurugram"
REC006618,CASE0166,CDR,2023-07-16 23:00:00,+919804770625,+919891856584,356938003884621,252,"Anna Nagar, Chennai"
REC006619,CASE0166,UPI,2023-07-17 12:00:00,deepa.v99@ybl,freshmart27@paytm,TXN992411,1200,N/A
REC006620,CASE0166,UPI,2023-07-17 19:00:00,deepa.v99@ybl,freshmart27@paytm,TXN493434,1200,N/A
REC006621,CASE0166,CDR,2023-07-18 09:00:00,+919804770625,+919803062352,356938003884621,316,"Andheri East, Mumbai"
REC006622,CASE0166,UPI,2023-07-18 14:00:00,freshmart27@paytm,sanjay.p23@paytm,TXN582441,48000,N/A
REC006623,CASE0166,UPI,2023-07-19 12:00:00,freshmart27@paytm,sanjay.p23@paytm,TXN956992,15000,N/A
REC006624,CASE0167,CDR,2024-04-27 02:00:00,+919893118850,+919870835819,356938048930199,140,"Connaught Place, Delhi"
REC006625,CASE0167,UPI,2024-04-27 03:00:00,kavita.n76@okhdfcbank,kavita.n37@ybl,TXN712223,7500,N/A
REC006626,CASE0167,CDR,2024-04-27 06:00:00,+919893118850,+919808592180,356938048930199,493,"Andheri East, Mumbai"
REC006627,CASE0167,CDR,2024-04-27 14:00:00,+919893118850,+919808592180,356938048930199,305,"Connaught Place, Delhi"
REC006628,CASE0167,UPI,2024-04-27 23:00:00,kavita.n37@ybl,quickcash50@ybl,TXN393927,48000,N/A
REC006629,CASE0167,UPI,2024-04-28 14:00:00,kavita.n37@ybl,quickcash50@ybl,TXN634949,7500,N/A
REC006630,CASE0167,CDR,2024-04-28 20:00:00,+919893118850,+919808592180,356938048930199,256,"Banjara Hills, Hyderabad"
REC006631,CASE0167,CDR,2024-04-28 21:00:00,+919893118850,+919869737433,356938048930199,347,"Andheri East, Mumbai"
REC006632,CASE0167,CDR,2024-04-29 00:00:00,+919893118850,+919803648085,356938048930199,478,"Banjara Hills, Hyderabad"
REC006633,CASE0167,CDR,2024-04-29 02:00:00,+919893118850,+919808592180,356938048930199,22,"Whitefield, Bengaluru"
REC006634,CASE0167,CDR,2024-04-29 02:00:00,+919893118850,+919870835819,356938048930199,32,"Cyber City, Gurugram"
REC006635,CASE0167,UPI,2024-04-29 04:00:00,kavita.n37@ybl,pooja.b51@icb,TXN787834,7500,N/A
REC006636,CASE0167,CDR,2024-04-29 06:00:00,+919893118850,+919851902951,356938048930199,223,"Andheri East, Mumbai"
REC006637,CASE0167,UPI,2024-04-29 06:00:00,kavita.n76@okhdfcbank,kavita.n37@ybl,TXN979572,22000,N/A
REC006638,CASE0167,UPI,2024-04-30 01:00:00,kavita.n37@ybl,vikram.t42@paytm,TXN789026,7500,N/A
REC006639,CASE0167,CDR,2024-04-30 04:00:00,+919893118850,+919869737433,356938048930199,118,"Banjara Hills, Hyderabad"
REC006640,CASE0167,CDR,2024-04-30 07:00:00,+919893118850,+919813785591,356938048930199,57,"Cyber City, Gurugram"
REC006641,CASE0167,CDR,2024-04-30 14:00:00,+919893118850,+919869737433,356938048930199,415,"Whitefield, Bengaluru"
REC006642,CASE0167,CDR,2024-05-01 06:00:00,+919893118850,+919869737433,356938048930199,260,"Banjara Hills, Hyderabad"
REC006643,CASE0167,UPI,2024-05-02 07:00:00,kavita.n76@okhdfcbank,kavita.n37@ybl,TXN360281,7500,N/A
REC006644,CASE0167,UPI,2024-05-02 16:00:00,kavita.n37@ybl,quickcash50@ybl,TXN255210,48000,N/A
REC006645,CASE0167,CDR,2024-05-03 01:00:00,+919893118850,+919813785591,356938048930199,66,"Whitefield, Bengaluru"
REC006646,CASE0167,UPI,2024-05-03 01:00:00,kavita.n76@okhdfcbank,kavita.n37@ybl,TXN349181,22000,N/A
REC006647,CASE0167,CDR,2024-05-03 03:00:00,+919893118850,+919869737433,356938048930199,38,"Salt Lake, Kolkata"
REC006648,CASE0167,UPI,2024-05-03 10:00:00,kavita.n37@ybl,pooja.b51@icb,TXN854818,1200,N/A
REC006649,CASE0167,CDR,2024-05-03 21:00:00,+919893118850,+919851902951,356938048930199,446,"Andheri East, Mumbai"
REC006650,CASE0167,CDR,2024-05-04 00:00:00,+919893118850,+919851902951,356938048930199,496,"Andheri East, Mumbai"
REC006651,CASE0167,UPI,2024-05-04 01:00:00,kavita.n37@ybl,quickcash50@ybl,TXN174238,3000,N/A
REC006652,CASE0167,CDR,2024-05-04 09:00:00,+919893118850,+919869737433,356938048930199,180,"Vaishali Nagar, Jaipur"
REC006653,CASE0167,CDR,2024-05-04 16:00:00,+919893118850,+919813785591,356938048930199,89,"Whitefield, Bengaluru"
REC006654,CASE0167,CDR,2024-05-04 17:00:00,+919893118850,+919851902951,356938048930199,369,"Kothrud, Pune"
REC006655,CASE0167,CDR,2024-05-05 02:00:00,+919893118850,+919808592180,356938048930199,463,"Andheri East, Mumbai"
REC006656,CASE0167,CDR,2024-05-05 07:00:00,+919893118850,+919869737433,356938048930199,390,"Connaught Place, Delhi"
REC006657,CASE0167,UPI,2024-05-05 09:00:00,kavita.n76@okhdfcbank,kavita.n37@ybl,TXN429944,48000,N/A
REC006658,CASE0167,CDR,2024-05-05 11:00:00,+919893118850,+919808592180,356938048930199,189,"Salt Lake, Kolkata"
REC006659,CASE0167,UPI,2024-05-05 15:00:00,kavita.n37@ybl,quickcash50@ybl,TXN645316,500,N/A
REC006660,CASE0167,UPI,2024-05-05 16:00:00,kavita.n37@ybl,pooja.b51@icb,TXN522668,500,N/A
REC006661,CASE0167,CDR,2024-05-06 00:00:00,+919893118850,+919803648085,356938048930199,87,"Connaught Place, Delhi"
REC006662,CASE0167,CDR,2024-05-06 08:00:00,+919893118850,+919803648085,356938048930199,155,"Connaught Place, Delhi"
REC006663,CASE0167,CDR,2024-05-06 09:00:00,+919893118850,+919870835819,356938048930199,401,"Kothrud, Pune"
REC006664,CASE0167,UPI,2024-05-06 13:00:00,kavita.n76@okhdfcbank,kavita.n37@ybl,TXN339342,1200,N/A
REC006665,CASE0167,UPI,2024-05-06 14:00:00,kavita.n76@okhdfcbank,kavita.n37@ybl,TXN458847,48000,N/A
REC006666,CASE0167,UPI,2024-05-06 17:00:00,kavita.n37@ybl,pooja.b51@icb,TXN939093,1200,N/A
REC006667,CASE0167,CDR,2024-05-07 00:00:00,+919893118850,+919813785591,356938048930199,428,"Kothrud, Pune"
REC006668,CASE0168,CDR,2024-09-11 00:00:00,+919875049267,+919813680390,356938083778643,251,"Anna Nagar, Chennai"
REC006669,CASE0168,CDR,2024-09-11 10:00:00,+919875049267,+919814548446,356938083778643,142,"Whitefield, Bengaluru"
REC006670,CASE0168,UPI,2024-09-11 13:00:00,quickcash62@okhdfcbank,freshmart88@icb,TXN989522,7500,N/A
REC006671,CASE0168,CDR,2024-09-11 21:00:00,+919875049267,+919814548446,356938083778643,223,"Banjara Hills, Hyderabad"
REC006672,CASE0168,CDR,2024-09-11 23:00:00,+919875049267,+919814548446,356938083778643,370,"Vaishali Nagar, Jaipur"
REC006673,CASE0168,UPI,2024-09-12 04:00:00,ravi.k88@upi,quickcash62@okhdfcbank,TXN138292,22000,N/A
REC006674,CASE0168,UPI,2024-09-12 14:00:00,quickcash62@okhdfcbank,ravi.k51@okhdfcbank,TXN651563,22000,N/A
REC006675,CASE0168,UPI,2024-09-12 15:00:00,ravi.k88@upi,quickcash62@okhdfcbank,TXN386611,15000,N/A
REC006676,CASE0168,UPI,2024-09-12 16:00:00,ravi.k88@upi,quickcash62@okhdfcbank,TXN438497,22000,N/A
REC006677,CASE0168,CDR,2024-09-12 23:00:00,+919875049267,+919854129552,356938083778643,188,"Salt Lake, Kolkata"
REC006678,CASE0168,UPI,2024-09-12 23:00:00,quickcash62@okhdfcbank,pooja.b57@ybl,TXN373724,7500,N/A
REC006679,CASE0168,UPI,2024-09-13 00:00:00,quickcash62@okhdfcbank,pooja.b57@ybl,TXN200757,48000,N/A
REC006680,CASE0168,CDR,2024-09-13 01:00:00,+919875049267,+919855037819,356938083778643,418,"Andheri East, Mumbai"
REC006681,CASE0168,CDR,2024-09-13 05:00:00,+919875049267,+919854129552,356938083778643,157,"Cyber City, Gurugram"
REC006682,CASE0168,UPI,2024-09-13 08:00:00,quickcash62@okhdfcbank,freshmart88@icb,TXN482203,48000,N/A
REC006683,CASE0168,CDR,2024-09-13 09:00:00,+919875049267,+919855037819,356938083778643,317,"Salt Lake, Kolkata"
REC006684,CASE0168,CDR,2024-09-13 11:00:00,+919875049267,+919854129552,356938083778643,356,"Anna Nagar, Chennai"
REC006685,CASE0168,CDR,2024-09-13 22:00:00,+919875049267,+919801048039,356938083778643,381,"Whitefield, Bengaluru"
REC006686,CASE0168,UPI,2024-09-13 23:00:00,quickcash62@okhdfcbank,quickcash48@okhdfcbank,TXN340025,3000,N/A
REC006687,CASE0168,CDR,2024-09-14 00:00:00,+919875049267,+919801048039,356938083778643,314,"Whitefield, Bengaluru"
REC006688,CASE0168,UPI,2024-09-14 00:00:00,quickcash62@okhdfcbank,freshmart88@icb,TXN266145,22000,N/A
REC006689,CASE0168,CDR,2024-09-14 09:00:00,+919875049267,+919814548446,356938083778643,311,"Cyber City, Gurugram"
REC006690,CASE0168,UPI,2024-09-14 09:00:00,ravi.k88@upi,quickcash62@okhdfcbank,TXN197864,1200,N/A
REC006691,CASE0168,CDR,2024-09-14 10:00:00,+919875049267,+919855037819,356938083778643,211,"Connaught Place, Delhi"
REC006692,CASE0168,UPI,2024-09-14 12:00:00,ravi.k88@upi,quickcash62@okhdfcbank,TXN869477,48000,N/A
REC006693,CASE0168,CDR,2024-09-14 20:00:00,+919875049267,+919855037819,356938083778643,16,"Kothrud, Pune"
REC006694,CASE0168,CDR,2024-09-15 02:00:00,+919875049267,+919854129552,356938083778643,132,"Salt Lake, Kolkata"
REC006695,CASE0168,CDR,2024-09-15 11:00:00,+919875049267,+919879761787,356938083778643,237,"Sector 15, Gurugram"
REC006696,CASE0168,CDR,2024-09-15 14:00:00,+919875049267,+919813680390,356938083778643,358,"Banjara Hills, Hyderabad"
REC006697,CASE0168,CDR,2024-09-15 16:00:00,+919875049267,+919813680390,356938083778643,221,"Banjara Hills, Hyderabad"
REC006698,CASE0168,CDR,2024-09-15 17:00:00,+919875049267,+919854129552,356938083778643,472,"Cyber City, Gurugram"
REC006699,CASE0168,UPI,2024-09-16 16:00:00,quickcash62@okhdfcbank,pooja.b57@ybl,TXN674129,22000,N/A
REC006700,CASE0168,UPI,2024-09-16 23:00:00,quickcash62@okhdfcbank,freshmart88@icb,TXN710571,7500,N/A
REC006701,CASE0168,CDR,2024-09-17 04:00:00,+919875049267,+919814548446,356938083778643,381,"Andheri East, Mumbai"
REC006702,CASE0168,UPI,2024-09-17 11:00:00,ravi.k88@upi,quickcash62@okhdfcbank,TXN571331,7500,N/A
REC006703,CASE0168,UPI,2024-09-17 11:00:00,quickcash62@okhdfcbank,pooja.b57@ybl,TXN516106,22000,N/A
REC006704,CASE0168,CDR,2024-09-17 13:00:00,+919875049267,+919801048039,356938083778643,359,"Sector 15, Gurugram"
REC006705,CASE0168,UPI,2024-09-17 16:00:00,quickcash62@okhdfcbank,pooja.b57@ybl,TXN602956,500,N/A
REC006706,CASE0168,UPI,2024-09-18 04:00:00,quickcash62@okhdfcbank,ravi.k51@okhdfcbank,TXN967636,500,N/A
REC006707,CASE0168,CDR,2024-09-18 08:00:00,+919875049267,+919854129552,356938083778643,92,"Vaishali Nagar, Jaipur"
REC006708,CASE0168,CDR,2024-09-18 14:00:00,+919875049267,+919801048039,356938083778643,381,"Vaishali Nagar, Jaipur"
REC006709,CASE0168,CDR,2024-09-18 17:00:00,+919875049267,+919854129552,356938083778643,45,"Sector 15, Gurugram"
REC006710,CASE0168,CDR,2024-09-18 20:00:00,+919875049267,+919855037819,356938083778643,199,"Banjara Hills, Hyderabad"
REC006711,CASE0168,CDR,2024-09-19 04:00:00,+919875049267,+919814548446,356938083778643,285,"Whitefield, Bengaluru"
REC006712,CASE0168,CDR,2024-09-19 14:00:00,+919875049267,+919813680390,356938083778643,480,"Whitefield, Bengaluru"
REC006713,CASE0168,CDR,2024-09-19 14:00:00,+919875049267,+919855037819,356938083778643,306,"Cyber City, Gurugram"
REC006714,CASE0168,CDR,2024-09-19 14:00:00,+919875049267,+919882325347,356938083778643,155,"Sector 15, Gurugram"
REC006715,CASE0168,UPI,2024-09-19 16:00:00,quickcash62@okhdfcbank,quickcash48@okhdfcbank,TXN692732,48000,N/A
REC006716,CASE0168,UPI,2024-09-19 23:00:00,ravi.k88@upi,quickcash62@okhdfcbank,TXN306716,22000,N/A
REC006717,CASE0168,CDR,2024-09-20 15:00:00,+919875049267,+919854129552,356938083778643,489,"Cyber City, Gurugram"
REC006718,CASE0169,CDR,2025-03-02 05:00:00,+919865137300,+919847840246,356938093868863,412,"Salt Lake, Kolkata"
REC006719,CASE0169,UPI,2025-03-02 06:00:00,nikhil.j18@okhdfcbank,amitpay90@ybl,TXN657977,500,N/A
REC006720,CASE0169,CDR,2025-03-02 08:00:00,+919865137300,+919881927721,356938093868863,308,"Sector 15, Gurugram"
REC006721,CASE0169,CDR,2025-03-02 11:00:00,+919865137300,+919847840246,356938093868863,248,"Salt Lake, Kolkata"
REC006722,CASE0169,CDR,2025-03-02 21:00:00,+919865137300,+919881927721,356938093868863,457,"Andheri East, Mumbai"
REC006723,CASE0169,UPI,2025-03-02 21:00:00,amitpay90@ybl,rajesh.m61@ybl,TXN626373,22000,N/A
REC006724,CASE0169,CDR,2025-03-02 22:00:00,+919865137300,+919877645590,356938093868863,437,"Andheri East, Mumbai"
REC006725,CASE0169,CDR,2025-03-03 04:00:00,+919865137300,+919807031152,356938093868863,158,"Connaught Place, Delhi"
REC006726,CASE0169,UPI,2025-03-03 06:00:00,nikhil.j18@okhdfcbank,amitpay90@ybl,TXN549338,1200,N/A
REC006727,CASE0169,CDR,2025-03-03 07:00:00,+919865137300,+919807031152,356938093868863,122,"Banjara Hills, Hyderabad"
REC006728,CASE0169,CDR,2025-03-03 11:00:00,+919865137300,+919881927721,356938093868863,222,"Sector 15, Gurugram"
REC006729,CASE0169,CDR,2025-03-03 19:00:00,+919865137300,+919813283372,356938093868863,285,"Vaishali Nagar, Jaipur"
REC006730,CASE0169,CDR,2025-03-03 20:00:00,+919865137300,+919807031152,356938093868863,83,"Sector 15, Gurugram"
REC006731,CASE0169,CDR,2025-03-03 21:00:00,+919865137300,+919807031152,356938093868863,405,"Andheri East, Mumbai"
REC006732,CASE0169,UPI,2025-03-04 09:00:00,amitpay90@ybl,freshmart36@upi,TXN123047,1200,N/A
REC006733,CASE0169,CDR,2025-03-04 16:00:00,+919865137300,+919807031152,356938093868863,98,"Whitefield, Bengaluru"
REC006734,CASE0169,UPI,2025-03-04 16:00:00,amitpay90@ybl,rajesh.m61@ybl,TXN207203,3000,N/A
REC006735,CASE0169,UPI,2025-03-04 19:00:00,nikhil.j18@okhdfcbank,amitpay90@ybl,TXN303175,22000,N/A
REC006736,CASE0169,CDR,2025-03-04 21:00:00,+919865137300,+919847840246,356938093868863,29,"Banjara Hills, Hyderabad"
REC006737,CASE0169,CDR,2025-03-05 00:00:00,+919865137300,+919822982161,356938093868863,217,"Anna Nagar, Chennai"
REC006738,CASE0169,UPI,2025-03-05 01:00:00,nikhil.j18@okhdfcbank,amitpay90@ybl,TXN546941,500,N/A
REC006739,CASE0169,CDR,2025-03-05 12:00:00,+919865137300,+919847840246,356938093868863,438,"Cyber City, Gurugram"
REC006740,CASE0169,UPI,2025-03-06 00:00:00,amitpay90@ybl,freshmart36@upi,TXN848993,7500,N/A
REC006741,CASE0169,CDR,2025-03-06 01:00:00,+919865137300,+919881927721,356938093868863,182,"Cyber City, Gurugram"
REC006742,CASE0169,CDR,2025-03-06 03:00:00,+919865137300,+919881927721,356938093868863,272,"Banjara Hills, Hyderabad"
REC006743,CASE0169,CDR,2025-03-06 05:00:00,+919865137300,+919822982161,356938093868863,378,"Connaught Place, Delhi"
REC006744,CASE0169,CDR,2025-03-06 07:00:00,+919865137300,+919807031152,356938093868863,436,"Connaught Place, Delhi"
REC006745,CASE0169,CDR,2025-03-06 11:00:00,+919865137300,+919847840246,356938093868863,284,"Salt Lake, Kolkata"
REC006746,CASE0169,CDR,2025-03-06 13:00:00,+919865137300,+919881927721,356938093868863,474,"Kothrud, Pune"
REC006747,CASE0169,CDR,2025-03-07 01:00:00,+919865137300,+919822982161,356938093868863,181,"Kothrud, Pune"
REC006748,CASE0169,UPI,2025-03-07 05:00:00,nikhil.j18@okhdfcbank,amitpay90@ybl,TXN202889,22000,N/A
REC006749,CASE0169,CDR,2025-03-07 07:00:00,+919865137300,+919832889704,356938093868863,19,"Andheri East, Mumbai"
REC006750,CASE0169,CDR,2025-03-07 08:00:00,+919865137300,+919822982161,356938093868863,333,"Connaught Place, Delhi"
REC006751,CASE0169,CDR,2025-03-07 12:00:00,+919865137300,+919881927721,356938093868863,389,"Andheri East, Mumbai"
REC006752,CASE0169,CDR,2025-03-07 18:00:00,+919865137300,+919807031152,356938093868863,446,"Cyber City, Gurugram"
REC006753,CASE0169,UPI,2025-03-07 21:00:00,nikhil.j18@okhdfcbank,amitpay90@ybl,TXN176854,7500,N/A
REC006754,CASE0169,CDR,2025-03-07 22:00:00,+919865137300,+919881927721,356938093868863,228,"Kothrud, Pune"
REC006755,CASE0169,CDR,2025-03-07 23:00:00,+919865137300,+919832889704,356938093868863,279,"Andheri East, Mumbai"
REC006756,CASE0169,UPI,2025-03-08 05:00:00,amitpay90@ybl,citypay35@paytm,TXN641278,22000,N/A
REC006757,CASE0169,CDR,2025-03-08 07:00:00,+919865137300,+919807031152,356938093868863,31,"Andheri East, Mumbai"
REC006758,CASE0169,CDR,2025-03-08 08:00:00,+919865137300,+919832889704,356938093868863,107,"Salt Lake, Kolkata"
REC006759,CASE0169,UPI,2025-03-08 10:00:00,amitpay90@ybl,freshmart36@upi,TXN473426,3000,N/A
REC006760,CASE0169,UPI,2025-03-09 05:00:00,nikhil.j18@okhdfcbank,amitpay90@ybl,TXN491260,3000,N/A
REC006761,CASE0169,CDR,2025-03-09 18:00:00,+919865137300,+919832889704,356938093868863,245,"Anna Nagar, Chennai"
REC006762,CASE0169,CDR,2025-03-09 23:00:00,+919865137300,+919847840246,356938093868863,476,"Banjara Hills, Hyderabad"
REC006763,CASE0169,CDR,2025-03-10 04:00:00,+919865137300,+919877645590,356938093868863,39,"Vaishali Nagar, Jaipur"
REC006764,CASE0169,CDR,2025-03-10 04:00:00,+919865137300,+919807031152,356938093868863,200,"Sector 15, Gurugram"
REC006765,CASE0169,UPI,2025-03-10 09:00:00,amitpay90@ybl,rajesh.m61@ybl,TXN278636,48000,N/A
REC006766,CASE0169,UPI,2025-03-10 10:00:00,nikhil.j18@okhdfcbank,amitpay90@ybl,TXN890262,1200,N/A
REC006767,CASE0169,CDR,2025-03-10 20:00:00,+919865137300,+919881927721,356938093868863,411,"Sector 15, Gurugram"
REC006768,CASE0169,UPI,2025-03-10 23:00:00,nikhil.j18@okhdfcbank,amitpay90@ybl,TXN799920,500,N/A
REC006769,CASE0169,UPI,2025-03-11 03:00:00,nikhil.j18@okhdfcbank,amitpay90@ybl,TXN112481,3000,N/A
REC006770,CASE0169,CDR,2025-03-11 12:00:00,+919865137300,+919807031152,356938093868863,402,"Whitefield, Bengaluru"
REC006771,CASE0169,UPI,2025-03-11 18:00:00,nikhil.j18@okhdfcbank,amitpay90@ybl,TXN988819,15000,N/A
REC006772,CASE0169,UPI,2025-03-11 19:00:00,amitpay90@ybl,citypay35@paytm,TXN386555,1200,N/A
REC006773,CASE0169,CDR,2025-03-12 00:00:00,+919865137300,+919881927721,356938093868863,50,"Andheri East, Mumbai"
REC006774,CASE0170,UPI,2024-06-12 00:00:00,freshmart65@icb,anita.r14@upi,TXN840504,500,N/A
REC006775,CASE0170,CDR,2024-06-12 16:00:00,+919893288326,+919855397262,356938024891673,492,"Vaishali Nagar, Jaipur"
REC006776,CASE0170,CDR,2024-06-13 07:00:00,+919893288326,+919857120173,356938024891673,353,"Vaishali Nagar, Jaipur"
REC006777,CASE0170,CDR,2024-06-13 10:00:00,+919893288326,+919810611273,356938024891673,123,"Salt Lake, Kolkata"
REC006778,CASE0170,CDR,2024-06-13 12:00:00,+919893288326,+919870070149,356938024891673,89,"Banjara Hills, Hyderabad"
REC006779,CASE0170,UPI,2024-06-14 00:00:00,anita.r14@upi,anita.r5@paytm,TXN326573,48000,N/A
REC006780,CASE0170,UPI,2024-06-14 05:00:00,anita.r14@upi,anita.r81@icb,TXN646406,22000,N/A
REC006781,CASE0170,CDR,2024-06-14 08:00:00,+919893288326,+919810611273,356938024891673,314,"Kothrud, Pune"
REC006782,CASE0170,UPI,2024-06-14 12:00:00,anita.r14@upi,sanjay.p18@upi,TXN789559,7500,N/A
REC006783,CASE0170,UPI,2024-06-14 14:00:00,anita.r14@upi,citypay57@icb,TXN545825,48000,N/A
REC006784,CASE0170,CDR,2024-06-14 23:00:00,+919893288326,+919855397262,356938024891673,129,"Vaishali Nagar, Jaipur"
REC006785,CASE0170,CDR,2024-06-15 02:00:00,+919893288326,+919857120173,356938024891673,402,"Sector 15, Gurugram"
REC006786,CASE0170,UPI,2024-06-15 07:00:00,anita.r14@upi,anita.r5@paytm,TXN772374,48000,N/A
REC006787,CASE0170,UPI,2024-06-16 13:00:00,anita.r14@upi,sanjay.p18@upi,TXN630882,15000,N/A
REC006788,CASE0170,CDR,2024-06-17 02:00:00,+919893288326,+919864801188,356938024891673,160,"Banjara Hills, Hyderabad"
REC006789,CASE0170,CDR,2024-06-17 04:00:00,+919893288326,+919810611273,356938024891673,285,"Connaught Place, Delhi"
REC006790,CASE0170,CDR,2024-06-18 07:00:00,+919893288326,+919864801188,356938024891673,127,"Cyber City, Gurugram"
REC006791,CASE0170,CDR,2024-06-19 08:00:00,+919893288326,+919832373521,356938024891673,339,"Sector 15, Gurugram"
REC006792,CASE0170,UPI,2024-06-19 14:00:00,anita.r14@upi,anita.r81@icb,TXN557563,500,N/A
REC006793,CASE0170,CDR,2024-06-20 21:00:00,+919893288326,+919857120173,356938024891673,377,"Cyber City, Gurugram"
REC006794,CASE0170,UPI,2024-06-21 13:00:00,anita.r14@upi,anita.r5@paytm,TXN489317,48000,N/A
REC006795,CASE0170,UPI,2024-06-21 20:00:00,freshmart65@icb,anita.r14@upi,TXN661808,22000,N/A
REC006796,CASE0171,CDR,2023-01-08 05:00:00,+919875580256,+919802013635,356938047899287,443,"Anna Nagar, Chennai"
REC006797,CASE0171,CDR,2023-01-08 12:00:00,+919875580256,+919860337432,356938047899287,82,"Anna Nagar, Chennai"
REC006798,CASE0171,CDR,2023-01-09 02:00:00,+919875580256,+919887485953,356938047899287,323,"Salt Lake, Kolkata"
REC006799,CASE0171,CDR,2023-01-09 16:00:00,+919875580256,+919845093868,356938047899287,164,"Whitefield, Bengaluru"
REC006800,CASE0171,CDR,2023-01-09 16:00:00,+919875580256,+919887485953,356938047899287,230,"Salt Lake, Kolkata"
REC006801,CASE0171,UPI,2023-01-09 19:00:00,ravi.k32@okhdfcbank,kavita.n46@ybl,TXN540677,7500,N/A
REC006802,CASE0171,CDR,2023-01-09 20:00:00,+919875580256,+919891232439,356938047899287,320,"Whitefield, Bengaluru"
REC006803,CASE0171,CDR,2023-01-10 00:00:00,+919875580256,+919860337432,356938047899287,72,"Anna Nagar, Chennai"
REC006804,CASE0171,CDR,2023-01-10 01:00:00,+919875580256,+919838078610,356938047899287,331,"Andheri East, Mumbai"
REC006805,CASE0171,CDR,2023-01-10 06:00:00,+919875580256,+919887485953,356938047899287,346,"Cyber City, Gurugram"
REC006806,CASE0171,UPI,2023-01-10 09:00:00,ravi.k32@okhdfcbank,freshmart80@icb,TXN315138,7500,N/A
REC006807,CASE0171,CDR,2023-01-10 10:00:00,+919875580256,+919838078610,356938047899287,408,"Whitefield, Bengaluru"
REC006808,CASE0171,CDR,2023-01-10 17:00:00,+919875580256,+919845093868,356938047899287,331,"Vaishali Nagar, Jaipur"
REC006809,CASE0171,UPI,2023-01-10 19:00:00,ravi.k32@okhdfcbank,freshmart46@ybl,TXN724229,22000,N/A
REC006810,CASE0171,UPI,2023-01-11 05:00:00,ravi.k32@okhdfcbank,kavita.n46@ybl,TXN443110,22000,N/A
REC006811,CASE0171,CDR,2023-01-11 07:00:00,+919875580256,+919860337432,356938047899287,317,"Vaishali Nagar, Jaipur"
REC006812,CASE0171,CDR,2023-01-11 08:00:00,+919875580256,+919891232439,356938047899287,263,"Anna Nagar, Chennai"
REC006813,CASE0171,CDR,2023-01-11 10:00:00,+919875580256,+919887485953,356938047899287,350,"Whitefield, Bengaluru"
REC006814,CASE0171,UPI,2023-01-11 22:00:00,traders2438@ybl,ravi.k32@okhdfcbank,TXN302046,15000,N/A
REC006815,CASE0171,CDR,2023-01-12 02:00:00,+919875580256,+919891232439,356938047899287,93,"Andheri East, Mumbai"
REC006816,CASE0171,CDR,2023-01-12 10:00:00,+919875580256,+919819842315,356938047899287,485,"Whitefield, Bengaluru"
REC006817,CASE0171,UPI,2023-01-12 12:00:00,ravi.k32@okhdfcbank,freshmart46@ybl,TXN426084,15000,N/A
REC006818,CASE0171,UPI,2023-01-12 21:00:00,traders2438@ybl,ravi.k32@okhdfcbank,TXN402497,7500,N/A
REC006819,CASE0171,UPI,2023-01-13 03:00:00,traders2438@ybl,ravi.k32@okhdfcbank,TXN130438,22000,N/A
REC006820,CASE0171,UPI,2023-01-13 03:00:00,ravi.k32@okhdfcbank,freshmart46@ybl,TXN993477,7500,N/A
REC006821,CASE0171,CDR,2023-01-13 11:00:00,+919875580256,+919891232439,356938047899287,488,"Sector 15, Gurugram"
REC006822,CASE0171,CDR,2023-01-13 15:00:00,+919875580256,+919860337432,356938047899287,109,"Whitefield, Bengaluru"
REC006823,CASE0171,CDR,2023-01-14 03:00:00,+919875580256,+919838078610,356938047899287,293,"Connaught Place, Delhi"
REC006824,CASE0171,CDR,2023-01-14 05:00:00,+919875580256,+919845093868,356938047899287,300,"Salt Lake, Kolkata"
REC006825,CASE0171,CDR,2023-01-14 06:00:00,+919875580256,+919891232439,356938047899287,420,"Connaught Place, Delhi"
REC006826,CASE0171,CDR,2023-01-14 07:00:00,+919875580256,+919838078610,356938047899287,406,"Whitefield, Bengaluru"
REC006827,CASE0171,UPI,2023-01-14 08:00:00,ravi.k32@okhdfcbank,vikram.t51@paytm,TXN522592,22000,N/A
REC006828,CASE0171,UPI,2023-01-14 10:00:00,ravi.k32@okhdfcbank,kavita.n46@ybl,TXN807898,15000,N/A
REC006829,CASE0171,UPI,2023-01-14 10:00:00,ravi.k32@okhdfcbank,vikram.t51@paytm,TXN316861,3000,N/A
REC006830,CASE0171,CDR,2023-01-15 01:00:00,+919875580256,+919838078610,356938047899287,318,"Cyber City, Gurugram"
REC006831,CASE0171,CDR,2023-01-15 06:00:00,+919875580256,+919802013635,356938047899287,25,"Andheri East, Mumbai"
REC006832,CASE0171,UPI,2023-01-15 06:00:00,ravi.k32@okhdfcbank,freshmart80@icb,TXN986457,1200,N/A
REC006833,CASE0171,CDR,2023-01-15 08:00:00,+919875580256,+919860337432,356938047899287,184,"Kothrud, Pune"
REC006834,CASE0171,CDR,2023-01-15 14:00:00,+919875580256,+919819842315,356938047899287,442,"Andheri East, Mumbai"
REC006835,CASE0171,CDR,2023-01-15 21:00:00,+919875580256,+919838078610,356938047899287,411,"Whitefield, Bengaluru"
REC006836,CASE0171,UPI,2023-01-16 01:00:00,ravi.k32@okhdfcbank,vikram.t51@paytm,TXN304953,3000,N/A
REC006837,CASE0171,CDR,2023-01-16 11:00:00,+919875580256,+919887485953,356938047899287,208,"Kothrud, Pune"
REC006838,CASE0171,CDR,2023-01-17 04:00:00,+919875580256,+919845093868,356938047899287,275,"Anna Nagar, Chennai"
REC006839,CASE0171,CDR,2023-01-17 10:00:00,+919875580256,+919845093868,356938047899287,20,"Whitefield, Bengaluru"
REC006840,CASE0171,CDR,2023-01-17 15:00:00,+919875580256,+919819842315,356938047899287,385,"Anna Nagar, Chennai"
REC006841,CASE0171,CDR,2023-01-17 19:00:00,+919875580256,+919838078610,356938047899287,466,"Connaught Place, Delhi"
REC006842,CASE0171,UPI,2023-01-17 22:00:00,traders2438@ybl,ravi.k32@okhdfcbank,TXN301320,48000,N/A
REC006843,CASE0171,UPI,2023-01-17 23:00:00,ravi.k32@okhdfcbank,freshmart46@ybl,TXN255128,1200,N/A
REC006844,CASE0171,CDR,2023-01-18 00:00:00,+919875580256,+919891232439,356938047899287,304,"Anna Nagar, Chennai"
REC006845,CASE0172,UPI,2023-11-10 04:00:00,anita.r12@okhdfcbank,amitpay81@okhdfcbank,TXN323536,22000,N/A
REC006846,CASE0172,CDR,2023-11-10 14:00:00,+919873912336,+919887777764,356938006752075,430,"Connaught Place, Delhi"
REC006847,CASE0172,UPI,2023-11-10 18:00:00,anita.r12@okhdfcbank,amitpay81@okhdfcbank,TXN167707,22000,N/A
REC006848,CASE0172,UPI,2023-11-10 22:00:00,anita.r12@okhdfcbank,amitpay81@okhdfcbank,TXN518481,500,N/A
REC006849,CASE0172,UPI,2023-11-11 09:00:00,anita.r12@okhdfcbank,sunita.d38@okhdfcbank,TXN739837,500,N/A
REC006850,CASE0172,UPI,2023-11-11 11:00:00,anita.r12@okhdfcbank,traders2418@okhdfcbank,TXN189319,1200,N/A
REC006851,CASE0172,UPI,2023-11-11 22:00:00,anita.r12@okhdfcbank,amitpay81@okhdfcbank,TXN954868,500,N/A
REC006852,CASE0172,CDR,2023-11-12 02:00:00,+919873912336,+919808330578,356938006752075,70,"Salt Lake, Kolkata"
REC006853,CASE0172,CDR,2023-11-12 16:00:00,+919873912336,+919851813415,356938006752075,175,"Banjara Hills, Hyderabad"
REC006854,CASE0172,CDR,2023-11-12 18:00:00,+919873912336,+919846502288,356938006752075,373,"Anna Nagar, Chennai"
REC006855,CASE0172,CDR,2023-11-12 21:00:00,+919873912336,+919887777764,356938006752075,349,"Banjara Hills, Hyderabad"
REC006856,CASE0172,CDR,2023-11-13 03:00:00,+919873912336,+919844946769,356938006752075,370,"Whitefield, Bengaluru"
REC006857,CASE0172,UPI,2023-11-13 09:00:00,anita.r8@ybl,anita.r12@okhdfcbank,TXN903434,1200,N/A
REC006858,CASE0172,CDR,2023-11-13 12:00:00,+919873912336,+919846502288,356938006752075,75,"Andheri East, Mumbai"
REC006859,CASE0172,CDR,2023-11-13 13:00:00,+919873912336,+919840939032,356938006752075,304,"Cyber City, Gurugram"
REC006860,CASE0172,CDR,2023-11-15 02:00:00,+919873912336,+919844946769,356938006752075,185,"Anna Nagar, Chennai"
REC006861,CASE0172,CDR,2023-11-15 08:00:00,+919873912336,+919888382458,356938006752075,396,"Connaught Place, Delhi"
REC006862,CASE0172,CDR,2023-11-15 18:00:00,+919873912336,+919846502288,356938006752075,458,"Kothrud, Pune"
REC006863,CASE0172,CDR,2023-11-16 03:00:00,+919873912336,+919888382458,356938006752075,249,"Cyber City, Gurugram"
REC006864,CASE0172,CDR,2023-11-16 03:00:00,+919873912336,+919887777764,356938006752075,114,"Vaishali Nagar, Jaipur"
REC006865,CASE0172,UPI,2023-11-16 20:00:00,anita.r12@okhdfcbank,amitpay81@okhdfcbank,TXN652965,48000,N/A
REC006866,CASE0172,CDR,2023-11-17 00:00:00,+919873912336,+919846502288,356938006752075,330,"Cyber City, Gurugram"
REC006867,CASE0172,CDR,2023-11-17 01:00:00,+919873912336,+919808330578,356938006752075,310,"Sector 15, Gurugram"
REC006868,CASE0172,UPI,2023-11-18 00:00:00,anita.r12@okhdfcbank,traders2418@okhdfcbank,TXN968922,48000,N/A
REC006869,CASE0172,CDR,2023-11-18 06:00:00,+919873912336,+919846502288,356938006752075,32,"Anna Nagar, Chennai"
REC006870,CASE0172,UPI,2023-11-18 08:00:00,anita.r12@okhdfcbank,anita.r56@upi,TXN152039,22000,N/A
REC006871,CASE0172,UPI,2023-11-18 08:00:00,anita.r8@ybl,anita.r12@okhdfcbank,TXN781184,1200,N/A
REC006872,CASE0172,CDR,2023-11-18 14:00:00,+919873912336,+919808330578,356938006752075,228,"Connaught Place, Delhi"
REC006873,CASE0172,UPI,2023-11-18 15:00:00,anita.r12@okhdfcbank,traders2418@okhdfcbank,TXN552253,15000,N/A
REC006874,CASE0172,UPI,2023-11-19 02:00:00,anita.r12@okhdfcbank,amitpay81@okhdfcbank,TXN104676,15000,N/A
REC006875,CASE0172,CDR,2023-11-19 09:00:00,+919873912336,+919844946769,356938006752075,315,"Banjara Hills, Hyderabad"
REC006876,CASE0172,CDR,2023-11-19 15:00:00,+919873912336,+919846502288,356938006752075,319,"Salt Lake, Kolkata"
REC006877,CASE0172,UPI,2023-11-19 19:00:00,anita.r8@ybl,anita.r12@okhdfcbank,TXN881269,500,N/A
REC006878,CASE0172,CDR,2023-11-19 21:00:00,+919873912336,+919887777764,356938006752075,188,"Connaught Place, Delhi"
REC006879,CASE0172,UPI,2023-11-19 22:00:00,anita.r12@okhdfcbank,traders2418@okhdfcbank,TXN279301,22000,N/A
REC006880,CASE0173,UPI,2023-07-04 05:00:00,nikhil.j54@ybl,citypay61@upi,TXN570157,7500,N/A
REC006881,CASE0173,CDR,2023-07-04 14:00:00,+919871729032,+919810405415,356938042247022,225,"Whitefield, Bengaluru"
REC006882,CASE0173,UPI,2023-07-04 20:00:00,rajesh.m41@upi,nikhil.j54@ybl,TXN372479,500,N/A
REC006883,CASE0173,UPI,2023-07-05 08:00:00,rajesh.m41@upi,nikhil.j54@ybl,TXN224614,22000,N/A
REC006884,CASE0173,UPI,2023-07-06 15:00:00,rajesh.m41@upi,nikhil.j54@ybl,TXN467826,1200,N/A
REC006885,CASE0173,UPI,2023-07-07 05:00:00,rajesh.m41@upi,nikhil.j54@ybl,TXN197024,22000,N/A
REC006886,CASE0173,UPI,2023-07-07 05:00:00,nikhil.j54@ybl,nikhil.j86@upi,TXN438637,7500,N/A
REC006887,CASE0173,UPI,2023-07-07 11:00:00,rajesh.m41@upi,nikhil.j54@ybl,TXN319371,15000,N/A
REC006888,CASE0173,UPI,2023-07-07 12:00:00,rajesh.m41@upi,nikhil.j54@ybl,TXN231519,22000,N/A
REC006889,CASE0173,CDR,2023-07-07 13:00:00,+919871729032,+919860839248,356938042247022,151,"Salt Lake, Kolkata"
REC006890,CASE0173,CDR,2023-07-07 16:00:00,+919871729032,+919873675342,356938042247022,213,"Anna Nagar, Chennai"
REC006891,CASE0173,CDR,2023-07-07 18:00:00,+919871729032,+919895938505,356938042247022,190,"Salt Lake, Kolkata"
REC006892,CASE0173,CDR,2023-07-07 21:00:00,+919871729032,+919884970411,356938042247022,472,"Salt Lake, Kolkata"
REC006893,CASE0173,CDR,2023-07-07 22:00:00,+919871729032,+919884970411,356938042247022,337,"Vaishali Nagar, Jaipur"
REC006894,CASE0173,CDR,2023-07-08 00:00:00,+919871729032,+919895938505,356938042247022,391,"Whitefield, Bengaluru"
REC006895,CASE0173,CDR,2023-07-08 02:00:00,+919871729032,+919884970411,356938042247022,223,"Anna Nagar, Chennai"
REC006896,CASE0173,UPI,2023-07-08 02:00:00,nikhil.j54@ybl,citypay61@upi,TXN864320,500,N/A
REC006897,CASE0173,CDR,2023-07-08 08:00:00,+919871729032,+919873675342,356938042247022,264,"Whitefield, Bengaluru"
REC006898,CASE0173,UPI,2023-07-09 00:00:00,nikhil.j54@ybl,citypay61@upi,TXN712348,500,N/A
REC006899,CASE0173,UPI,2023-07-09 16:00:00,rajesh.m41@upi,nikhil.j54@ybl,TXN805858,1200,N/A
REC006900,CASE0173,CDR,2023-07-10 07:00:00,+919871729032,+919895938505,356938042247022,354,"Andheri East, Mumbai"
REC006901,CASE0173,CDR,2023-07-10 13:00:00,+919871729032,+919842392914,356938042247022,241,"Vaishali Nagar, Jaipur"
REC006902,CASE0173,CDR,2023-07-10 17:00:00,+919871729032,+919895938505,356938042247022,134,"Andheri East, Mumbai"
REC006903,CASE0173,CDR,2023-07-10 19:00:00,+919871729032,+919875816348,356938042247022,246,"Whitefield, Bengaluru"
REC006904,CASE0173,CDR,2023-07-11 01:00:00,+919871729032,+919842392914,356938042247022,109,"Banjara Hills, Hyderabad"
REC006905,CASE0173,UPI,2023-07-11 01:00:00,rajesh.m41@upi,nikhil.j54@ybl,TXN797042,1200,N/A
REC006906,CASE0173,CDR,2023-07-11 05:00:00,+919871729032,+919860839248,356938042247022,148,"Banjara Hills, Hyderabad"
REC006907,CASE0173,CDR,2023-07-11 08:00:00,+919871729032,+919810405415,356938042247022,491,"Sector 15, Gurugram"
REC006908,CASE0173,CDR,2023-07-11 11:00:00,+919871729032,+919842392914,356938042247022,23,"Kothrud, Pune"
REC006909,CASE0173,CDR,2023-07-12 04:00:00,+919871729032,+919842392914,356938042247022,320,"Andheri East, Mumbai"
REC006910,CASE0173,CDR,2023-07-12 08:00:00,+919871729032,+919842392914,356938042247022,398,"Banjara Hills, Hyderabad"
REC006911,CASE0173,CDR,2023-07-12 09:00:00,+919871729032,+919810405415,356938042247022,465,"Anna Nagar, Chennai"
REC006912,CASE0173,UPI,2023-07-12 14:00:00,nikhil.j54@ybl,rajesh.m32@upi,TXN486727,7500,N/A
REC006913,CASE0173,CDR,2023-07-12 17:00:00,+919871729032,+919860839248,356938042247022,433,"Cyber City, Gurugram"
REC006914,CASE0173,UPI,2023-07-12 17:00:00,nikhil.j54@ybl,anita.r92@okhdfcbank,TXN122568,15000,N/A
REC006915,CASE0173,CDR,2023-07-13 04:00:00,+919871729032,+919810405415,356938042247022,306,"Kothrud, Pune"
REC006916,CASE0173,CDR,2023-07-13 15:00:00,+919871729032,+919873675342,356938042247022,66,"Anna Nagar, Chennai"
REC006917,CASE0173,UPI,2023-07-13 15:00:00,nikhil.j54@ybl,anita.r92@okhdfcbank,TXN896576,15000,N/A
REC006918,CASE0173,UPI,2023-07-13 21:00:00,rajesh.m41@upi,nikhil.j54@ybl,TXN185944,1200,N/A
REC006919,CASE0174,CDR,2025-04-07 10:00:00,+919863733915,+919850305863,356938008632756,424,"Whitefield, Bengaluru"
REC006920,CASE0174,UPI,2025-04-07 19:00:00,traders2439@icb,anita.r89@upi,TXN674507,7500,N/A
REC006921,CASE0174,CDR,2025-04-07 21:00:00,+919863733915,+919876129245,356938008632756,372,"Whitefield, Bengaluru"
REC006922,CASE0174,CDR,2025-04-08 17:00:00,+919863733915,+919829350833,356938008632756,47,"Kothrud, Pune"
REC006923,CASE0174,CDR,2025-04-08 22:00:00,+919863733915,+919829350833,356938008632756,222,"Sector 15, Gurugram"
REC006924,CASE0174,UPI,2025-04-09 07:00:00,traders2439@icb,anita.r89@upi,TXN136252,48000,N/A
REC006925,CASE0174,CDR,2025-04-09 12:00:00,+919863733915,+919887976339,356938008632756,280,"Vaishali Nagar, Jaipur"
REC006926,CASE0174,UPI,2025-04-09 15:00:00,anita.r89@upi,ravi.k23@paytm,TXN819505,500,N/A
REC006927,CASE0174,UPI,2025-04-09 22:00:00,anita.r89@upi,quickcash28@okhdfcbank,TXN207588,7500,N/A
REC006928,CASE0174,UPI,2025-04-09 23:00:00,anita.r89@upi,quickcash28@okhdfcbank,TXN706622,15000,N/A
REC006929,CASE0174,UPI,2025-04-09 23:00:00,anita.r89@upi,freshmart39@upi,TXN492103,1200,N/A
REC006930,CASE0174,UPI,2025-04-10 05:00:00,anita.r89@upi,ravi.k23@paytm,TXN612382,500,N/A
REC006931,CASE0174,CDR,2025-04-10 18:00:00,+919863733915,+919887976339,356938008632756,154,"Banjara Hills, Hyderabad"
REC006932,CASE0174,CDR,2025-04-11 03:00:00,+919863733915,+919827683309,356938008632756,72,"Connaught Place, Delhi"
REC006933,CASE0174,CDR,2025-04-11 20:00:00,+919863733915,+919873861834,356938008632756,232,"Kothrud, Pune"
REC006934,CASE0174,CDR,2025-04-12 03:00:00,+919863733915,+919829350833,356938008632756,449,"Andheri East, Mumbai"
REC006935,CASE0174,UPI,2025-04-12 04:00:00,anita.r89@upi,quickcash28@okhdfcbank,TXN931739,7500,N/A
REC006936,CASE0174,CDR,2025-04-12 09:00:00,+919863733915,+919829350833,356938008632756,242,"Vaishali Nagar, Jaipur"
REC006937,CASE0174,CDR,2025-04-12 13:00:00,+919863733915,+919873861834,356938008632756,147,"Connaught Place, Delhi"
REC006938,CASE0174,CDR,2025-04-12 14:00:00,+919863733915,+919826352216,356938008632756,460,"Anna Nagar, Chennai"
REC006939,CASE0174,CDR,2025-04-12 16:00:00,+919863733915,+919826352216,356938008632756,140,"Whitefield, Bengaluru"
REC006940,CASE0174,CDR,2025-04-12 23:00:00,+919863733915,+919887976339,356938008632756,104,"Anna Nagar, Chennai"
REC006941,CASE0174,UPI,2025-04-13 06:00:00,traders2439@icb,anita.r89@upi,TXN342374,500,N/A
REC006942,CASE0174,CDR,2025-04-13 17:00:00,+919863733915,+919827683309,356938008632756,489,"Andheri East, Mumbai"
REC006943,CASE0174,CDR,2025-04-14 02:00:00,+919863733915,+919827683309,356938008632756,95,"Connaught Place, Delhi"
REC006944,CASE0174,CDR,2025-04-14 04:00:00,+919863733915,+919829350833,356938008632756,78,"Anna Nagar, Chennai"
REC006945,CASE0174,CDR,2025-04-15 00:00:00,+919863733915,+919850305863,356938008632756,78,"Whitefield, Bengaluru"
REC006946,CASE0174,CDR,2025-04-15 02:00:00,+919863733915,+919887976339,356938008632756,294,"Salt Lake, Kolkata"
REC006947,CASE0174,CDR,2025-04-15 07:00:00,+919863733915,+919873861834,356938008632756,440,"Connaught Place, Delhi"
REC006948,CASE0174,UPI,2025-04-15 10:00:00,anita.r89@upi,quickcash28@okhdfcbank,TXN435083,7500,N/A
REC006949,CASE0174,UPI,2025-04-16 11:00:00,anita.r89@upi,ravi.k23@paytm,TXN591464,1200,N/A
REC006950,CASE0174,UPI,2025-04-16 20:00:00,anita.r89@upi,quickcash28@okhdfcbank,TXN439805,22000,N/A
REC006951,CASE0175,CDR,2024-07-05 10:00:00,+919866990426,+919896879911,356938099574334,222,"Andheri East, Mumbai"
REC006952,CASE0175,UPI,2024-07-05 12:00:00,ravi.k57@okhdfcbank,ravi.k21@upi,TXN254619,500,N/A
REC006953,CASE0175,CDR,2024-07-05 13:00:00,+919866990426,+919896879911,356938099574334,355,"Whitefield, Bengaluru"
REC006954,CASE0175,CDR,2024-07-05 15:00:00,+919866990426,+919854640676,356938099574334,376,"Whitefield, Bengaluru"
REC006955,CASE0175,CDR,2024-07-05 15:00:00,+919866990426,+919800495939,356938099574334,24,"Connaught Place, Delhi"
REC006956,CASE0175,UPI,2024-07-06 02:00:00,freshmart54@paytm,ravi.k57@okhdfcbank,TXN315881,48000,N/A
REC006957,CASE0175,CDR,2024-07-06 06:00:00,+919866990426,+919896879911,356938099574334,424,"Salt Lake, Kolkata"
REC006958,CASE0175,CDR,2024-07-06 15:00:00,+919866990426,+919854640676,356938099574334,224,"Banjara Hills, Hyderabad"
REC006959,CASE0175,CDR,2024-07-07 15:00:00,+919866990426,+919896879911,356938099574334,150,"Salt Lake, Kolkata"
REC006960,CASE0175,CDR,2024-07-08 00:00:00,+919866990426,+919800495939,356938099574334,324,"Anna Nagar, Chennai"
REC006961,CASE0175,UPI,2024-07-08 04:00:00,freshmart54@paytm,ravi.k57@okhdfcbank,TXN709573,7500,N/A
REC006962,CASE0175,UPI,2024-07-08 04:00:00,ravi.k57@okhdfcbank,citypay57@upi,TXN691394,48000,N/A
REC006963,CASE0175,CDR,2024-07-08 14:00:00,+919866990426,+919837228682,356938099574334,78,"Kothrud, Pune"
REC006964,CASE0175,UPI,2024-07-08 19:00:00,ravi.k57@okhdfcbank,traders2449@ybl,TXN829696,15000,N/A
REC006965,CASE0175,UPI,2024-07-08 23:00:00,ravi.k57@okhdfcbank,pooja.b73@ybl,TXN420390,48000,N/A
REC006966,CASE0175,CDR,2024-07-09 03:00:00,+919866990426,+919800495939,356938099574334,495,"Andheri East, Mumbai"
REC006967,CASE0175,CDR,2024-07-09 07:00:00,+919866990426,+919871796624,356938099574334,275,"Sector 15, Gurugram"
REC006968,CASE0175,UPI,2024-07-09 07:00:00,ravi.k57@okhdfcbank,citypay57@upi,TXN584019,48000,N/A
REC006969,CASE0175,CDR,2024-07-09 20:00:00,+919866990426,+919896879911,356938099574334,354,"Vaishali Nagar, Jaipur"
REC006970,CASE0175,CDR,2024-07-09 21:00:00,+919866990426,+919800495939,356938099574334,153,"Sector 15, Gurugram"
REC006971,CASE0175,CDR,2024-07-10 05:00:00,+919866990426,+919837228682,356938099574334,272,"Vaishali Nagar, Jaipur"
REC006972,CASE0175,CDR,2024-07-10 13:00:00,+919866990426,+919871796624,356938099574334,183,"Sector 15, Gurugram"
REC006973,CASE0175,CDR,2024-07-10 13:00:00,+919866990426,+919854640676,356938099574334,135,"Banjara Hills, Hyderabad"
REC006974,CASE0175,UPI,2024-07-10 15:00:00,ravi.k57@okhdfcbank,traders2449@ybl,TXN807066,22000,N/A
REC006975,CASE0175,CDR,2024-07-10 19:00:00,+919866990426,+919837228682,356938099574334,109,"Salt Lake, Kolkata"
REC006976,CASE0175,UPI,2024-07-10 19:00:00,freshmart54@paytm,ravi.k57@okhdfcbank,TXN670832,22000,N/A
REC006977,CASE0175,UPI,2024-07-11 11:00:00,freshmart54@paytm,ravi.k57@okhdfcbank,TXN109059,48000,N/A
REC006978,CASE0175,CDR,2024-07-11 17:00:00,+919866990426,+919800495939,356938099574334,479,"Salt Lake, Kolkata"
REC006979,CASE0175,UPI,2024-07-11 19:00:00,freshmart54@paytm,ravi.k57@okhdfcbank,TXN605864,1200,N/A
REC006980,CASE0175,UPI,2024-07-11 20:00:00,freshmart54@paytm,ravi.k57@okhdfcbank,TXN878716,1200,N/A
REC006981,CASE0175,UPI,2024-07-11 23:00:00,ravi.k57@okhdfcbank,traders2449@ybl,TXN911029,15000,N/A
REC006982,CASE0175,CDR,2024-07-12 00:00:00,+919866990426,+919837228682,356938099574334,269,"Salt Lake, Kolkata"
REC006983,CASE0175,CDR,2024-07-12 00:00:00,+919866990426,+919853305267,356938099574334,336,"Anna Nagar, Chennai"
REC006984,CASE0175,CDR,2024-07-12 17:00:00,+919866990426,+919837228682,356938099574334,411,"Sector 15, Gurugram"
REC006985,CASE0175,UPI,2024-07-12 18:00:00,ravi.k57@okhdfcbank,pooja.b73@ybl,TXN128271,15000,N/A
REC006986,CASE0175,CDR,2024-07-13 07:00:00,+919866990426,+919851116351,356938099574334,276,"Banjara Hills, Hyderabad"
REC006987,CASE0175,UPI,2024-07-13 15:00:00,freshmart54@paytm,ravi.k57@okhdfcbank,TXN753012,7500,N/A
REC006988,CASE0175,CDR,2024-07-13 20:00:00,+919866990426,+919896879911,356938099574334,185,"Whitefield, Bengaluru"
REC006989,CASE0175,CDR,2024-07-13 23:00:00,+919866990426,+919851116351,356938099574334,190,"Connaught Place, Delhi"
REC006990,CASE0175,CDR,2024-07-14 05:00:00,+919866990426,+919853305267,356938099574334,272,"Whitefield, Bengaluru"
REC006991,CASE0175,UPI,2024-07-14 05:00:00,ravi.k57@okhdfcbank,traders2449@ybl,TXN899503,22000,N/A
REC006992,CASE0175,CDR,2024-07-14 13:00:00,+919866990426,+919871796624,356938099574334,106,"Cyber City, Gurugram"
REC006993,CASE0175,UPI,2024-07-14 17:00:00,ravi.k57@okhdfcbank,citypay57@upi,TXN760915,22000,N/A
REC006994,CASE0175,CDR,2024-07-14 23:00:00,+919866990426,+919896879911,356938099574334,337,"Banjara Hills, Hyderabad"
REC006995,CASE0176,CDR,2023-12-10 19:00:00,+919872203782,+919836321004,356938022061836,129,"Cyber City, Gurugram"
REC006996,CASE0176,CDR,2023-12-10 23:00:00,+919872203782,+919837210721,356938022061836,441,"Connaught Place, Delhi"
REC006997,CASE0176,CDR,2023-12-11 03:00:00,+919872203782,+919808829712,356938022061836,32,"Vaishali Nagar, Jaipur"
REC006998,CASE0176,UPI,2023-12-11 07:00:00,pooja.b27@upi,sanjay.p57@icb,TXN340073,1200,N/A
REC006999,CASE0176,CDR,2023-12-12 01:00:00,+919872203782,+919814004240,356938022061836,286,"Andheri East, Mumbai"
REC007000,CASE0176,CDR,2023-12-12 13:00:00,+919872203782,+919814004240,356938022061836,165,"Vaishali Nagar, Jaipur"
REC007001,CASE0176,UPI,2023-12-12 22:00:00,ravi.k33@paytm,pooja.b27@upi,TXN938638,48000,N/A
REC007002,CASE0176,UPI,2023-12-13 03:00:00,pooja.b27@upi,vikram.t94@upi,TXN286802,3000,N/A
REC007003,CASE0176,CDR,2023-12-13 17:00:00,+919872203782,+919872110596,356938022061836,37,"Connaught Place, Delhi"
REC007004,CASE0176,UPI,2023-12-14 23:00:00,ravi.k33@paytm,pooja.b27@upi,TXN590247,7500,N/A
REC007005,CASE0176,CDR,2023-12-15 11:00:00,+919872203782,+919808829712,356938022061836,88,"Vaishali Nagar, Jaipur"
REC007006,CASE0176,UPI,2023-12-15 15:00:00,pooja.b27@upi,vikram.t94@upi,TXN804683,15000,N/A
REC007007,CASE0176,CDR,2023-12-15 16:00:00,+919872203782,+919813961142,356938022061836,311,"Banjara Hills, Hyderabad"
REC007008,CASE0176,CDR,2023-12-16 02:00:00,+919872203782,+919872110596,356938022061836,335,"Cyber City, Gurugram"
REC007009,CASE0176,UPI,2023-12-16 10:00:00,pooja.b27@upi,vikram.t94@upi,TXN487350,15000,N/A
REC007010,CASE0176,UPI,2023-12-17 05:00:00,pooja.b27@upi,sunita.d23@icb,TXN684564,7500,N/A
REC007011,CASE0176,CDR,2023-12-17 10:00:00,+919872203782,+919813961142,356938022061836,398,"Vaishali Nagar, Jaipur"
REC007012,CASE0176,CDR,2023-12-17 13:00:00,+919872203782,+919813961142,356938022061836,45,"Sector 15, Gurugram"
REC007013,CASE0176,UPI,2023-12-18 13:00:00,pooja.b27@upi,sanjay.p57@icb,TXN206207,22000,N/A
REC007014,CASE0176,UPI,2023-12-19 03:00:00,ravi.k33@paytm,pooja.b27@upi,TXN412883,7500,N/A
REC007015,CASE0176,UPI,2023-12-19 07:00:00,pooja.b27@upi,ravi.k28@upi,TXN741140,3000,N/A
REC007016,CASE0176,CDR,2023-12-19 08:00:00,+919872203782,+919872110596,356938022061836,473,"Andheri East, Mumbai"
REC007017,CASE0177,CDR,2024-10-11 12:00:00,+919845506607,+919808964294,356938089497654,352,"Sector 15, Gurugram"
REC007018,CASE0177,CDR,2024-10-11 17:00:00,+919845506607,+919808964294,356938089497654,395,"Vaishali Nagar, Jaipur"
REC007019,CASE0177,CDR,2024-10-11 17:00:00,+919845506607,+919844371874,356938089497654,311,"Sector 15, Gurugram"
REC007020,CASE0177,UPI,2024-10-11 17:00:00,anita.r86@okhdfcbank,anita.r30@icb,TXN688891,3000,N/A
REC007021,CASE0177,CDR,2024-10-13 01:00:00,+919845506607,+919832880809,356938089497654,100,"Vaishali Nagar, Jaipur"
REC007022,CASE0177,CDR,2024-10-13 04:00:00,+919845506607,+919808964294,356938089497654,396,"Vaishali Nagar, Jaipur"
REC007023,CASE0177,CDR,2024-10-13 09:00:00,+919845506607,+919832230222,356938089497654,29,"Whitefield, Bengaluru"
REC007024,CASE0177,CDR,2024-10-13 10:00:00,+919845506607,+919832880809,356938089497654,381,"Cyber City, Gurugram"
REC007025,CASE0177,CDR,2024-10-13 22:00:00,+919845506607,+919808964294,356938089497654,433,"Connaught Place, Delhi"
REC007026,CASE0177,UPI,2024-10-14 04:00:00,anita.r30@icb,rajesh.m21@okhdfcbank,TXN837594,1200,N/A
REC007027,CASE0177,UPI,2024-10-14 17:00:00,anita.r86@okhdfcbank,anita.r30@icb,TXN439312,3000,N/A
REC007028,CASE0177,CDR,2024-10-15 10:00:00,+919845506607,+919835199339,356938089497654,369,"Cyber City, Gurugram"
REC007029,CASE0177,UPI,2024-10-15 11:00:00,anita.r30@icb,sunita.d51@ybl,TXN798040,3000,N/A
REC007030,CASE0177,UPI,2024-10-15 21:00:00,anita.r30@icb,sunita.d51@ybl,TXN944188,7500,N/A
REC007031,CASE0177,UPI,2024-10-16 05:00:00,anita.r30@icb,amitpay53@paytm,TXN563010,48000,N/A
REC007032,CASE0177,CDR,2024-10-16 06:00:00,+919845506607,+919808964294,356938089497654,444,"Salt Lake, Kolkata"
REC007033,CASE0177,CDR,2024-10-16 09:00:00,+919845506607,+919815172536,356938089497654,209,"Sector 15, Gurugram"
REC007034,CASE0177,UPI,2024-10-16 09:00:00,anita.r30@icb,amitpay53@paytm,TXN150506,7500,N/A
REC007035,CASE0177,CDR,2024-10-16 13:00:00,+919845506607,+919832880809,356938089497654,396,"Vaishali Nagar, Jaipur"
REC007036,CASE0177,UPI,2024-10-16 18:00:00,anita.r86@okhdfcbank,anita.r30@icb,TXN521566,48000,N/A
REC007037,CASE0177,UPI,2024-10-17 00:00:00,anita.r30@icb,anita.r62@ybl,TXN943719,500,N/A
REC007038,CASE0177,CDR,2024-10-17 10:00:00,+919845506607,+919844371874,356938089497654,108,"Kothrud, Pune"
REC007039,CASE0177,CDR,2024-10-17 15:00:00,+919845506607,+919832880809,356938089497654,249,"Whitefield, Bengaluru"
REC007040,CASE0177,CDR,2024-10-17 15:00:00,+919845506607,+919808964294,356938089497654,426,"Vaishali Nagar, Jaipur"
REC007041,CASE0177,CDR,2024-10-17 19:00:00,+919845506607,+919808964294,356938089497654,240,"Salt Lake, Kolkata"
REC007042,CASE0177,CDR,2024-10-17 20:00:00,+919845506607,+919808964294,356938089497654,62,"Salt Lake, Kolkata"
REC007043,CASE0177,UPI,2024-10-17 22:00:00,anita.r86@okhdfcbank,anita.r30@icb,TXN901887,1200,N/A
REC007044,CASE0177,UPI,2024-10-18 00:00:00,anita.r86@okhdfcbank,anita.r30@icb,TXN396653,500,N/A
REC007045,CASE0177,CDR,2024-10-18 01:00:00,+919845506607,+919883139411,356938089497654,176,"Banjara Hills, Hyderabad"
REC007046,CASE0177,CDR,2024-10-18 11:00:00,+919845506607,+919832230222,356938089497654,419,"Salt Lake, Kolkata"
REC007047,CASE0177,CDR,2024-10-18 13:00:00,+919845506607,+919835199339,356938089497654,23,"Cyber City, Gurugram"
REC007048,CASE0177,CDR,2024-10-19 02:00:00,+919845506607,+919835199339,356938089497654,241,"Whitefield, Bengaluru"
REC007049,CASE0177,CDR,2024-10-19 04:00:00,+919845506607,+919808964294,356938089497654,454,"Connaught Place, Delhi"
REC007050,CASE0177,UPI,2024-10-19 05:00:00,anita.r30@icb,rajesh.m21@okhdfcbank,TXN674149,3000,N/A
REC007051,CASE0177,UPI,2024-10-19 10:00:00,anita.r86@okhdfcbank,anita.r30@icb,TXN206854,15000,N/A
REC007052,CASE0177,UPI,2024-10-19 11:00:00,anita.r86@okhdfcbank,anita.r30@icb,TXN333363,22000,N/A
REC007053,CASE0177,CDR,2024-10-20 06:00:00,+919845506607,+919832880809,356938089497654,284,"Connaught Place, Delhi"
REC007054,CASE0177,CDR,2024-10-20 11:00:00,+919845506607,+919832880809,356938089497654,239,"Whitefield, Bengaluru"
REC007055,CASE0177,CDR,2024-10-20 11:00:00,+919845506607,+919832230222,356938089497654,79,"Anna Nagar, Chennai"
REC007056,CASE0177,UPI,2024-10-20 19:00:00,anita.r86@okhdfcbank,anita.r30@icb,TXN447714,48000,N/A
REC007057,CASE0178,CDR,2023-01-16 01:00:00,+919894429413,+919869429266,356938046059675,177,"Sector 15, Gurugram"
REC007058,CASE0178,UPI,2023-01-16 14:00:00,amitpay95@okhdfcbank,nikhil.j97@icb,TXN954798,15000,N/A
REC007059,CASE0178,CDR,2023-01-17 00:00:00,+919894429413,+919827376530,356938046059675,384,"Kothrud, Pune"
REC007060,CASE0178,UPI,2023-01-17 02:00:00,amitpay95@okhdfcbank,sunita.d46@okhdfcbank,TXN300825,7500,N/A
REC007061,CASE0178,CDR,2023-01-17 06:00:00,+919894429413,+919827376530,356938046059675,239,"Andheri East, Mumbai"
REC007062,CASE0178,UPI,2023-01-17 10:00:00,sanjay.p47@icb,amitpay95@okhdfcbank,TXN182288,3000,N/A
REC007063,CASE0178,CDR,2023-01-17 11:00:00,+919894429413,+919808872961,356938046059675,245,"Vaishali Nagar, Jaipur"
REC007064,CASE0178,CDR,2023-01-17 16:00:00,+919894429413,+919889254110,356938046059675,17,"Andheri East, Mumbai"
REC007065,CASE0178,CDR,2023-01-17 18:00:00,+919894429413,+919889254110,356938046059675,24,"Banjara Hills, Hyderabad"
REC007066,CASE0178,CDR,2023-01-17 20:00:00,+919894429413,+919869429266,356938046059675,483,"Vaishali Nagar, Jaipur"
REC007067,CASE0178,UPI,2023-01-18 11:00:00,sanjay.p47@icb,amitpay95@okhdfcbank,TXN188236,48000,N/A
REC007068,CASE0178,UPI,2023-01-18 20:00:00,amitpay95@okhdfcbank,sunita.d63@paytm,TXN384106,22000,N/A
REC007069,CASE0178,CDR,2023-01-18 23:00:00,+919894429413,+919807712453,356938046059675,52,"Banjara Hills, Hyderabad"
REC007070,CASE0178,CDR,2023-01-19 04:00:00,+919894429413,+919807712453,356938046059675,244,"Banjara Hills, Hyderabad"
REC007071,CASE0178,CDR,2023-01-19 08:00:00,+919894429413,+919869429266,356938046059675,130,"Banjara Hills, Hyderabad"
REC007072,CASE0178,CDR,2023-01-19 11:00:00,+919894429413,+919899872822,356938046059675,467,"Sector 15, Gurugram"
REC007073,CASE0178,CDR,2023-01-19 14:00:00,+919894429413,+919807712453,356938046059675,457,"Whitefield, Bengaluru"
REC007074,CASE0178,UPI,2023-01-19 15:00:00,amitpay95@okhdfcbank,sunita.d46@okhdfcbank,TXN261331,48000,N/A
REC007075,CASE0178,UPI,2023-01-19 23:00:00,sanjay.p47@icb,amitpay95@okhdfcbank,TXN411677,500,N/A
REC007076,CASE0178,CDR,2023-01-20 01:00:00,+919894429413,+919807712453,356938046059675,149,"Kothrud, Pune"
REC007077,CASE0178,CDR,2023-01-20 08:00:00,+919894429413,+919869429266,356938046059675,378,"Sector 15, Gurugram"
REC007078,CASE0178,UPI,2023-01-20 09:00:00,amitpay95@okhdfcbank,sunita.d46@okhdfcbank,TXN492013,3000,N/A
REC007079,CASE0178,CDR,2023-01-20 20:00:00,+919894429413,+919869429266,356938046059675,400,"Anna Nagar, Chennai"
REC007080,CASE0178,CDR,2023-01-21 05:00:00,+919894429413,+919899872822,356938046059675,390,"Cyber City, Gurugram"
REC007081,CASE0178,CDR,2023-01-21 15:00:00,+919894429413,+919889254110,356938046059675,323,"Whitefield, Bengaluru"
REC007082,CASE0178,CDR,2023-01-21 19:00:00,+919894429413,+919889254110,356938046059675,225,"Banjara Hills, Hyderabad"
REC007083,CASE0178,CDR,2023-01-21 22:00:00,+919894429413,+919807712453,356938046059675,111,"Andheri East, Mumbai"
REC007084,CASE0178,CDR,2023-01-22 03:00:00,+919894429413,+919869429266,356938046059675,50,"Sector 15, Gurugram"
REC007085,CASE0178,CDR,2023-01-22 04:00:00,+919894429413,+919889254110,356938046059675,386,"Whitefield, Bengaluru"
REC007086,CASE0178,UPI,2023-01-22 04:00:00,sanjay.p47@icb,amitpay95@okhdfcbank,TXN236615,15000,N/A
REC007087,CASE0178,UPI,2023-01-22 09:00:00,amitpay95@okhdfcbank,sunita.d63@paytm,TXN935544,3000,N/A
REC007088,CASE0178,CDR,2023-01-22 22:00:00,+919894429413,+919892943459,356938046059675,191,"Andheri East, Mumbai"
REC007089,CASE0178,UPI,2023-01-23 00:00:00,amitpay95@okhdfcbank,nikhil.j97@icb,TXN648822,48000,N/A
REC007090,CASE0178,UPI,2023-01-23 07:00:00,sanjay.p47@icb,amitpay95@okhdfcbank,TXN875410,500,N/A
REC007091,CASE0178,UPI,2023-01-23 10:00:00,amitpay95@okhdfcbank,sunita.d46@okhdfcbank,TXN290679,3000,N/A
REC007092,CASE0178,UPI,2023-01-23 12:00:00,amitpay95@okhdfcbank,nikhil.j97@icb,TXN712410,22000,N/A
REC007093,CASE0178,CDR,2023-01-24 09:00:00,+919894429413,+919808872961,356938046059675,293,"Salt Lake, Kolkata"
REC007094,CASE0178,UPI,2023-01-24 21:00:00,sanjay.p47@icb,amitpay95@okhdfcbank,TXN430230,3000,N/A
REC007095,CASE0178,CDR,2023-01-24 23:00:00,+919894429413,+919808872961,356938046059675,28,"Salt Lake, Kolkata"
REC007096,CASE0178,CDR,2023-01-25 12:00:00,+919894429413,+919889254110,356938046059675,45,"Andheri East, Mumbai"
REC007097,CASE0178,UPI,2023-01-25 17:00:00,sanjay.p47@icb,amitpay95@okhdfcbank,TXN190748,7500,N/A
REC007098,CASE0178,CDR,2023-01-25 20:00:00,+919894429413,+919889254110,356938046059675,183,"Vaishali Nagar, Jaipur"
REC007099,CASE0179,UPI,2024-01-02 05:00:00,nikhil.j31@ybl,meera.s67@upi,TXN677793,15000,N/A
REC007100,CASE0179,CDR,2024-01-03 10:00:00,+919880767729,+919894284399,356938040532381,438,"Andheri East, Mumbai"
REC007101,CASE0179,CDR,2024-01-03 13:00:00,+919880767729,+919839812742,356938040532381,238,"Vaishali Nagar, Jaipur"
REC007102,CASE0179,CDR,2024-01-03 18:00:00,+919880767729,+919854803031,356938040532381,45,"Salt Lake, Kolkata"
REC007103,CASE0179,UPI,2024-01-03 20:00:00,amitpay15@icb,nikhil.j31@ybl,TXN941846,3000,N/A
REC007104,CASE0179,CDR,2024-01-03 21:00:00,+919880767729,+919854803031,356938040532381,422,"Banjara Hills, Hyderabad"
REC007105,CASE0179,CDR,2024-01-04 05:00:00,+919880767729,+919857445825,356938040532381,418,"Connaught Place, Delhi"
REC007106,CASE0179,CDR,2024-01-05 06:00:00,+919880767729,+919854803031,356938040532381,214,"Banjara Hills, Hyderabad"
REC007107,CASE0179,UPI,2024-01-07 08:00:00,nikhil.j31@ybl,nikhil.j67@paytm,TXN285671,15000,N/A
REC007108,CASE0179,CDR,2024-01-07 14:00:00,+919880767729,+919894284399,356938040532381,289,"Banjara Hills, Hyderabad"
REC007109,CASE0179,UPI,2024-01-07 20:00:00,nikhil.j31@ybl,vikram.t1@paytm,TXN595999,15000,N/A
REC007110,CASE0179,UPI,2024-01-07 23:00:00,amitpay15@icb,nikhil.j31@ybl,TXN498368,7500,N/A
REC007111,CASE0179,CDR,2024-01-08 02:00:00,+919880767729,+919827156079,356938040532381,153,"Vaishali Nagar, Jaipur"
REC007112,CASE0179,CDR,2024-01-08 02:00:00,+919880767729,+919831532944,356938040532381,347,"Salt Lake, Kolkata"
REC007113,CASE0179,CDR,2024-01-08 05:00:00,+919880767729,+919857445825,356938040532381,199,"Banjara Hills, Hyderabad"
REC007114,CASE0179,CDR,2024-01-08 05:00:00,+919880767729,+919854803031,356938040532381,443,"Vaishali Nagar, Jaipur"
REC007115,CASE0179,CDR,2024-01-08 07:00:00,+919880767729,+919831532944,356938040532381,261,"Banjara Hills, Hyderabad"
REC007116,CASE0179,CDR,2024-01-08 08:00:00,+919880767729,+919854803031,356938040532381,31,"Andheri East, Mumbai"
REC007117,CASE0179,CDR,2024-01-09 18:00:00,+919880767729,+919857445825,356938040532381,490,"Salt Lake, Kolkata"
REC007118,CASE0179,UPI,2024-01-10 04:00:00,nikhil.j31@ybl,nikhil.j67@paytm,TXN868764,500,N/A
REC007119,CASE0179,UPI,2024-01-10 11:00:00,nikhil.j31@ybl,vikram.t1@paytm,TXN651798,1200,N/A
REC007120,CASE0179,UPI,2024-01-10 16:00:00,amitpay15@icb,nikhil.j31@ybl,TXN172343,3000,N/A
REC007121,CASE0179,CDR,2024-01-11 22:00:00,+919880767729,+919839812742,356938040532381,202,"Cyber City, Gurugram"
REC007122,CASE0180,CDR,2024-10-27 00:00:00,+919866550594,+919861936479,356938085738927,102,"Banjara Hills, Hyderabad"
REC007123,CASE0180,CDR,2024-10-27 06:00:00,+919866550594,+919877289391,356938085738927,51,"Banjara Hills, Hyderabad"
REC007124,CASE0180,CDR,2024-10-27 08:00:00,+919866550594,+919877289391,356938085738927,112,"Vaishali Nagar, Jaipur"
REC007125,CASE0180,UPI,2024-10-27 12:00:00,amitpay95@ybl,nikhil.j86@upi,TXN513410,3000,N/A
REC007126,CASE0180,UPI,2024-10-27 15:00:00,sunita.d16@icb,amitpay95@ybl,TXN444695,48000,N/A
REC007127,CASE0180,CDR,2024-10-27 20:00:00,+919866550594,+919877289391,356938085738927,493,"Whitefield, Bengaluru"
REC007128,CASE0180,CDR,2024-10-28 02:00:00,+919866550594,+919887003928,356938085738927,260,"Cyber City, Gurugram"
REC007129,CASE0180,UPI,2024-10-28 03:00:00,amitpay95@ybl,nikhil.j63@ybl,TXN290290,15000,N/A
REC007130,CASE0180,CDR,2024-10-28 06:00:00,+919866550594,+919826510574,356938085738927,95,"Salt Lake, Kolkata"
REC007131,CASE0180,CDR,2024-10-28 15:00:00,+919866550594,+919887003928,356938085738927,307,"Whitefield, Bengaluru"
REC007132,CASE0180,UPI,2024-10-28 15:00:00,amitpay95@ybl,nikhil.j86@upi,TXN862263,1200,N/A
REC007133,CASE0180,CDR,2024-10-28 18:00:00,+919866550594,+919829828676,356938085738927,32,"Anna Nagar, Chennai"
REC007134,CASE0180,UPI,2024-10-29 01:00:00,amitpay95@ybl,sunita.d2@paytm,TXN514419,7500,N/A
REC007135,CASE0180,CDR,2024-10-29 05:00:00,+919866550594,+919861936479,356938085738927,394,"Salt Lake, Kolkata"
REC007136,CASE0180,UPI,2024-10-29 08:00:00,amitpay95@ybl,nikhil.j86@upi,TXN258934,500,N/A
REC007137,CASE0180,UPI,2024-10-29 18:00:00,sunita.d16@icb,amitpay95@ybl,TXN572260,7500,N/A
REC007138,CASE0180,UPI,2024-10-30 02:00:00,amitpay95@ybl,sanjay.p86@icb,TXN360202,48000,N/A
REC007139,CASE0180,UPI,2024-10-30 20:00:00,amitpay95@ybl,nikhil.j86@upi,TXN952171,22000,N/A
REC007140,CASE0180,CDR,2024-10-31 00:00:00,+919866550594,+919896870578,356938085738927,455,"Sector 15, Gurugram"
REC007141,CASE0180,UPI,2024-10-31 01:00:00,amitpay95@ybl,sunita.d2@paytm,TXN251798,15000,N/A
REC007142,CASE0180,CDR,2024-10-31 03:00:00,+919866550594,+919829828676,356938085738927,211,"Connaught Place, Delhi"
REC007143,CASE0180,UPI,2024-10-31 04:00:00,amitpay95@ybl,sunita.d2@paytm,TXN452667,1200,N/A
REC007144,CASE0180,UPI,2024-10-31 05:00:00,amitpay95@ybl,nikhil.j63@ybl,TXN594602,1200,N/A
REC007145,CASE0180,CDR,2024-10-31 06:00:00,+919866550594,+919861936479,356938085738927,135,"Andheri East, Mumbai"
REC007146,CASE0180,CDR,2024-10-31 21:00:00,+919866550594,+919877289391,356938085738927,115,"Vaishali Nagar, Jaipur"
REC007147,CASE0180,CDR,2024-11-01 01:00:00,+919866550594,+919877289391,356938085738927,35,"Sector 15, Gurugram"
REC007148,CASE0180,CDR,2024-11-01 09:00:00,+919866550594,+919877289391,356938085738927,266,"Cyber City, Gurugram"
REC007149,CASE0180,UPI,2024-11-03 02:00:00,sunita.d16@icb,amitpay95@ybl,TXN947841,1200,N/A
REC007150,CASE0180,CDR,2024-11-03 08:00:00,+919866550594,+919810845504,356938085738927,261,"Whitefield, Bengaluru"
REC007151,CASE0180,CDR,2024-11-03 10:00:00,+919866550594,+919861936479,356938085738927,212,"Andheri East, Mumbai"
REC007152,CASE0180,CDR,2024-11-03 11:00:00,+919866550594,+919887003928,356938085738927,18,"Sector 15, Gurugram"
REC007153,CASE0180,CDR,2024-11-03 12:00:00,+919866550594,+919829828676,356938085738927,212,"Cyber City, Gurugram"
REC007154,CASE0180,CDR,2024-11-03 21:00:00,+919866550594,+919810845504,356938085738927,158,"Andheri East, Mumbai"
REC007155,CASE0180,UPI,2024-11-04 00:00:00,amitpay95@ybl,sanjay.p86@icb,TXN798123,22000,N/A
REC007156,CASE0180,CDR,2024-11-04 17:00:00,+919866550594,+919826510574,356938085738927,437,"Whitefield, Bengaluru"
REC007157,CASE0180,CDR,2024-11-05 04:00:00,+919866550594,+919877289391,356938085738927,196,"Anna Nagar, Chennai"
REC007158,CASE0180,UPI,2024-11-05 06:00:00,sunita.d16@icb,amitpay95@ybl,TXN574040,15000,N/A
REC007159,CASE0180,UPI,2024-11-05 08:00:00,amitpay95@ybl,nikhil.j63@ybl,TXN877522,48000,N/A
REC007160,CASE0180,CDR,2024-11-05 12:00:00,+919866550594,+919887003928,356938085738927,380,"Andheri East, Mumbai"
REC007161,CASE0180,UPI,2024-11-05 22:00:00,amitpay95@ybl,sanjay.p86@icb,TXN828480,500,N/A
REC007162,CASE0180,CDR,2024-11-06 00:00:00,+919866550594,+919810845504,356938085738927,495,"Cyber City, Gurugram"
REC007163,CASE0181,CDR,2024-07-26 07:00:00,+919868582785,+919846481982,356938028064366,459,"Banjara Hills, Hyderabad"
REC007164,CASE0181,UPI,2024-07-26 08:00:00,kavita.n16@upi,sunita.d64@upi,TXN468466,7500,N/A
REC007165,CASE0181,CDR,2024-07-26 09:00:00,+919868582785,+919873208400,356938028064366,482,"Whitefield, Bengaluru"
REC007166,CASE0181,UPI,2024-07-26 12:00:00,sunita.d64@upi,pooja.b80@upi,TXN654301,15000,N/A
REC007167,CASE0181,CDR,2024-07-26 17:00:00,+919868582785,+919802586348,356938028064366,203,"Vaishali Nagar, Jaipur"
REC007168,CASE0181,CDR,2024-07-26 21:00:00,+919868582785,+919802586348,356938028064366,223,"Cyber City, Gurugram"
REC007169,CASE0181,CDR,2024-07-27 02:00:00,+919868582785,+919850035463,356938028064366,226,"Banjara Hills, Hyderabad"
REC007170,CASE0181,UPI,2024-07-27 08:00:00,sunita.d64@upi,nikhil.j39@ybl,TXN991407,3000,N/A
REC007171,CASE0181,UPI,2024-07-27 11:00:00,sunita.d64@upi,sanjay.p75@icb,TXN349501,15000,N/A
REC007172,CASE0181,CDR,2024-07-28 01:00:00,+919868582785,+919831194147,356938028064366,399,"Kothrud, Pune"
REC007173,CASE0181,CDR,2024-07-28 04:00:00,+919868582785,+919802586348,356938028064366,291,"Vaishali Nagar, Jaipur"
REC007174,CASE0181,CDR,2024-07-28 11:00:00,+919868582785,+919802586348,356938028064366,285,"Sector 15, Gurugram"
REC007175,CASE0181,CDR,2024-07-28 14:00:00,+919868582785,+919817669993,356938028064366,49,"Kothrud, Pune"
REC007176,CASE0181,UPI,2024-07-29 05:00:00,sunita.d64@upi,pooja.b80@upi,TXN851795,1200,N/A
REC007177,CASE0181,CDR,2024-07-29 13:00:00,+919868582785,+919873208400,356938028064366,262,"Connaught Place, Delhi"
REC007178,CASE0181,CDR,2024-07-29 14:00:00,+919868582785,+919892859493,356938028064366,39,"Vaishali Nagar, Jaipur"
REC007179,CASE0181,CDR,2024-07-30 05:00:00,+919868582785,+919817669993,356938028064366,303,"Banjara Hills, Hyderabad"
REC007180,CASE0181,UPI,2024-07-30 06:00:00,kavita.n16@upi,sunita.d64@upi,TXN670940,500,N/A
REC007181,CASE0181,UPI,2024-07-30 13:00:00,kavita.n16@upi,sunita.d64@upi,TXN311477,48000,N/A
REC007182,CASE0181,CDR,2024-07-30 17:00:00,+919868582785,+919802586348,356938028064366,43,"Salt Lake, Kolkata"
REC007183,CASE0181,CDR,2024-07-30 17:00:00,+919868582785,+919873208400,356938028064366,202,"Whitefield, Bengaluru"
REC007184,CASE0181,CDR,2024-07-30 17:00:00,+919868582785,+919850035463,356938028064366,191,"Whitefield, Bengaluru"
REC007185,CASE0181,UPI,2024-07-30 19:00:00,kavita.n16@upi,sunita.d64@upi,TXN744399,3000,N/A
REC007186,CASE0181,CDR,2024-07-31 02:00:00,+919868582785,+919846481982,356938028064366,60,"Salt Lake, Kolkata"
REC007187,CASE0181,CDR,2024-07-31 06:00:00,+919868582785,+919817669993,356938028064366,401,"Banjara Hills, Hyderabad"
REC007188,CASE0181,CDR,2024-07-31 12:00:00,+919868582785,+919817669993,356938028064366,210,"Salt Lake, Kolkata"
REC007189,CASE0181,UPI,2024-07-31 14:00:00,kavita.n16@upi,sunita.d64@upi,TXN152341,7500,N/A
REC007190,CASE0181,CDR,2024-07-31 17:00:00,+919868582785,+919892859493,356938028064366,383,"Kothrud, Pune"
REC007191,CASE0181,UPI,2024-07-31 17:00:00,kavita.n16@upi,sunita.d64@upi,TXN641070,1200,N/A
REC007192,CASE0181,CDR,2024-08-01 09:00:00,+919868582785,+919831194147,356938028064366,334,"Andheri East, Mumbai"
REC007193,CASE0181,CDR,2024-08-01 15:00:00,+919868582785,+919831194147,356938028064366,186,"Sector 15, Gurugram"
REC007194,CASE0181,CDR,2024-08-02 16:00:00,+919868582785,+919850035463,356938028064366,410,"Whitefield, Bengaluru"
REC007195,CASE0181,UPI,2024-08-02 19:00:00,kavita.n16@upi,sunita.d64@upi,TXN673348,48000,N/A
REC007196,CASE0181,CDR,2024-08-03 03:00:00,+919868582785,+919817669993,356938028064366,58,"Cyber City, Gurugram"
REC007197,CASE0181,UPI,2024-08-03 03:00:00,kavita.n16@upi,sunita.d64@upi,TXN894497,3000,N/A
REC007198,CASE0181,CDR,2024-08-03 07:00:00,+919868582785,+919846481982,356938028064366,127,"Connaught Place, Delhi"
REC007199,CASE0181,UPI,2024-08-03 22:00:00,sunita.d64@upi,nikhil.j39@ybl,TXN705159,7500,N/A
REC007200,CASE0181,CDR,2024-08-04 00:00:00,+919868582785,+919831194147,356938028064366,402,"Andheri East, Mumbai"
REC007201,CASE0181,CDR,2024-08-04 04:00:00,+919868582785,+919873208400,356938028064366,364,"Kothrud, Pune"
REC007202,CASE0181,CDR,2024-08-04 10:00:00,+919868582785,+919802586348,356938028064366,460,"Anna Nagar, Chennai"
REC007203,CASE0181,UPI,2024-08-04 15:00:00,kavita.n16@upi,sunita.d64@upi,TXN783921,7500,N/A
REC007204,CASE0181,CDR,2024-08-04 22:00:00,+919868582785,+919873208400,356938028064366,416,"Andheri East, Mumbai"
REC007205,CASE0182,CDR,2023-11-17 05:00:00,+919830208270,+919830834190,356938077233504,414,"Banjara Hills, Hyderabad"
REC007206,CASE0182,CDR,2023-11-17 06:00:00,+919830208270,+919808996508,356938077233504,264,"Salt Lake, Kolkata"
REC007207,CASE0182,CDR,2023-11-17 07:00:00,+919830208270,+919875268089,356938077233504,459,"Vaishali Nagar, Jaipur"
REC007208,CASE0182,CDR,2023-11-17 22:00:00,+919830208270,+919875268089,356938077233504,458,"Sector 15, Gurugram"
REC007209,CASE0182,CDR,2023-11-18 00:00:00,+919830208270,+919864169627,356938077233504,20,"Andheri East, Mumbai"
REC007210,CASE0182,UPI,2023-11-18 02:00:00,nikhil.j51@paytm,pooja.b53@paytm,TXN448653,3000,N/A
REC007211,CASE0182,UPI,2023-11-18 09:00:00,pooja.b53@paytm,traders244@ybl,TXN786376,1200,N/A
REC007212,CASE0182,CDR,2023-11-18 18:00:00,+919830208270,+919808996508,356938077233504,93,"Kothrud, Pune"
REC007213,CASE0182,CDR,2023-11-18 20:00:00,+919830208270,+919857577441,356938077233504,391,"Banjara Hills, Hyderabad"
REC007214,CASE0182,CDR,2023-11-18 21:00:00,+919830208270,+919881298516,356938077233504,320,"Anna Nagar, Chennai"
REC007215,CASE0182,CDR,2023-11-19 01:00:00,+919830208270,+919830834190,356938077233504,140,"Andheri East, Mumbai"
REC007216,CASE0182,CDR,2023-11-19 04:00:00,+919830208270,+919881298516,356938077233504,163,"Anna Nagar, Chennai"
REC007217,CASE0182,UPI,2023-11-19 05:00:00,pooja.b53@paytm,pooja.b46@icb,TXN261034,48000,N/A
REC007218,CASE0182,CDR,2023-11-19 12:00:00,+919830208270,+919881298516,356938077233504,88,"Anna Nagar, Chennai"
REC007219,CASE0182,UPI,2023-11-19 12:00:00,pooja.b53@paytm,traders244@ybl,TXN672927,48000,N/A
REC007220,CASE0182,CDR,2023-11-19 14:00:00,+919830208270,+919875268089,356938077233504,24,"Anna Nagar, Chennai"
REC007221,CASE0182,CDR,2023-11-19 19:00:00,+919830208270,+919875268089,356938077233504,144,"Connaught Place, Delhi"
REC007222,CASE0182,UPI,2023-11-19 20:00:00,pooja.b53@paytm,traders244@ybl,TXN377667,7500,N/A
REC007223,CASE0182,UPI,2023-11-19 22:00:00,nikhil.j51@paytm,pooja.b53@paytm,TXN904354,7500,N/A
REC007224,CASE0182,UPI,2023-11-19 23:00:00,pooja.b53@paytm,pooja.b46@icb,TXN851846,48000,N/A
REC007225,CASE0182,CDR,2023-11-20 09:00:00,+919830208270,+919857577441,356938077233504,333,"Sector 15, Gurugram"
REC007226,CASE0182,CDR,2023-11-20 16:00:00,+919830208270,+919857577441,356938077233504,364,"Salt Lake, Kolkata"
REC007227,CASE0182,UPI,2023-11-20 16:00:00,nikhil.j51@paytm,pooja.b53@paytm,TXN442947,3000,N/A
REC007228,CASE0182,UPI,2023-11-20 18:00:00,pooja.b53@paytm,pooja.b46@icb,TXN760195,7500,N/A
REC007229,CASE0182,UPI,2023-11-21 01:00:00,nikhil.j51@paytm,pooja.b53@paytm,TXN135832,3000,N/A
REC007230,CASE0182,CDR,2023-11-21 05:00:00,+919830208270,+919857577441,356938077233504,437,"Cyber City, Gurugram"
REC007231,CASE0182,UPI,2023-11-21 05:00:00,pooja.b53@paytm,traders244@ybl,TXN110821,15000,N/A
REC007232,CASE0182,UPI,2023-11-21 06:00:00,pooja.b53@paytm,nikhil.j55@icb,TXN729283,22000,N/A
REC007233,CASE0182,UPI,2023-11-21 14:00:00,pooja.b53@paytm,pooja.b46@icb,TXN619587,22000,N/A
REC007234,CASE0182,CDR,2023-11-21 22:00:00,+919830208270,+919881383219,356938077233504,248,"Whitefield, Bengaluru"
REC007235,CASE0182,UPI,2023-11-22 07:00:00,pooja.b53@paytm,traders244@ybl,TXN540606,48000,N/A
REC007236,CASE0182,CDR,2023-11-22 12:00:00,+919830208270,+919881298516,356938077233504,83,"Salt Lake, Kolkata"
REC007237,CASE0182,CDR,2023-11-22 12:00:00,+919830208270,+919808996508,356938077233504,439,"Andheri East, Mumbai"
REC007238,CASE0182,CDR,2023-11-22 15:00:00,+919830208270,+919881298516,356938077233504,109,"Cyber City, Gurugram"
REC007239,CASE0182,CDR,2023-11-22 18:00:00,+919830208270,+919857577441,356938077233504,319,"Sector 15, Gurugram"
REC007240,CASE0182,CDR,2023-11-23 03:00:00,+919830208270,+919808996508,356938077233504,405,"Anna Nagar, Chennai"
REC007241,CASE0182,CDR,2023-11-23 06:00:00,+919830208270,+919808996508,356938077233504,218,"Salt Lake, Kolkata"
REC007242,CASE0182,UPI,2023-11-23 16:00:00,pooja.b53@paytm,pooja.b46@icb,TXN639595,7500,N/A
REC007243,CASE0182,UPI,2023-11-23 21:00:00,pooja.b53@paytm,traders244@ybl,TXN375433,500,N/A
REC007244,CASE0182,CDR,2023-11-24 13:00:00,+919830208270,+919881298516,356938077233504,260,"Salt Lake, Kolkata"
REC007245,CASE0182,CDR,2023-11-24 14:00:00,+919830208270,+919875268089,356938077233504,386,"Whitefield, Bengaluru"
REC007246,CASE0182,CDR,2023-11-24 18:00:00,+919830208270,+919881298516,356938077233504,369,"Connaught Place, Delhi"
REC007247,CASE0182,CDR,2023-11-24 20:00:00,+919830208270,+919881298516,356938077233504,150,"Connaught Place, Delhi"
REC007248,CASE0182,UPI,2023-11-24 21:00:00,pooja.b53@paytm,traders244@ybl,TXN410310,22000,N/A
REC007249,CASE0182,CDR,2023-11-25 20:00:00,+919830208270,+919881298516,356938077233504,53,"Connaught Place, Delhi"
REC007250,CASE0182,UPI,2023-11-25 21:00:00,pooja.b53@paytm,ravi.k76@paytm,TXN196513,3000,N/A
REC007251,CASE0182,CDR,2023-11-26 00:00:00,+919830208270,+919864169627,356938077233504,176,"Salt Lake, Kolkata"
REC007252,CASE0182,CDR,2023-11-26 07:00:00,+919830208270,+919857577441,356938077233504,269,"Salt Lake, Kolkata"
REC007253,CASE0182,UPI,2023-11-26 11:00:00,pooja.b53@paytm,pooja.b46@icb,TXN961160,48000,N/A
REC007254,CASE0182,UPI,2023-11-26 12:00:00,pooja.b53@paytm,nikhil.j55@icb,TXN332531,3000,N/A
REC007255,CASE0182,CDR,2023-11-26 19:00:00,+919830208270,+919875268089,356938077233504,216,"Anna Nagar, Chennai"
REC007256,CASE0183,UPI,2024-01-21 04:00:00,amitpay98@paytm,citypay80@okhdfcbank,TXN252546,1200,N/A
REC007257,CASE0183,CDR,2024-01-21 12:00:00,+919864951595,+919807021499,356938035824997,26,"Connaught Place, Delhi"
REC007258,CASE0183,CDR,2024-01-21 15:00:00,+919864951595,+919877834888,356938035824997,436,"Salt Lake, Kolkata"
REC007259,CASE0183,UPI,2024-01-21 16:00:00,kavita.n73@icb,amitpay98@paytm,TXN899258,48000,N/A
REC007260,CASE0183,UPI,2024-01-22 09:00:00,kavita.n73@icb,amitpay98@paytm,TXN442904,22000,N/A
REC007261,CASE0183,UPI,2024-01-22 13:00:00,kavita.n73@icb,amitpay98@paytm,TXN526741,15000,N/A
REC007262,CASE0183,CDR,2024-01-22 14:00:00,+919864951595,+919877797509,356938035824997,393,"Sector 15, Gurugram"
REC007263,CASE0183,CDR,2024-01-22 14:00:00,+919864951595,+919807021499,356938035824997,464,"Sector 15, Gurugram"
REC007264,CASE0183,CDR,2024-01-23 03:00:00,+919864951595,+919873153776,356938035824997,62,"Sector 15, Gurugram"
REC007265,CASE0183,CDR,2024-01-23 19:00:00,+919864951595,+919813705967,356938035824997,399,"Cyber City, Gurugram"
REC007266,CASE0183,CDR,2024-01-24 01:00:00,+919864951595,+919881091138,356938035824997,463,"Sector 15, Gurugram"
REC007267,CASE0183,UPI,2024-01-24 03:00:00,amitpay98@paytm,kavita.n44@upi,TXN703149,15000,N/A
REC007268,CASE0183,CDR,2024-01-24 17:00:00,+919864951595,+919807021499,356938035824997,104,"Andheri East, Mumbai"
REC007269,CASE0183,CDR,2024-01-24 23:00:00,+919864951595,+919813705967,356938035824997,330,"Cyber City, Gurugram"
REC007270,CASE0183,CDR,2024-01-25 05:00:00,+919864951595,+919806707157,356938035824997,414,"Kothrud, Pune"
REC007271,CASE0183,UPI,2024-01-26 03:00:00,kavita.n73@icb,amitpay98@paytm,TXN118841,48000,N/A
REC007272,CASE0183,UPI,2024-01-26 19:00:00,amitpay98@paytm,deepa.v91@paytm,TXN903124,500,N/A
REC007273,CASE0183,UPI,2024-01-27 02:00:00,amitpay98@paytm,kavita.n13@paytm,TXN763402,3000,N/A
REC007274,CASE0183,CDR,2024-01-27 06:00:00,+919864951595,+919877834888,356938035824997,130,"Whitefield, Bengaluru"
REC007275,CASE0183,CDR,2024-01-27 11:00:00,+919864951595,+919873153776,356938035824997,422,"Vaishali Nagar, Jaipur"
REC007276,CASE0183,UPI,2024-01-29 06:00:00,amitpay98@paytm,citypay80@okhdfcbank,TXN494749,500,N/A
REC007277,CASE0183,UPI,2024-01-29 13:00:00,kavita.n73@icb,amitpay98@paytm,TXN771083,7500,N/A
REC007278,CASE0183,CDR,2024-01-30 00:00:00,+919864951595,+919807021499,356938035824997,86,"Vaishali Nagar, Jaipur"
REC007279,CASE0183,CDR,2024-01-30 01:00:00,+919864951595,+919881091138,356938035824997,493,"Andheri East, Mumbai"
REC007280,CASE0183,CDR,2024-01-30 06:00:00,+919864951595,+919881091138,356938035824997,105,"Vaishali Nagar, Jaipur"
REC007281,CASE0183,CDR,2024-01-30 19:00:00,+919864951595,+919877834888,356938035824997,153,"Vaishali Nagar, Jaipur"
REC007282,CASE0183,CDR,2024-01-30 22:00:00,+919864951595,+919877797509,356938035824997,450,"Whitefield, Bengaluru"
REC007283,CASE0184,CDR,2023-05-01 00:00:00,+919859685664,+919896169751,356938075488790,99,"Banjara Hills, Hyderabad"
REC007284,CASE0184,CDR,2023-05-01 06:00:00,+919859685664,+919802477381,356938075488790,216,"Anna Nagar, Chennai"
REC007285,CASE0184,CDR,2023-05-01 09:00:00,+919859685664,+919875832652,356938075488790,499,"Anna Nagar, Chennai"
REC007286,CASE0184,UPI,2023-05-01 10:00:00,meera.s36@upi,freshmart77@okhdfcbank,TXN198272,15000,N/A
REC007287,CASE0184,CDR,2023-05-01 11:00:00,+919859685664,+919827431974,356938075488790,92,"Andheri East, Mumbai"
REC007288,CASE0184,UPI,2023-05-01 16:00:00,meera.s36@upi,freshmart77@okhdfcbank,TXN122390,22000,N/A
REC007289,CASE0184,CDR,2023-05-01 21:00:00,+919859685664,+919856584271,356938075488790,500,"Cyber City, Gurugram"
REC007290,CASE0184,UPI,2023-05-01 22:00:00,freshmart77@okhdfcbank,rajesh.m91@paytm,TXN401262,48000,N/A
REC007291,CASE0184,CDR,2023-05-02 03:00:00,+919859685664,+919884796078,356938075488790,428,"Anna Nagar, Chennai"
REC007292,CASE0184,UPI,2023-05-02 06:00:00,meera.s36@upi,freshmart77@okhdfcbank,TXN999030,1200,N/A
REC007293,CASE0184,CDR,2023-05-02 08:00:00,+919859685664,+919875832652,356938075488790,130,"Sector 15, Gurugram"
REC007294,CASE0184,CDR,2023-05-02 11:00:00,+919859685664,+919856584271,356938075488790,92,"Banjara Hills, Hyderabad"
REC007295,CASE0184,UPI,2023-05-02 14:00:00,meera.s36@upi,freshmart77@okhdfcbank,TXN574098,22000,N/A
REC007296,CASE0184,CDR,2023-05-02 18:00:00,+919859685664,+919802477381,356938075488790,189,"Whitefield, Bengaluru"
REC007297,CASE0184,CDR,2023-05-02 21:00:00,+919859685664,+919856584271,356938075488790,459,"Kothrud, Pune"
REC007298,CASE0184,CDR,2023-05-02 22:00:00,+919859685664,+919802477381,356938075488790,466,"Sector 15, Gurugram"
REC007299,CASE0184,UPI,2023-05-03 01:00:00,meera.s36@upi,freshmart77@okhdfcbank,TXN541882,22000,N/A
REC007300,CASE0184,UPI,2023-05-03 03:00:00,freshmart77@okhdfcbank,rajesh.m91@paytm,TXN816577,3000,N/A
REC007301,CASE0184,UPI,2023-05-03 05:00:00,freshmart77@okhdfcbank,sanjay.p8@icb,TXN424086,48000,N/A
REC007302,CASE0184,CDR,2023-05-03 11:00:00,+919859685664,+919884796078,356938075488790,436,"Anna Nagar, Chennai"
REC007303,CASE0184,CDR,2023-05-03 13:00:00,+919859685664,+919896169751,356938075488790,183,"Connaught Place, Delhi"
REC007304,CASE0184,UPI,2023-05-03 17:00:00,meera.s36@upi,freshmart77@okhdfcbank,TXN544633,7500,N/A
REC007305,CASE0184,UPI,2023-05-04 06:00:00,freshmart77@okhdfcbank,citypay69@paytm,TXN140874,15000,N/A
REC007306,CASE0184,CDR,2023-05-04 07:00:00,+919859685664,+919802477381,356938075488790,447,"Salt Lake, Kolkata"
REC007307,CASE0184,CDR,2023-05-04 09:00:00,+919859685664,+919896169751,356938075488790,32,"Kothrud, Pune"
REC007308,CASE0184,CDR,2023-05-04 11:00:00,+919859685664,+919896169751,356938075488790,290,"Kothrud, Pune"
REC007309,CASE0184,CDR,2023-05-04 11:00:00,+919859685664,+919802477381,356938075488790,115,"Whitefield, Bengaluru"
REC007310,CASE0184,CDR,2023-05-04 14:00:00,+919859685664,+919896169751,356938075488790,466,"Sector 15, Gurugram"
REC007311,CASE0184,CDR,2023-05-04 14:00:00,+919859685664,+919802477381,356938075488790,315,"Whitefield, Bengaluru"
REC007312,CASE0184,UPI,2023-05-05 02:00:00,freshmart77@okhdfcbank,sanjay.p8@icb,TXN869016,1200,N/A
REC007313,CASE0184,CDR,2023-05-05 06:00:00,+919859685664,+919845145842,356938075488790,249,"Andheri East, Mumbai"
REC007314,CASE0184,UPI,2023-05-05 07:00:00,freshmart77@okhdfcbank,meera.s87@ybl,TXN241446,48000,N/A
REC007315,CASE0184,UPI,2023-05-05 20:00:00,freshmart77@okhdfcbank,meera.s87@ybl,TXN291358,15000,N/A
REC007316,CASE0184,CDR,2023-05-05 22:00:00,+919859685664,+919845145842,356938075488790,138,"Sector 15, Gurugram"
REC007317,CASE0184,CDR,2023-05-06 04:00:00,+919859685664,+919845145842,356938075488790,17,"Kothrud, Pune"
REC007318,CASE0184,CDR,2023-05-06 16:00:00,+919859685664,+919884796078,356938075488790,223,"Sector 15, Gurugram"
REC007319,CASE0184,UPI,2023-05-07 00:00:00,freshmart77@okhdfcbank,citypay69@paytm,TXN288435,1200,N/A
REC007320,CASE0184,UPI,2023-05-07 03:00:00,freshmart77@okhdfcbank,rajesh.m91@paytm,TXN982483,1200,N/A
REC007321,CASE0184,UPI,2023-05-07 16:00:00,freshmart77@okhdfcbank,meera.s87@ybl,TXN132771,1200,N/A
REC007322,CASE0184,CDR,2023-05-08 02:00:00,+919859685664,+919845145842,356938075488790,181,"Anna Nagar, Chennai"
REC007323,CASE0184,CDR,2023-05-08 05:00:00,+919859685664,+919856584271,356938075488790,374,"Kothrud, Pune"
REC007324,CASE0184,CDR,2023-05-08 09:00:00,+919859685664,+919827431974,356938075488790,118,"Anna Nagar, Chennai"
REC007325,CASE0184,CDR,2023-05-08 11:00:00,+919859685664,+919896169751,356938075488790,181,"Andheri East, Mumbai"
REC007326,CASE0184,CDR,2023-05-08 18:00:00,+919859685664,+919884796078,356938075488790,133,"Andheri East, Mumbai"
REC007327,CASE0184,CDR,2023-05-09 08:00:00,+919859685664,+919884796078,356938075488790,282,"Kothrud, Pune"
REC007328,CASE0184,CDR,2023-05-09 08:00:00,+919859685664,+919884796078,356938075488790,367,"Cyber City, Gurugram"
REC007329,CASE0184,CDR,2023-05-09 15:00:00,+919859685664,+919896169751,356938075488790,245,"Salt Lake, Kolkata"
REC007330,CASE0184,CDR,2023-05-09 16:00:00,+919859685664,+919875832652,356938075488790,216,"Cyber City, Gurugram"
REC007331,CASE0184,CDR,2023-05-09 18:00:00,+919859685664,+919896169751,356938075488790,338,"Salt Lake, Kolkata"
REC007332,CASE0184,UPI,2023-05-09 21:00:00,freshmart77@okhdfcbank,citypay69@paytm,TXN489041,500,N/A
REC007333,CASE0184,UPI,2023-05-10 01:00:00,meera.s36@upi,freshmart77@okhdfcbank,TXN730078,3000,N/A
REC007334,CASE0184,CDR,2023-05-10 02:00:00,+919859685664,+919896169751,356938075488790,478,"Salt Lake, Kolkata"
REC007335,CASE0184,UPI,2023-05-10 04:00:00,freshmart77@okhdfcbank,sanjay.p8@icb,TXN989217,15000,N/A
REC007336,CASE0184,CDR,2023-05-10 07:00:00,+919859685664,+919802477381,356938075488790,402,"Cyber City, Gurugram"
REC007337,CASE0184,UPI,2023-05-10 14:00:00,freshmart77@okhdfcbank,citypay69@paytm,TXN798422,500,N/A
REC007338,CASE0184,UPI,2023-05-10 19:00:00,meera.s36@upi,freshmart77@okhdfcbank,TXN383912,500,N/A
REC007339,CASE0184,UPI,2023-05-10 22:00:00,freshmart77@okhdfcbank,citypay69@paytm,TXN713845,22000,N/A
REC007340,CASE0185,CDR,2024-09-07 00:00:00,+919800184307,+919875515367,356938060499038,492,"Sector 15, Gurugram"
REC007341,CASE0185,CDR,2024-09-07 02:00:00,+919800184307,+919858486760,356938060499038,367,"Salt Lake, Kolkata"
REC007342,CASE0185,CDR,2024-09-07 04:00:00,+919800184307,+919839661016,356938060499038,70,"Sector 15, Gurugram"
REC007343,CASE0185,UPI,2024-09-07 08:00:00,pooja.b75@paytm,traders248@paytm,TXN782343,7500,N/A
REC007344,CASE0185,CDR,2024-09-07 11:00:00,+919800184307,+919815478504,356938060499038,398,"Cyber City, Gurugram"
REC007345,CASE0185,CDR,2024-09-07 13:00:00,+919800184307,+919839661016,356938060499038,322,"Connaught Place, Delhi"
REC007346,CASE0185,UPI,2024-09-07 15:00:00,ravi.k4@paytm,pooja.b75@paytm,TXN276348,3000,N/A
REC007347,CASE0185,UPI,2024-09-08 05:00:00,ravi.k4@paytm,pooja.b75@paytm,TXN264281,22000,N/A
REC007348,CASE0185,UPI,2024-09-08 07:00:00,pooja.b75@paytm,ravi.k16@ybl,TXN916405,1200,N/A
REC007349,CASE0185,UPI,2024-09-08 12:00:00,pooja.b75@paytm,meera.s67@upi,TXN845300,7500,N/A
REC007350,CASE0185,UPI,2024-09-08 23:00:00,pooja.b75@paytm,meera.s67@upi,TXN327622,22000,N/A
REC007351,CASE0185,CDR,2024-09-09 04:00:00,+919800184307,+919852793006,356938060499038,485,"Sector 15, Gurugram"
REC007352,CASE0185,UPI,2024-09-09 08:00:00,ravi.k4@paytm,pooja.b75@paytm,TXN890540,15000,N/A
REC007353,CASE0185,CDR,2024-09-09 09:00:00,+919800184307,+919839661016,356938060499038,492,"Kothrud, Pune"
REC007354,CASE0185,CDR,2024-09-09 10:00:00,+919800184307,+919839661016,356938060499038,230,"Whitefield, Bengaluru"
REC007355,CASE0185,CDR,2024-09-09 12:00:00,+919800184307,+919865240421,356938060499038,52,"Anna Nagar, Chennai"
REC007356,CASE0185,UPI,2024-09-09 12:00:00,ravi.k4@paytm,pooja.b75@paytm,TXN516200,1200,N/A
REC007357,CASE0185,CDR,2024-09-09 14:00:00,+919800184307,+919896297252,356938060499038,295,"Whitefield, Bengaluru"
REC007358,CASE0185,UPI,2024-09-09 19:00:00,pooja.b75@paytm,traders248@paytm,TXN747505,15000,N/A
REC007359,CASE0185,UPI,2024-09-09 20:00:00,ravi.k4@paytm,pooja.b75@paytm,TXN339396,1200,N/A
REC007360,CASE0185,UPI,2024-09-09 21:00:00,pooja.b75@paytm,ravi.k16@ybl,TXN732574,500,N/A
REC007361,CASE0185,CDR,2024-09-10 04:00:00,+919800184307,+919815478504,356938060499038,71,"Salt Lake, Kolkata"
REC007362,CASE0185,CDR,2024-09-10 09:00:00,+919800184307,+919858486760,356938060499038,75,"Sector 15, Gurugram"
REC007363,CASE0185,CDR,2024-09-10 12:00:00,+919800184307,+919815478504,356938060499038,112,"Anna Nagar, Chennai"
REC007364,CASE0185,UPI,2024-09-10 14:00:00,ravi.k4@paytm,pooja.b75@paytm,TXN887257,500,N/A
REC007365,CASE0185,CDR,2024-09-11 00:00:00,+919800184307,+919815478504,356938060499038,368,"Kothrud, Pune"
REC007366,CASE0185,CDR,2024-09-11 01:00:00,+919800184307,+919852793006,356938060499038,355,"Banjara Hills, Hyderabad"
REC007367,CASE0185,UPI,2024-09-11 10:00:00,pooja.b75@paytm,ravi.k16@ybl,TXN495940,15000,N/A
REC007368,CASE0185,CDR,2024-09-11 14:00:00,+919800184307,+919865240421,356938060499038,440,"Salt Lake, Kolkata"
REC007369,CASE0185,UPI,2024-09-11 16:00:00,pooja.b75@paytm,meera.s67@upi,TXN677311,48000,N/A
REC007370,CASE0185,CDR,2024-09-11 19:00:00,+919800184307,+919858486760,356938060499038,303,"Vaishali Nagar, Jaipur"
REC007371,CASE0185,CDR,2024-09-11 21:00:00,+919800184307,+919865240421,356938060499038,339,"Sector 15, Gurugram"
REC007372,CASE0185,UPI,2024-09-12 03:00:00,pooja.b75@paytm,ravi.k16@ybl,TXN756413,48000,N/A
REC007373,CASE0185,CDR,2024-09-12 17:00:00,+919800184307,+919858486760,356938060499038,483,"Salt Lake, Kolkata"
REC007374,CASE0185,CDR,2024-09-12 18:00:00,+919800184307,+919858486760,356938060499038,75,"Banjara Hills, Hyderabad"
REC007375,CASE0185,UPI,2024-09-12 23:00:00,pooja.b75@paytm,meera.s67@upi,TXN766312,22000,N/A
REC007376,CASE0185,CDR,2024-09-13 01:00:00,+919800184307,+919896297252,356938060499038,469,"Whitefield, Bengaluru"
REC007377,CASE0185,CDR,2024-09-13 05:00:00,+919800184307,+919896297252,356938060499038,90,"Kothrud, Pune"
REC007378,CASE0185,CDR,2024-09-13 05:00:00,+919800184307,+919815478504,356938060499038,436,"Kothrud, Pune"
REC007379,CASE0185,UPI,2024-09-13 09:00:00,ravi.k4@paytm,pooja.b75@paytm,TXN791201,1200,N/A
REC007380,CASE0185,UPI,2024-09-13 11:00:00,pooja.b75@paytm,ravi.k55@ybl,TXN992066,1200,N/A
REC007381,CASE0185,UPI,2024-09-13 23:00:00,pooja.b75@paytm,meera.s67@upi,TXN242466,7500,N/A
REC007382,CASE0185,UPI,2024-09-13 23:00:00,pooja.b75@paytm,ravi.k55@ybl,TXN129929,500,N/A
REC007383,CASE0185,UPI,2024-09-14 03:00:00,ravi.k4@paytm,pooja.b75@paytm,TXN959321,22000,N/A
REC007384,CASE0185,CDR,2024-09-14 08:00:00,+919800184307,+919865240421,356938060499038,317,"Connaught Place, Delhi"
REC007385,CASE0185,CDR,2024-09-14 08:00:00,+919800184307,+919852793006,356938060499038,35,"Whitefield, Bengaluru"
REC007386,CASE0185,CDR,2024-09-14 10:00:00,+919800184307,+919858486760,356938060499038,422,"Andheri East, Mumbai"
REC007387,CASE0185,UPI,2024-09-14 12:00:00,pooja.b75@paytm,traders248@paytm,TXN443054,7500,N/A
REC007388,CASE0185,CDR,2024-09-14 13:00:00,+919800184307,+919839661016,356938060499038,28,"Anna Nagar, Chennai"
REC007389,CASE0185,CDR,2024-09-14 15:00:00,+919800184307,+919858486760,356938060499038,128,"Banjara Hills, Hyderabad"
REC007390,CASE0185,CDR,2024-09-14 16:00:00,+919800184307,+919865240421,356938060499038,228,"Cyber City, Gurugram"
REC007391,CASE0185,UPI,2024-09-15 04:00:00,ravi.k4@paytm,pooja.b75@paytm,TXN935761,7500,N/A
REC007392,CASE0185,UPI,2024-09-15 09:00:00,pooja.b75@paytm,meera.s67@upi,TXN135133,1200,N/A
REC007393,CASE0185,CDR,2024-09-15 15:00:00,+919800184307,+919858486760,356938060499038,74,"Salt Lake, Kolkata"
REC007394,CASE0185,CDR,2024-09-15 17:00:00,+919800184307,+919896297252,356938060499038,317,"Salt Lake, Kolkata"
REC007395,CASE0185,CDR,2024-09-16 10:00:00,+919800184307,+919858486760,356938060499038,314,"Vaishali Nagar, Jaipur"
REC007396,CASE0185,UPI,2024-09-16 13:00:00,pooja.b75@paytm,ravi.k16@ybl,TXN279932,3000,N/A
REC007397,CASE0185,CDR,2024-09-16 17:00:00,+919800184307,+919839661016,356938060499038,143,"Connaught Place, Delhi"
REC007398,CASE0185,UPI,2024-09-16 22:00:00,ravi.k4@paytm,pooja.b75@paytm,TXN428997,7500,N/A
REC007399,CASE0186,CDR,2024-11-02 08:00:00,+919815475174,+919817027453,356938040135356,55,"Vaishali Nagar, Jaipur"
REC007400,CASE0186,UPI,2024-11-02 11:00:00,meera.s24@icb,vikram.t81@ybl,TXN744677,15000,N/A
REC007401,CASE0186,UPI,2024-11-02 11:00:00,vikram.t2@upi,meera.s24@icb,TXN774242,500,N/A
REC007402,CASE0186,UPI,2024-11-02 12:00:00,vikram.t2@upi,meera.s24@icb,TXN159570,48000,N/A
REC007403,CASE0186,UPI,2024-11-02 13:00:00,meera.s24@icb,vikram.t81@ybl,TXN601539,1200,N/A
REC007404,CASE0186,CDR,2024-11-02 16:00:00,+919815475174,+919808316454,356938040135356,108,"Kothrud, Pune"
REC007405,CASE0186,CDR,2024-11-02 21:00:00,+919815475174,+919851081483,356938040135356,28,"Andheri East, Mumbai"
REC007406,CASE0186,UPI,2024-11-03 01:00:00,meera.s24@icb,freshmart92@okhdfcbank,TXN123997,7500,N/A
REC007407,CASE0186,UPI,2024-11-03 04:00:00,vikram.t2@upi,meera.s24@icb,TXN973899,15000,N/A
REC007408,CASE0186,CDR,2024-11-03 08:00:00,+919815475174,+919808316454,356938040135356,405,"Banjara Hills, Hyderabad"
REC007409,CASE0186,UPI,2024-11-03 12:00:00,vikram.t2@upi,meera.s24@icb,TXN475615,1200,N/A
REC007410,CASE0186,UPI,2024-11-03 13:00:00,meera.s24@icb,freshmart92@okhdfcbank,TXN206023,1200,N/A
REC007411,CASE0186,CDR,2024-11-04 06:00:00,+919815475174,+919823426667,356938040135356,352,"Whitefield, Bengaluru"
REC007412,CASE0186,CDR,2024-11-04 06:00:00,+919815475174,+919823426667,356938040135356,338,"Salt Lake, Kolkata"
REC007413,CASE0186,CDR,2024-11-04 06:00:00,+919815475174,+919851081483,356938040135356,234,"Anna Nagar, Chennai"
REC007414,CASE0186,CDR,2024-11-04 07:00:00,+919815475174,+919847264147,356938040135356,198,"Whitefield, Bengaluru"
REC007415,CASE0186,CDR,2024-11-05 06:00:00,+919815475174,+919817027453,356938040135356,244,"Anna Nagar, Chennai"
REC007416,CASE0186,CDR,2024-11-05 12:00:00,+919815475174,+919847264147,356938040135356,380,"Anna Nagar, Chennai"
REC007417,CASE0186,CDR,2024-11-05 15:00:00,+919815475174,+919851081483,356938040135356,365,"Anna Nagar, Chennai"
REC007418,CASE0186,CDR,2024-11-05 22:00:00,+919815475174,+919832488133,356938040135356,75,"Cyber City, Gurugram"
REC007419,CASE0186,UPI,2024-11-06 00:00:00,meera.s24@icb,vikram.t81@ybl,TXN463215,15000,N/A
REC007420,CASE0186,CDR,2024-11-06 08:00:00,+919815475174,+919832488133,356938040135356,226,"Kothrud, Pune"
REC007421,CASE0186,CDR,2024-11-06 11:00:00,+919815475174,+919872313229,356938040135356,348,"Connaught Place, Delhi"
REC007422,CASE0186,UPI,2024-11-06 12:00:00,vikram.t2@upi,meera.s24@icb,TXN861827,1200,N/A
REC007423,CASE0186,CDR,2024-11-06 13:00:00,+919815475174,+919851081483,356938040135356,496,"Connaught Place, Delhi"
REC007424,CASE0186,CDR,2024-11-06 20:00:00,+919815475174,+919817027453,356938040135356,385,"Sector 15, Gurugram"
REC007425,CASE0186,CDR,2024-11-06 20:00:00,+919815475174,+919872313229,356938040135356,414,"Connaught Place, Delhi"
REC007426,CASE0186,UPI,2024-11-06 21:00:00,meera.s24@icb,ravi.k27@okhdfcbank,TXN272024,7500,N/A
REC007427,CASE0186,CDR,2024-11-07 01:00:00,+919815475174,+919832488133,356938040135356,42,"Cyber City, Gurugram"
REC007428,CASE0186,CDR,2024-11-07 02:00:00,+919815475174,+919847264147,356938040135356,95,"Salt Lake, Kolkata"
REC007429,CASE0186,CDR,2024-11-07 03:00:00,+919815475174,+919832488133,356938040135356,260,"Kothrud, Pune"
REC007430,CASE0186,CDR,2024-11-07 04:00:00,+919815475174,+919847264147,356938040135356,463,"Connaught Place, Delhi"
REC007431,CASE0186,CDR,2024-11-07 04:00:00,+919815475174,+919851081483,356938040135356,70,"Sector 15, Gurugram"
REC007432,CASE0186,CDR,2024-11-07 13:00:00,+919815475174,+919817027453,356938040135356,409,"Banjara Hills, Hyderabad"
REC007433,CASE0186,UPI,2024-11-08 06:00:00,meera.s24@icb,vikram.t81@ybl,TXN727661,48000,N/A
REC007434,CASE0186,UPI,2024-11-08 07:00:00,meera.s24@icb,ravi.k27@okhdfcbank,TXN312841,7500,N/A
REC007435,CASE0186,UPI,2024-11-08 09:00:00,meera.s24@icb,vikram.t81@ybl,TXN511603,22000,N/A
REC007436,CASE0186,UPI,2024-11-08 11:00:00,vikram.t2@upi,meera.s24@icb,TXN501002,7500,N/A
REC007437,CASE0186,CDR,2024-11-08 16:00:00,+919815475174,+919817027453,356938040135356,311,"Cyber City, Gurugram"
REC007438,CASE0186,CDR,2024-11-08 19:00:00,+919815475174,+919817027453,356938040135356,102,"Vaishali Nagar, Jaipur"
REC007439,CASE0186,CDR,2024-11-08 20:00:00,+919815475174,+919851081483,356938040135356,497,"Cyber City, Gurugram"
REC007440,CASE0186,CDR,2024-11-09 02:00:00,+919815475174,+919823426667,356938040135356,296,"Banjara Hills, Hyderabad"
REC007441,CASE0186,CDR,2024-11-09 11:00:00,+919815475174,+919817027453,356938040135356,176,"Kothrud, Pune"
REC007442,CASE0186,CDR,2024-11-09 13:00:00,+919815475174,+919851081483,356938040135356,463,"Sector 15, Gurugram"
REC007443,CASE0186,CDR,2024-11-09 15:00:00,+919815475174,+919872313229,356938040135356,342,"Banjara Hills, Hyderabad"
REC007444,CASE0186,UPI,2024-11-09 15:00:00,meera.s24@icb,vikram.t81@ybl,TXN841719,22000,N/A
REC007445,CASE0186,CDR,2024-11-09 17:00:00,+919815475174,+919823426667,356938040135356,382,"Anna Nagar, Chennai"
REC007446,CASE0186,CDR,2024-11-10 14:00:00,+919815475174,+919823426667,356938040135356,258,"Anna Nagar, Chennai"
REC007447,CASE0186,CDR,2024-11-10 16:00:00,+919815475174,+919808316454,356938040135356,217,"Cyber City, Gurugram"
REC007448,CASE0186,UPI,2024-11-10 20:00:00,meera.s24@icb,vikram.t81@ybl,TXN926085,7500,N/A
REC007449,CASE0186,UPI,2024-11-10 21:00:00,vikram.t2@upi,meera.s24@icb,TXN937235,15000,N/A
REC007450,CASE0186,CDR,2024-11-11 00:00:00,+919815475174,+919832488133,356938040135356,141,"Andheri East, Mumbai"
REC007451,CASE0186,CDR,2024-11-11 02:00:00,+919815475174,+919847264147,356938040135356,385,"Cyber City, Gurugram"
REC007452,CASE0186,UPI,2024-11-11 11:00:00,meera.s24@icb,freshmart92@okhdfcbank,TXN286632,7500,N/A
REC007453,CASE0186,CDR,2024-11-11 17:00:00,+919815475174,+919808316454,356938040135356,402,"Sector 15, Gurugram"
REC007454,CASE0186,UPI,2024-11-12 00:00:00,meera.s24@icb,vikram.t81@ybl,TXN465889,1200,N/A
REC007455,CASE0187,UPI,2024-08-11 15:00:00,anita.r80@paytm,citypay96@paytm,TXN686259,500,N/A
REC007456,CASE0187,CDR,2024-08-13 08:00:00,+919834780801,+919868105030,356938034178566,361,"Vaishali Nagar, Jaipur"
REC007457,CASE0187,UPI,2024-08-13 08:00:00,citypay96@paytm,pooja.b86@icb,TXN698641,500,N/A
REC007458,CASE0187,CDR,2024-08-14 02:00:00,+919834780801,+919864656897,356938034178566,440,"Cyber City, Gurugram"
REC007459,CASE0187,CDR,2024-08-14 08:00:00,+919834780801,+919828984964,356938034178566,207,"Connaught Place, Delhi"
REC007460,CASE0187,UPI,2024-08-14 10:00:00,citypay96@paytm,nikhil.j34@upi,TXN859419,22000,N/A
REC007461,CASE0187,CDR,2024-08-14 18:00:00,+919834780801,+919864656897,356938034178566,330,"Vaishali Nagar, Jaipur"
REC007462,CASE0187,CDR,2024-08-14 18:00:00,+919834780801,+919881733790,356938034178566,380,"Banjara Hills, Hyderabad"
REC007463,CASE0187,UPI,2024-08-16 11:00:00,citypay96@paytm,pooja.b86@icb,TXN570572,1200,N/A
REC007464,CASE0187,CDR,2024-08-16 14:00:00,+919834780801,+919881733790,356938034178566,427,"Vaishali Nagar, Jaipur"
REC007465,CASE0187,UPI,2024-08-16 17:00:00,anita.r80@paytm,citypay96@paytm,TXN799627,3000,N/A
REC007466,CASE0187,CDR,2024-08-16 22:00:00,+919834780801,+919828984964,356938034178566,206,"Salt Lake, Kolkata"
REC007467,CASE0187,CDR,2024-08-17 16:00:00,+919834780801,+919868105030,356938034178566,271,"Vaishali Nagar, Jaipur"
REC007468,CASE0187,CDR,2024-08-17 18:00:00,+919834780801,+919893959375,356938034178566,52,"Cyber City, Gurugram"
REC007469,CASE0187,UPI,2024-08-18 05:00:00,citypay96@paytm,citypay48@icb,TXN837198,15000,N/A
REC007470,CASE0187,CDR,2024-08-19 04:00:00,+919834780801,+919893959375,356938034178566,188,"Kothrud, Pune"
REC007471,CASE0187,CDR,2024-08-19 06:00:00,+919834780801,+919893959375,356938034178566,40,"Sector 15, Gurugram"
REC007472,CASE0187,CDR,2024-08-19 11:00:00,+919834780801,+919838826003,356938034178566,82,"Kothrud, Pune"
REC007473,CASE0187,UPI,2024-08-20 02:00:00,citypay96@paytm,quickcash18@okhdfcbank,TXN121297,1200,N/A
REC007474,CASE0187,UPI,2024-08-20 12:00:00,anita.r80@paytm,citypay96@paytm,TXN304287,3000,N/A
REC007475,CASE0187,CDR,2024-08-20 17:00:00,+919834780801,+919864656897,356938034178566,391,"Banjara Hills, Hyderabad"
REC007476,CASE0188,CDR,2023-10-18 05:00:00,+919863533881,+919882836889,356938006457126,360,"Banjara Hills, Hyderabad"
REC007477,CASE0188,CDR,2023-10-18 09:00:00,+919863533881,+919817873363,356938006457126,454,"Kothrud, Pune"
REC007478,CASE0188,UPI,2023-10-18 09:00:00,anita.r78@okhdfcbank,sanjay.p96@okhdfcbank,TXN511250,7500,N/A
REC007479,CASE0188,UPI,2023-10-19 01:00:00,quickcash78@paytm,anita.r78@okhdfcbank,TXN171554,1200,N/A
REC007480,CASE0188,CDR,2023-10-19 07:00:00,+919863533881,+919807976323,356938006457126,223,"Anna Nagar, Chennai"
REC007481,CASE0188,UPI,2023-10-19 08:00:00,quickcash78@paytm,anita.r78@okhdfcbank,TXN129846,48000,N/A
REC007482,CASE0188,CDR,2023-10-19 13:00:00,+919863533881,+919802693782,356938006457126,239,"Anna Nagar, Chennai"
REC007483,CASE0188,CDR,2023-10-19 14:00:00,+919863533881,+919817873363,356938006457126,162,"Sector 15, Gurugram"
REC007484,CASE0188,CDR,2023-10-19 19:00:00,+919863533881,+919817873363,356938006457126,85,"Vaishali Nagar, Jaipur"
REC007485,CASE0188,UPI,2023-10-19 19:00:00,anita.r78@okhdfcbank,sanjay.p96@okhdfcbank,TXN616794,48000,N/A
REC007486,CASE0188,CDR,2023-10-20 03:00:00,+919863533881,+919882836889,356938006457126,253,"Salt Lake, Kolkata"
REC007487,CASE0188,UPI,2023-10-20 13:00:00,quickcash78@paytm,anita.r78@okhdfcbank,TXN514889,1200,N/A
REC007488,CASE0188,CDR,2023-10-20 20:00:00,+919863533881,+919882836889,356938006457126,108,"Connaught Place, Delhi"
REC007489,CASE0188,UPI,2023-10-20 20:00:00,anita.r78@okhdfcbank,nikhil.j93@icb,TXN506270,48000,N/A
REC007490,CASE0188,CDR,2023-10-20 22:00:00,+919863533881,+919841978125,356938006457126,176,"Kothrud, Pune"
REC007491,CASE0188,CDR,2023-10-21 00:00:00,+919863533881,+919882836889,356938006457126,213,"Anna Nagar, Chennai"
REC007492,CASE0188,UPI,2023-10-21 04:00:00,anita.r78@okhdfcbank,sanjay.p96@okhdfcbank,TXN238254,7500,N/A
REC007493,CASE0188,UPI,2023-10-21 05:00:00,quickcash78@paytm,anita.r78@okhdfcbank,TXN686881,48000,N/A
REC007494,CASE0188,UPI,2023-10-21 12:00:00,anita.r78@okhdfcbank,anita.r56@paytm,TXN838690,3000,N/A
REC007495,CASE0188,UPI,2023-10-22 03:00:00,anita.r78@okhdfcbank,kavita.n26@okhdfcbank,TXN835250,48000,N/A
REC007496,CASE0188,UPI,2023-10-22 12:00:00,quickcash78@paytm,anita.r78@okhdfcbank,TXN364671,3000,N/A
REC007497,CASE0188,UPI,2023-10-23 15:00:00,anita.r78@okhdfcbank,anita.r56@paytm,TXN922261,22000,N/A
REC007498,CASE0188,UPI,2023-10-23 17:00:00,quickcash78@paytm,anita.r78@okhdfcbank,TXN908481,15000,N/A
REC007499,CASE0188,CDR,2023-10-24 07:00:00,+919863533881,+919834696894,356938006457126,456,"Cyber City, Gurugram"
REC007500,CASE0188,UPI,2023-10-24 07:00:00,anita.r78@okhdfcbank,kavita.n26@okhdfcbank,TXN511858,15000,N/A
REC007501,CASE0188,CDR,2023-10-24 13:00:00,+919863533881,+919841978125,356938006457126,250,"Connaught Place, Delhi"
REC007502,CASE0188,CDR,2023-10-24 13:00:00,+919863533881,+919841978125,356938006457126,370,"Banjara Hills, Hyderabad"
REC007503,CASE0188,CDR,2023-10-24 14:00:00,+919863533881,+919817873363,356938006457126,100,"Anna Nagar, Chennai"
REC007504,CASE0188,UPI,2023-10-25 05:00:00,anita.r78@okhdfcbank,sanjay.p96@okhdfcbank,TXN299786,3000,N/A
REC007505,CASE0188,CDR,2023-10-25 09:00:00,+919863533881,+919890531390,356938006457126,102,"Whitefield, Bengaluru"
REC007506,CASE0188,CDR,2023-10-25 11:00:00,+919863533881,+919817873363,356938006457126,77,"Vaishali Nagar, Jaipur"
REC007507,CASE0188,CDR,2023-10-25 21:00:00,+919863533881,+919807976323,356938006457126,275,"Cyber City, Gurugram"
REC007508,CASE0188,CDR,2023-10-26 00:00:00,+919863533881,+919882836889,356938006457126,129,"Banjara Hills, Hyderabad"
REC007509,CASE0188,CDR,2023-10-26 19:00:00,+919863533881,+919834696894,356938006457126,415,"Banjara Hills, Hyderabad"
REC007510,CASE0188,CDR,2023-10-27 17:00:00,+919863533881,+919882836889,356938006457126,62,"Banjara Hills, Hyderabad"
REC007511,CASE0188,UPI,2023-10-27 18:00:00,quickcash78@paytm,anita.r78@okhdfcbank,TXN981290,48000,N/A
REC007512,CASE0188,CDR,2023-10-27 19:00:00,+919863533881,+919834696894,356938006457126,381,"Connaught Place, Delhi"
REC007513,CASE0188,CDR,2023-10-27 22:00:00,+919863533881,+919882836889,356938006457126,409,"Sector 15, Gurugram"
REC007514,CASE0189,CDR,2024-08-12 03:00:00,+919834759472,+919837192390,356938053130788,308,"Anna Nagar, Chennai"
REC007515,CASE0189,CDR,2024-08-12 11:00:00,+919834759472,+919841998428,356938053130788,487,"Banjara Hills, Hyderabad"
REC007516,CASE0189,CDR,2024-08-12 14:00:00,+919834759472,+919893924126,356938053130788,300,"Salt Lake, Kolkata"
REC007517,CASE0189,CDR,2024-08-12 14:00:00,+919834759472,+919893924126,356938053130788,86,"Connaught Place, Delhi"
REC007518,CASE0189,UPI,2024-08-12 14:00:00,rajesh.m15@paytm,citypay81@paytm,TXN591825,15000,N/A
REC007519,CASE0189,CDR,2024-08-12 22:00:00,+919834759472,+919834936507,356938053130788,294,"Sector 15, Gurugram"
REC007520,CASE0189,CDR,2024-08-13 06:00:00,+919834759472,+919830075509,356938053130788,194,"Cyber City, Gurugram"
REC007521,CASE0189,CDR,2024-08-13 21:00:00,+919834759472,+919857633610,356938053130788,361,"Cyber City, Gurugram"
REC007522,CASE0189,CDR,2024-08-15 03:00:00,+919834759472,+919830075509,356938053130788,198,"Salt Lake, Kolkata"
REC007523,CASE0189,UPI,2024-08-15 07:00:00,rajesh.m15@paytm,freshmart23@icb,TXN399482,7500,N/A
REC007524,CASE0189,UPI,2024-08-15 13:00:00,rajesh.m15@paytm,nikhil.j12@okhdfcbank,TXN637072,500,N/A
REC007525,CASE0189,UPI,2024-08-15 16:00:00,rajesh.m15@paytm,nikhil.j12@okhdfcbank,TXN984333,7500,N/A
REC007526,CASE0189,CDR,2024-08-15 20:00:00,+919834759472,+919893924126,356938053130788,245,"Banjara Hills, Hyderabad"
REC007527,CASE0189,UPI,2024-08-15 20:00:00,rajesh.m15@paytm,nikhil.j12@okhdfcbank,TXN797412,22000,N/A
REC007528,CASE0189,UPI,2024-08-15 21:00:00,ravi.k39@ybl,rajesh.m15@paytm,TXN580614,1200,N/A
REC007529,CASE0189,CDR,2024-08-16 09:00:00,+919834759472,+919857633610,356938053130788,127,"Banjara Hills, Hyderabad"
REC007530,CASE0189,CDR,2024-08-16 13:00:00,+919834759472,+919834936507,356938053130788,32,"Salt Lake, Kolkata"
REC007531,CASE0189,UPI,2024-08-16 14:00:00,ravi.k39@ybl,rajesh.m15@paytm,TXN762838,15000,N/A
REC007532,CASE0189,UPI,2024-08-16 17:00:00,rajesh.m15@paytm,nikhil.j12@okhdfcbank,TXN967273,7500,N/A
REC007533,CASE0189,CDR,2024-08-16 18:00:00,+919834759472,+919841998428,356938053130788,92,"Banjara Hills, Hyderabad"
REC007534,CASE0189,UPI,2024-08-17 01:00:00,rajesh.m15@paytm,freshmart23@icb,TXN817008,22000,N/A
REC007535,CASE0189,CDR,2024-08-17 09:00:00,+919834759472,+919837192390,356938053130788,388,"Salt Lake, Kolkata"
REC007536,CASE0189,UPI,2024-08-17 14:00:00,rajesh.m15@paytm,nikhil.j12@okhdfcbank,TXN813397,500,N/A
REC007537,CASE0189,CDR,2024-08-17 15:00:00,+919834759472,+919837192390,356938053130788,189,"Whitefield, Bengaluru"
REC007538,CASE0189,UPI,2024-08-18 06:00:00,rajesh.m15@paytm,traders2490@ybl,TXN555972,7500,N/A
REC007539,CASE0189,UPI,2024-08-18 08:00:00,rajesh.m15@paytm,citypay81@paytm,TXN825867,3000,N/A
REC007540,CASE0189,CDR,2024-08-18 21:00:00,+919834759472,+919834936507,356938053130788,395,"Banjara Hills, Hyderabad"
REC007541,CASE0189,UPI,2024-08-19 10:00:00,rajesh.m15@paytm,freshmart23@icb,TXN799586,48000,N/A
REC007542,CASE0189,UPI,2024-08-19 12:00:00,ravi.k39@ybl,rajesh.m15@paytm,TXN571827,22000,N/A
REC007543,CASE0189,CDR,2024-08-19 17:00:00,+919834759472,+919893924126,356938053130788,141,"Whitefield, Bengaluru"
REC007544,CASE0189,UPI,2024-08-19 21:00:00,rajesh.m15@paytm,traders2490@ybl,TXN488004,15000,N/A
REC007545,CASE0189,CDR,2024-08-20 00:00:00,+919834759472,+919857633610,356938053130788,86,"Connaught Place, Delhi"
REC007546,CASE0189,UPI,2024-08-20 07:00:00,ravi.k39@ybl,rajesh.m15@paytm,TXN861202,22000,N/A
REC007547,CASE0189,UPI,2024-08-20 10:00:00,rajesh.m15@paytm,citypay81@paytm,TXN739917,48000,N/A
REC007548,CASE0189,CDR,2024-08-21 02:00:00,+919834759472,+919841998428,356938053130788,327,"Whitefield, Bengaluru"
REC007549,CASE0189,UPI,2024-08-21 04:00:00,ravi.k39@ybl,rajesh.m15@paytm,TXN972846,15000,N/A
REC007550,CASE0189,UPI,2024-08-21 05:00:00,ravi.k39@ybl,rajesh.m15@paytm,TXN787277,15000,N/A
REC007551,CASE0189,CDR,2024-08-21 10:00:00,+919834759472,+919841998428,356938053130788,15,"Sector 15, Gurugram"
REC007552,CASE0189,CDR,2024-08-21 18:00:00,+919834759472,+919841998428,356938053130788,79,"Vaishali Nagar, Jaipur"
REC007553,CASE0189,CDR,2024-08-21 21:00:00,+919834759472,+919834936507,356938053130788,396,"Sector 15, Gurugram"
REC007554,CASE0189,CDR,2024-08-21 21:00:00,+919834759472,+919857633610,356938053130788,367,"Connaught Place, Delhi"
REC007555,CASE0190,CDR,2024-04-19 01:00:00,+919843271355,+919806930394,356938003866220,187,"Andheri East, Mumbai"
REC007556,CASE0190,UPI,2024-04-19 19:00:00,quickcash94@ybl,nikhil.j79@icb,TXN310198,48000,N/A
REC007557,CASE0190,UPI,2024-04-19 23:00:00,quickcash94@ybl,nikhil.j79@icb,TXN204304,500,N/A
REC007558,CASE0190,CDR,2024-04-20 04:00:00,+919843271355,+919887357614,356938003866220,293,"Kothrud, Pune"
REC007559,CASE0190,CDR,2024-04-20 09:00:00,+919843271355,+919808723966,356938003866220,57,"Whitefield, Bengaluru"
REC007560,CASE0190,CDR,2024-04-20 17:00:00,+919843271355,+919806930394,356938003866220,403,"Anna Nagar, Chennai"
REC007561,CASE0190,UPI,2024-04-21 05:00:00,nikhil.j66@icb,quickcash94@ybl,TXN296211,1200,N/A
REC007562,CASE0190,CDR,2024-04-21 11:00:00,+919843271355,+919808723966,356938003866220,143,"Salt Lake, Kolkata"
REC007563,CASE0190,CDR,2024-04-21 12:00:00,+919843271355,+919806930394,356938003866220,363,"Cyber City, Gurugram"
REC007564,CASE0190,CDR,2024-04-22 10:00:00,+919843271355,+919888816927,356938003866220,143,"Banjara Hills, Hyderabad"
REC007565,CASE0190,UPI,2024-04-22 12:00:00,nikhil.j66@icb,quickcash94@ybl,TXN714660,22000,N/A
REC007566,CASE0190,CDR,2024-04-23 08:00:00,+919843271355,+919830362233,356938003866220,333,"Whitefield, Bengaluru"
REC007567,CASE0190,UPI,2024-04-23 22:00:00,nikhil.j66@icb,quickcash94@ybl,TXN808304,1200,N/A
REC007568,CASE0190,CDR,2024-04-24 23:00:00,+919843271355,+919839406941,356938003866220,388,"Cyber City, Gurugram"
REC007569,CASE0190,CDR,2024-04-25 01:00:00,+919843271355,+919808723966,356938003866220,152,"Anna Nagar, Chennai"
REC007570,CASE0190,CDR,2024-04-25 06:00:00,+919843271355,+919887357614,356938003866220,459,"Andheri East, Mumbai"
REC007571,CASE0190,CDR,2024-04-27 06:00:00,+919843271355,+919898591593,356938003866220,34,"Andheri East, Mumbai"
REC007572,CASE0190,CDR,2024-04-27 06:00:00,+919843271355,+919888816927,356938003866220,33,"Whitefield, Bengaluru"
REC007573,CASE0190,CDR,2024-04-27 12:00:00,+919843271355,+919888816927,356938003866220,130,"Kothrud, Pune"
REC007574,CASE0190,UPI,2024-04-27 20:00:00,quickcash94@ybl,traders2480@okhdfcbank,TXN139933,7500,N/A
REC007575,CASE0190,CDR,2024-04-27 22:00:00,+919843271355,+919887357614,356938003866220,187,"Kothrud, Pune"
REC007576,CASE0190,UPI,2024-04-28 06:00:00,quickcash94@ybl,meera.s81@ybl,TXN586707,1200,N/A
REC007577,CASE0190,UPI,2024-04-28 11:00:00,nikhil.j66@icb,quickcash94@ybl,TXN593668,3000,N/A
REC007578,CASE0190,CDR,2024-04-28 12:00:00,+919843271355,+919887357614,356938003866220,230,"Anna Nagar, Chennai"
REC007579,CASE0190,UPI,2024-04-28 14:00:00,quickcash94@ybl,amitpay20@icb,TXN306438,500,N/A
REC007580,CASE0191,CDR,2023-09-14 00:00:00,+919809284315,+919883858354,356938021417467,396,"Salt Lake, Kolkata"
REC007581,CASE0191,UPI,2023-09-14 20:00:00,amitpay30@paytm,pooja.b36@ybl,TXN244557,15000,N/A
REC007582,CASE0191,UPI,2023-09-14 22:00:00,pooja.b36@ybl,anita.r68@paytm,TXN712520,7500,N/A
REC007583,CASE0191,UPI,2023-09-15 02:00:00,pooja.b36@ybl,ravi.k2@paytm,TXN178269,500,N/A
REC007584,CASE0191,UPI,2023-09-15 16:00:00,pooja.b36@ybl,ravi.k2@paytm,TXN708780,22000,N/A
REC007585,CASE0191,CDR,2023-09-15 19:00:00,+919809284315,+919839324742,356938021417467,147,"Sector 15, Gurugram"
REC007586,CASE0191,CDR,2023-09-15 22:00:00,+919809284315,+919838203659,356938021417467,303,"Sector 15, Gurugram"
REC007587,CASE0191,CDR,2023-09-16 02:00:00,+919809284315,+919890843809,356938021417467,371,"Anna Nagar, Chennai"
REC007588,CASE0191,CDR,2023-09-16 07:00:00,+919809284315,+919838631200,356938021417467,363,"Whitefield, Bengaluru"
REC007589,CASE0191,CDR,2023-09-16 08:00:00,+919809284315,+919838631200,356938021417467,496,"Sector 15, Gurugram"
REC007590,CASE0191,CDR,2023-09-16 10:00:00,+919809284315,+919838631200,356938021417467,285,"Sector 15, Gurugram"
REC007591,CASE0191,CDR,2023-09-16 14:00:00,+919809284315,+919838631200,356938021417467,301,"Anna Nagar, Chennai"
REC007592,CASE0191,UPI,2023-09-16 16:00:00,pooja.b36@ybl,ravi.k2@paytm,TXN295580,7500,N/A
REC007593,CASE0191,CDR,2023-09-16 17:00:00,+919809284315,+919838203659,356938021417467,103,"Vaishali Nagar, Jaipur"
REC007594,CASE0191,CDR,2023-09-17 05:00:00,+919809284315,+919839324742,356938021417467,376,"Salt Lake, Kolkata"
REC007595,CASE0191,UPI,2023-09-17 09:00:00,pooja.b36@ybl,anita.r68@paytm,TXN452819,22000,N/A
REC007596,CASE0191,UPI,2023-09-17 09:00:00,pooja.b36@ybl,meera.s38@okhdfcbank,TXN551527,500,N/A
REC007597,CASE0191,CDR,2023-09-17 11:00:00,+919809284315,+919840643475,356938021417467,42,"Banjara Hills, Hyderabad"
REC007598,CASE0191,UPI,2023-09-17 13:00:00,amitpay30@paytm,pooja.b36@ybl,TXN847436,7500,N/A
REC007599,CASE0191,CDR,2023-09-18 08:00:00,+919809284315,+919840643475,356938021417467,180,"Anna Nagar, Chennai"
REC007600,CASE0191,CDR,2023-09-18 12:00:00,+919809284315,+919890843809,356938021417467,80,"Kothrud, Pune"
REC007601,CASE0191,CDR,2023-09-18 16:00:00,+919809284315,+919890843809,356938021417467,16,"Sector 15, Gurugram"
REC007602,CASE0191,UPI,2023-09-18 22:00:00,pooja.b36@ybl,kavita.n97@okhdfcbank,TXN532328,7500,N/A
REC007603,CASE0191,CDR,2023-09-19 21:00:00,+919809284315,+919883858354,356938021417467,233,"Vaishali Nagar, Jaipur"
REC007604,CASE0191,CDR,2023-09-19 23:00:00,+919809284315,+919837192823,356938021417467,186,"Vaishali Nagar, Jaipur"
REC007605,CASE0191,UPI,2023-09-20 02:00:00,amitpay30@paytm,pooja.b36@ybl,TXN392296,500,N/A
REC007606,CASE0191,UPI,2023-09-20 06:00:00,amitpay30@paytm,pooja.b36@ybl,TXN874502,48000,N/A
REC007607,CASE0191,UPI,2023-09-20 07:00:00,amitpay30@paytm,pooja.b36@ybl,TXN528056,500,N/A
REC007608,CASE0191,CDR,2023-09-20 10:00:00,+919809284315,+919839324742,356938021417467,37,"Kothrud, Pune"
REC007609,CASE0191,UPI,2023-09-20 13:00:00,amitpay30@paytm,pooja.b36@ybl,TXN278426,7500,N/A
REC007610,CASE0191,UPI,2023-09-20 15:00:00,pooja.b36@ybl,meera.s38@okhdfcbank,TXN548739,15000,N/A
REC007611,CASE0191,CDR,2023-09-20 17:00:00,+919809284315,+919838631200,356938021417467,204,"Banjara Hills, Hyderabad"
REC007612,CASE0191,CDR,2023-09-21 01:00:00,+919809284315,+919883858354,356938021417467,445,"Connaught Place, Delhi"
REC007613,CASE0191,CDR,2023-09-21 14:00:00,+919809284315,+919837192823,356938021417467,422,"Anna Nagar, Chennai"
REC007614,CASE0191,CDR,2023-09-21 18:00:00,+919809284315,+919838203659,356938021417467,108,"Vaishali Nagar, Jaipur"
REC007615,CASE0191,CDR,2023-09-22 00:00:00,+919809284315,+919883858354,356938021417467,394,"Anna Nagar, Chennai"
REC007616,CASE0191,UPI,2023-09-22 00:00:00,amitpay30@paytm,pooja.b36@ybl,TXN435058,15000,N/A
REC007617,CASE0191,CDR,2023-09-22 03:00:00,+919809284315,+919837192823,356938021417467,271,"Banjara Hills, Hyderabad"
REC007618,CASE0191,CDR,2023-09-22 10:00:00,+919809284315,+919890843809,356938021417467,116,"Kothrud, Pune"
REC007619,CASE0191,CDR,2023-09-22 10:00:00,+919809284315,+919840643475,356938021417467,166,"Connaught Place, Delhi"
REC007620,CASE0191,CDR,2023-09-22 16:00:00,+919809284315,+919839324742,356938021417467,22,"Banjara Hills, Hyderabad"
REC007621,CASE0191,UPI,2023-09-22 19:00:00,amitpay30@paytm,pooja.b36@ybl,TXN680798,15000,N/A
REC007622,CASE0191,UPI,2023-09-23 00:00:00,pooja.b36@ybl,anita.r68@paytm,TXN276077,15000,N/A
REC007623,CASE0191,CDR,2023-09-23 09:00:00,+919809284315,+919838203659,356938021417467,416,"Vaishali Nagar, Jaipur"
REC007624,CASE0191,CDR,2023-09-23 11:00:00,+919809284315,+919838203659,356938021417467,425,"Kothrud, Pune"
REC007625,CASE0191,UPI,2023-09-23 14:00:00,pooja.b36@ybl,ravi.k2@paytm,TXN410769,1200,N/A
REC007626,CASE0191,UPI,2023-09-23 23:00:00,pooja.b36@ybl,anita.r68@paytm,TXN530641,7500,N/A
REC007627,CASE0192,UPI,2024-03-01 01:00:00,nikhil.j53@paytm,nikhil.j32@ybl,TXN917065,7500,N/A
REC007628,CASE0192,CDR,2024-03-01 02:00:00,+919878800489,+919836800731,356938078706960,220,"Andheri East, Mumbai"
REC007629,CASE0192,CDR,2024-03-01 23:00:00,+919878800489,+919839550608,356938078706960,124,"Whitefield, Bengaluru"
REC007630,CASE0192,CDR,2024-03-01 23:00:00,+919878800489,+919866425981,356938078706960,303,"Banjara Hills, Hyderabad"
REC007631,CASE0192,UPI,2024-03-02 05:00:00,deepa.v41@paytm,nikhil.j53@paytm,TXN880024,7500,N/A
REC007632,CASE0192,CDR,2024-03-02 06:00:00,+919878800489,+919883412264,356938078706960,57,"Kothrud, Pune"
REC007633,CASE0192,CDR,2024-03-02 08:00:00,+919878800489,+919866425981,356938078706960,235,"Sector 15, Gurugram"
REC007634,CASE0192,UPI,2024-03-02 14:00:00,nikhil.j53@paytm,ravi.k9@upi,TXN811443,48000,N/A
REC007635,CASE0192,CDR,2024-03-02 19:00:00,+919878800489,+919883412264,356938078706960,43,"Kothrud, Pune"
REC007636,CASE0192,UPI,2024-03-02 21:00:00,nikhil.j53@paytm,ravi.k9@upi,TXN778830,15000,N/A
REC007637,CASE0192,CDR,2024-03-03 01:00:00,+919878800489,+919839550608,356938078706960,481,"Kothrud, Pune"
REC007638,CASE0192,UPI,2024-03-03 16:00:00,nikhil.j53@paytm,traders2471@ybl,TXN792119,1200,N/A
REC007639,CASE0192,UPI,2024-03-03 18:00:00,deepa.v41@paytm,nikhil.j53@paytm,TXN978451,7500,N/A
REC007640,CASE0192,UPI,2024-03-03 23:00:00,nikhil.j53@paytm,sunita.d29@ybl,TXN388873,500,N/A
REC007641,CASE0192,UPI,2024-03-04 05:00:00,nikhil.j53@paytm,traders2471@ybl,TXN975971,48000,N/A
REC007642,CASE0192,UPI,2024-03-04 17:00:00,nikhil.j53@paytm,nikhil.j32@ybl,TXN465200,7500,N/A
REC007643,CASE0192,UPI,2024-03-04 17:00:00,nikhil.j53@paytm,nikhil.j32@ybl,TXN526734,500,N/A
REC007644,CASE0192,CDR,2024-03-04 19:00:00,+919878800489,+919866425981,356938078706960,484,"Kothrud, Pune"
REC007645,CASE0192,UPI,2024-03-05 03:00:00,nikhil.j53@paytm,nikhil.j32@ybl,TXN516837,15000,N/A
REC007646,CASE0192,UPI,2024-03-05 16:00:00,nikhil.j53@paytm,nikhil.j32@ybl,TXN732173,15000,N/A
REC007647,CASE0192,CDR,2024-03-05 17:00:00,+919878800489,+919836800731,356938078706960,361,"Banjara Hills, Hyderabad"
REC007648,CASE0192,CDR,2024-03-05 18:00:00,+919878800489,+919866425981,356938078706960,367,"Banjara Hills, Hyderabad"
REC007649,CASE0192,CDR,2024-03-05 19:00:00,+919878800489,+919836800731,356938078706960,411,"Anna Nagar, Chennai"
REC007650,CASE0192,CDR,2024-03-05 22:00:00,+919878800489,+919883412264,356938078706960,335,"Connaught Place, Delhi"
REC007651,CASE0192,UPI,2024-03-06 08:00:00,deepa.v41@paytm,nikhil.j53@paytm,TXN261218,7500,N/A
REC007652,CASE0192,CDR,2024-03-06 15:00:00,+919878800489,+919839550608,356938078706960,263,"Whitefield, Bengaluru"
REC007653,CASE0192,UPI,2024-03-07 04:00:00,nikhil.j53@paytm,ravi.k9@upi,TXN194269,22000,N/A
REC007654,CASE0192,UPI,2024-03-07 13:00:00,deepa.v41@paytm,nikhil.j53@paytm,TXN226994,3000,N/A
REC007655,CASE0192,CDR,2024-03-07 16:00:00,+919878800489,+919836800731,356938078706960,426,"Sector 15, Gurugram"
REC007656,CASE0192,CDR,2024-03-07 22:00:00,+919878800489,+919863989068,356938078706960,126,"Andheri East, Mumbai"
REC007657,CASE0192,CDR,2024-03-08 02:00:00,+919878800489,+919866425981,356938078706960,181,"Vaishali Nagar, Jaipur"
REC007658,CASE0192,CDR,2024-03-08 10:00:00,+919878800489,+919863989068,356938078706960,51,"Andheri East, Mumbai"
REC007659,CASE0192,UPI,2024-03-08 16:00:00,nikhil.j53@paytm,sunita.d29@ybl,TXN927172,48000,N/A
REC007660,CASE0192,CDR,2024-03-08 17:00:00,+919878800489,+919866425981,356938078706960,94,"Vaishali Nagar, Jaipur"
REC007661,CASE0192,CDR,2024-03-08 17:00:00,+919878800489,+919852070823,356938078706960,263,"Anna Nagar, Chennai"
REC007662,CASE0192,UPI,2024-03-09 04:00:00,nikhil.j53@paytm,nikhil.j32@ybl,TXN456417,7500,N/A
REC007663,CASE0192,CDR,2024-03-09 16:00:00,+919878800489,+919836800731,356938078706960,101,"Whitefield, Bengaluru"
REC007664,CASE0192,CDR,2024-03-10 01:00:00,+919878800489,+919823139894,356938078706960,104,"Connaught Place, Delhi"
REC007665,CASE0192,CDR,2024-03-10 10:00:00,+919878800489,+919836800731,356938078706960,459,"Cyber City, Gurugram"
REC007666,CASE0193,CDR,2024-11-08 01:00:00,+919826915295,+919858769074,356938007107516,300,"Sector 15, Gurugram"
REC007667,CASE0193,CDR,2024-11-08 07:00:00,+919826915295,+919855570303,356938007107516,381,"Andheri East, Mumbai"
REC007668,CASE0193,UPI,2024-11-08 08:00:00,sanjay.p62@okhdfcbank,deepa.v10@icb,TXN820159,7500,N/A
REC007669,CASE0193,CDR,2024-11-08 14:00:00,+919826915295,+919858769074,356938007107516,44,"Connaught Place, Delhi"
REC007670,CASE0193,CDR,2024-11-08 17:00:00,+919826915295,+919824625926,356938007107516,325,"Connaught Place, Delhi"
REC007671,CASE0193,UPI,2024-11-08 22:00:00,sanjay.p62@okhdfcbank,traders2496@paytm,TXN775701,500,N/A
REC007672,CASE0193,CDR,2024-11-09 00:00:00,+919826915295,+919811381034,356938007107516,418,"Whitefield, Bengaluru"
REC007673,CASE0193,UPI,2024-11-09 02:00:00,sanjay.p62@okhdfcbank,deepa.v10@icb,TXN530128,1200,N/A
REC007674,CASE0193,UPI,2024-11-09 05:00:00,sanjay.p62@okhdfcbank,kavita.n40@okhdfcbank,TXN196220,7500,N/A
REC007675,CASE0193,CDR,2024-11-10 00:00:00,+919826915295,+919824625926,356938007107516,430,"Andheri East, Mumbai"
REC007676,CASE0193,CDR,2024-11-10 02:00:00,+919826915295,+919811381034,356938007107516,327,"Kothrud, Pune"
REC007677,CASE0193,CDR,2024-11-10 06:00:00,+919826915295,+919896821198,356938007107516,206,"Cyber City, Gurugram"
REC007678,CASE0193,UPI,2024-11-10 06:00:00,sanjay.p9@ybl,sanjay.p62@okhdfcbank,TXN966298,3000,N/A
REC007679,CASE0193,CDR,2024-11-10 15:00:00,+919826915295,+919811381034,356938007107516,176,"Salt Lake, Kolkata"
REC007680,CASE0193,UPI,2024-11-11 01:00:00,sanjay.p62@okhdfcbank,traders2496@paytm,TXN279922,3000,N/A
REC007681,CASE0193,UPI,2024-11-11 02:00:00,sanjay.p9@ybl,sanjay.p62@okhdfcbank,TXN225311,48000,N/A
REC007682,CASE0193,CDR,2024-11-11 16:00:00,+919826915295,+919858769074,356938007107516,277,"Andheri East, Mumbai"
REC007683,CASE0193,CDR,2024-11-11 19:00:00,+919826915295,+919899996098,356938007107516,82,"Vaishali Nagar, Jaipur"
REC007684,CASE0193,CDR,2024-11-11 23:00:00,+919826915295,+919824625926,356938007107516,17,"Vaishali Nagar, Jaipur"
REC007685,CASE0193,UPI,2024-11-11 23:00:00,sanjay.p62@okhdfcbank,kavita.n40@okhdfcbank,TXN279951,500,N/A
REC007686,CASE0193,CDR,2024-11-12 02:00:00,+919826915295,+919855570303,356938007107516,331,"Banjara Hills, Hyderabad"
REC007687,CASE0193,CDR,2024-11-12 05:00:00,+919826915295,+919820375349,356938007107516,158,"Sector 15, Gurugram"
REC007688,CASE0193,UPI,2024-11-12 05:00:00,sanjay.p62@okhdfcbank,kavita.n40@okhdfcbank,TXN590949,15000,N/A
REC007689,CASE0193,UPI,2024-11-12 06:00:00,sanjay.p62@okhdfcbank,deepa.v10@icb,TXN652165,1200,N/A
REC007690,CASE0193,UPI,2024-11-12 19:00:00,sanjay.p62@okhdfcbank,kavita.n40@okhdfcbank,TXN114402,3000,N/A
REC007691,CASE0193,UPI,2024-11-12 23:00:00,sanjay.p62@okhdfcbank,traders2496@paytm,TXN203922,48000,N/A
REC007692,CASE0193,UPI,2024-11-13 05:00:00,sanjay.p9@ybl,sanjay.p62@okhdfcbank,TXN723262,22000,N/A
REC007693,CASE0193,CDR,2024-11-13 08:00:00,+919826915295,+919824625926,356938007107516,170,"Salt Lake, Kolkata"
REC007694,CASE0193,CDR,2024-11-13 10:00:00,+919826915295,+919896821198,356938007107516,201,"Kothrud, Pune"
REC007695,CASE0193,UPI,2024-11-13 10:00:00,sanjay.p9@ybl,sanjay.p62@okhdfcbank,TXN598109,500,N/A
REC007696,CASE0193,UPI,2024-11-13 15:00:00,sanjay.p62@okhdfcbank,traders2417@upi,TXN305473,1200,N/A
REC007697,CASE0193,CDR,2024-11-13 18:00:00,+919826915295,+919855570303,356938007107516,386,"Banjara Hills, Hyderabad"
REC007698,CASE0193,UPI,2024-11-13 20:00:00,sanjay.p9@ybl,sanjay.p62@okhdfcbank,TXN932996,15000,N/A
REC007699,CASE0193,CDR,2024-11-14 02:00:00,+919826915295,+919811381034,356938007107516,63,"Anna Nagar, Chennai"
REC007700,CASE0193,CDR,2024-11-14 06:00:00,+919826915295,+919811381034,356938007107516,311,"Kothrud, Pune"
REC007701,CASE0193,CDR,2024-11-14 08:00:00,+919826915295,+919855570303,356938007107516,408,"Connaught Place, Delhi"
REC007702,CASE0193,CDR,2024-11-14 13:00:00,+919826915295,+919899996098,356938007107516,477,"Connaught Place, Delhi"
REC007703,CASE0193,CDR,2024-11-14 18:00:00,+919826915295,+919811381034,356938007107516,404,"Banjara Hills, Hyderabad"
REC007704,CASE0193,UPI,2024-11-15 07:00:00,sanjay.p62@okhdfcbank,traders2496@paytm,TXN263092,500,N/A
REC007705,CASE0193,CDR,2024-11-15 12:00:00,+919826915295,+919858769074,356938007107516,359,"Whitefield, Bengaluru"
REC007706,CASE0193,CDR,2024-11-15 15:00:00,+919826915295,+919824625926,356938007107516,111,"Connaught Place, Delhi"
REC007707,CASE0193,UPI,2024-11-15 17:00:00,sanjay.p62@okhdfcbank,traders2496@paytm,TXN641942,15000,N/A
REC007708,CASE0193,CDR,2024-11-15 20:00:00,+919826915295,+919899996098,356938007107516,338,"Anna Nagar, Chennai"
REC007709,CASE0193,CDR,2024-11-16 05:00:00,+919826915295,+919896821198,356938007107516,301,"Kothrud, Pune"
REC007710,CASE0193,UPI,2024-11-16 05:00:00,sanjay.p62@okhdfcbank,traders2417@upi,TXN386261,48000,N/A
REC007711,CASE0193,CDR,2024-11-16 11:00:00,+919826915295,+919811381034,356938007107516,475,"Vaishali Nagar, Jaipur"
REC007712,CASE0193,CDR,2024-11-16 11:00:00,+919826915295,+919899996098,356938007107516,248,"Salt Lake, Kolkata"
REC007713,CASE0193,CDR,2024-11-16 12:00:00,+919826915295,+919811381034,356938007107516,131,"Andheri East, Mumbai"
REC007714,CASE0193,CDR,2024-11-16 17:00:00,+919826915295,+919811381034,356938007107516,195,"Salt Lake, Kolkata"
REC007715,CASE0193,CDR,2024-11-16 18:00:00,+919826915295,+919820375349,356938007107516,493,"Banjara Hills, Hyderabad"
REC007716,CASE0193,UPI,2024-11-17 00:00:00,sanjay.p62@okhdfcbank,kavita.n40@okhdfcbank,TXN747222,22000,N/A
REC007717,CASE0193,CDR,2024-11-17 07:00:00,+919826915295,+919896821198,356938007107516,86,"Anna Nagar, Chennai"
REC007718,CASE0193,CDR,2024-11-17 11:00:00,+919826915295,+919811381034,356938007107516,447,"Banjara Hills, Hyderabad"
REC007719,CASE0193,CDR,2024-11-17 14:00:00,+919826915295,+919811381034,356938007107516,59,"Banjara Hills, Hyderabad"
REC007720,CASE0193,CDR,2024-11-17 14:00:00,+919826915295,+919896821198,356938007107516,224,"Sector 15, Gurugram"
REC007721,CASE0193,CDR,2024-11-17 14:00:00,+919826915295,+919896821198,356938007107516,486,"Connaught Place, Delhi"
REC007722,CASE0193,UPI,2024-11-17 14:00:00,sanjay.p62@okhdfcbank,traders2496@paytm,TXN181482,15000,N/A
REC007723,CASE0193,CDR,2024-11-17 20:00:00,+919826915295,+919896821198,356938007107516,298,"Anna Nagar, Chennai"
REC007724,CASE0193,CDR,2024-11-17 20:00:00,+919826915295,+919899996098,356938007107516,428,"Cyber City, Gurugram"
REC007725,CASE0193,CDR,2024-11-18 00:00:00,+919826915295,+919899996098,356938007107516,383,"Kothrud, Pune"
REC007726,CASE0194,UPI,2024-03-31 10:00:00,nikhil.j41@icb,citypay2@paytm,TXN743185,48000,N/A
REC007727,CASE0194,UPI,2024-03-31 12:00:00,citypay2@paytm,pooja.b79@okhdfcbank,TXN659504,15000,N/A
REC007728,CASE0194,CDR,2024-03-31 16:00:00,+919828739984,+919853866848,356938003327006,274,"Whitefield, Bengaluru"
REC007729,CASE0194,UPI,2024-03-31 20:00:00,citypay2@paytm,nikhil.j98@icb,TXN485366,1200,N/A
REC007730,CASE0194,CDR,2024-04-01 10:00:00,+919828739984,+919867504002,356938003327006,453,"Anna Nagar, Chennai"
REC007731,CASE0194,CDR,2024-04-01 20:00:00,+919828739984,+919830143032,356938003327006,126,"Banjara Hills, Hyderabad"
REC007732,CASE0194,CDR,2024-04-01 22:00:00,+919828739984,+919807859799,356938003327006,332,"Sector 15, Gurugram"
REC007733,CASE0194,UPI,2024-04-02 03:00:00,nikhil.j41@icb,citypay2@paytm,TXN935928,3000,N/A
REC007734,CASE0194,CDR,2024-04-02 05:00:00,+919828739984,+919871387574,356938003327006,52,"Anna Nagar, Chennai"
REC007735,CASE0194,CDR,2024-04-02 06:00:00,+919828739984,+919853866848,356938003327006,66,"Vaishali Nagar, Jaipur"
REC007736,CASE0194,CDR,2024-04-02 10:00:00,+919828739984,+919820498263,356938003327006,164,"Vaishali Nagar, Jaipur"
REC007737,CASE0194,UPI,2024-04-02 13:00:00,nikhil.j41@icb,citypay2@paytm,TXN926560,3000,N/A
REC007738,CASE0194,CDR,2024-04-03 07:00:00,+919828739984,+919807859799,356938003327006,60,"Anna Nagar, Chennai"
REC007739,CASE0194,CDR,2024-04-04 13:00:00,+919828739984,+919830143032,356938003327006,353,"Sector 15, Gurugram"
REC007740,CASE0194,CDR,2024-04-04 15:00:00,+919828739984,+919807859799,356938003327006,237,"Banjara Hills, Hyderabad"
REC007741,CASE0194,CDR,2024-04-05 04:00:00,+919828739984,+919867504002,356938003327006,416,"Sector 15, Gurugram"
REC007742,CASE0194,UPI,2024-04-05 14:00:00,citypay2@paytm,pooja.b79@okhdfcbank,TXN888774,48000,N/A
REC007743,CASE0194,CDR,2024-04-05 18:00:00,+919828739984,+919830143032,356938003327006,346,"Banjara Hills, Hyderabad"
REC007744,CASE0194,CDR,2024-04-06 11:00:00,+919828739984,+919885809429,356938003327006,166,"Andheri East, Mumbai"
REC007745,CASE0194,UPI,2024-04-06 12:00:00,nikhil.j41@icb,citypay2@paytm,TXN380248,1200,N/A
REC007746,CASE0194,UPI,2024-04-06 22:00:00,nikhil.j41@icb,citypay2@paytm,TXN257531,500,N/A
REC007747,CASE0194,UPI,2024-04-07 11:00:00,nikhil.j41@icb,citypay2@paytm,TXN682658,3000,N/A
REC007748,CASE0194,UPI,2024-04-07 12:00:00,nikhil.j41@icb,citypay2@paytm,TXN603311,7500,N/A
REC007749,CASE0194,CDR,2024-04-07 13:00:00,+919828739984,+919871387574,356938003327006,331,"Banjara Hills, Hyderabad"
REC007750,CASE0194,CDR,2024-04-07 18:00:00,+919828739984,+919867504002,356938003327006,457,"Connaught Place, Delhi"
REC007751,CASE0194,UPI,2024-04-08 04:00:00,citypay2@paytm,nikhil.j98@icb,TXN318219,15000,N/A
REC007752,CASE0194,UPI,2024-04-09 22:00:00,citypay2@paytm,quickcash17@okhdfcbank,TXN294498,3000,N/A
REC007753,CASE0195,CDR,2024-12-29 08:00:00,+919820899171,+919853700957,356938079940649,418,"Anna Nagar, Chennai"
REC007754,CASE0195,UPI,2024-12-29 12:00:00,anita.r27@upi,rajesh.m40@icb,TXN641752,48000,N/A
REC007755,CASE0195,CDR,2024-12-29 19:00:00,+919820899171,+919834535545,356938079940649,395,"Connaught Place, Delhi"
REC007756,CASE0195,CDR,2024-12-29 21:00:00,+919820899171,+919877439888,356938079940649,466,"Cyber City, Gurugram"
REC007757,CASE0195,UPI,2024-12-29 21:00:00,rajesh.m40@icb,citypay58@upi,TXN976335,1200,N/A
REC007758,CASE0195,CDR,2024-12-30 00:00:00,+919820899171,+919856319795,356938079940649,239,"Whitefield, Bengaluru"
REC007759,CASE0195,UPI,2024-12-30 13:00:00,rajesh.m40@icb,citypay58@upi,TXN140222,22000,N/A
REC007760,CASE0195,UPI,2024-12-30 20:00:00,anita.r27@upi,rajesh.m40@icb,TXN297914,22000,N/A
REC007761,CASE0195,CDR,2024-12-31 07:00:00,+919820899171,+919877439888,356938079940649,254,"Anna Nagar, Chennai"
REC007762,CASE0195,UPI,2024-12-31 09:00:00,anita.r27@upi,rajesh.m40@icb,TXN659519,48000,N/A
REC007763,CASE0195,CDR,2024-12-31 19:00:00,+919820899171,+919858726307,356938079940649,17,"Kothrud, Pune"
REC007764,CASE0195,CDR,2024-12-31 19:00:00,+919820899171,+919856319795,356938079940649,269,"Connaught Place, Delhi"
REC007765,CASE0195,UPI,2025-01-01 00:00:00,anita.r27@upi,rajesh.m40@icb,TXN942232,500,N/A
REC007766,CASE0195,UPI,2025-01-01 03:00:00,rajesh.m40@icb,traders2454@ybl,TXN711376,1200,N/A
REC007767,CASE0195,UPI,2025-01-01 03:00:00,anita.r27@upi,rajesh.m40@icb,TXN553707,3000,N/A
REC007768,CASE0195,CDR,2025-01-01 20:00:00,+919820899171,+919845606141,356938079940649,330,"Cyber City, Gurugram"
REC007769,CASE0195,CDR,2025-01-02 00:00:00,+919820899171,+919853700957,356938079940649,150,"Cyber City, Gurugram"
REC007770,CASE0195,UPI,2025-01-02 02:00:00,rajesh.m40@icb,traders2454@ybl,TXN506621,1200,N/A
REC007771,CASE0195,UPI,2025-01-02 10:00:00,rajesh.m40@icb,kavita.n98@ybl,TXN266201,22000,N/A
REC007772,CASE0195,CDR,2025-01-02 14:00:00,+919820899171,+919845606141,356938079940649,434,"Banjara Hills, Hyderabad"
REC007773,CASE0195,CDR,2025-01-02 17:00:00,+919820899171,+919858726307,356938079940649,170,"Anna Nagar, Chennai"
REC007774,CASE0195,UPI,2025-01-02 22:00:00,anita.r27@upi,rajesh.m40@icb,TXN946495,7500,N/A
REC007775,CASE0195,UPI,2025-01-03 08:00:00,anita.r27@upi,rajesh.m40@icb,TXN987974,500,N/A
REC007776,CASE0195,CDR,2025-01-03 11:00:00,+919820899171,+919853700957,356938079940649,464,"Kothrud, Pune"
REC007777,CASE0195,UPI,2025-01-03 12:00:00,anita.r27@upi,rajesh.m40@icb,TXN586546,1200,N/A
REC007778,CASE0195,UPI,2025-01-03 13:00:00,anita.r27@upi,rajesh.m40@icb,TXN773468,22000,N/A
REC007779,CASE0195,CDR,2025-01-03 15:00:00,+919820899171,+919855994075,356938079940649,458,"Andheri East, Mumbai"
REC007780,CASE0195,CDR,2025-01-03 19:00:00,+919820899171,+919834535545,356938079940649,150,"Anna Nagar, Chennai"
REC007781,CASE0195,CDR,2025-01-04 03:00:00,+919820899171,+919856319795,356938079940649,408,"Connaught Place, Delhi"
REC007782,CASE0195,CDR,2025-01-04 10:00:00,+919820899171,+919845606141,356938079940649,474,"Salt Lake, Kolkata"
REC007783,CASE0195,CDR,2025-01-04 20:00:00,+919820899171,+919855994075,356938079940649,337,"Vaishali Nagar, Jaipur"
REC007784,CASE0195,CDR,2025-01-05 00:00:00,+919820899171,+919877439888,356938079940649,332,"Vaishali Nagar, Jaipur"
REC007785,CASE0195,CDR,2025-01-05 07:00:00,+919820899171,+919858726307,356938079940649,395,"Connaught Place, Delhi"
REC007786,CASE0195,UPI,2025-01-05 12:00:00,rajesh.m40@icb,sunita.d55@upi,TXN972401,7500,N/A
REC007787,CASE0195,UPI,2025-01-05 19:00:00,rajesh.m40@icb,kavita.n98@ybl,TXN513263,7500,N/A
REC007788,CASE0195,UPI,2025-01-06 12:00:00,anita.r27@upi,rajesh.m40@icb,TXN504889,3000,N/A
REC007789,CASE0195,UPI,2025-01-06 16:00:00,anita.r27@upi,rajesh.m40@icb,TXN459910,3000,N/A
REC007790,CASE0195,UPI,2025-01-06 23:00:00,rajesh.m40@icb,traders2454@ybl,TXN580071,48000,N/A
REC007791,CASE0195,CDR,2025-01-07 05:00:00,+919820899171,+919845606141,356938079940649,266,"Anna Nagar, Chennai"
REC007792,CASE0195,CDR,2025-01-07 16:00:00,+919820899171,+919845606141,356938079940649,27,"Sector 15, Gurugram"
REC007793,CASE0195,CDR,2025-01-07 16:00:00,+919820899171,+919845606141,356938079940649,474,"Cyber City, Gurugram"
REC007794,CASE0196,UPI,2023-03-21 01:00:00,deepa.v28@ybl,vikram.t85@ybl,TXN470586,7500,N/A
REC007795,CASE0196,CDR,2023-03-21 03:00:00,+919826660104,+919868151448,356938080185514,289,"Banjara Hills, Hyderabad"
REC007796,CASE0196,CDR,2023-03-21 13:00:00,+919826660104,+919868151448,356938080185514,295,"Anna Nagar, Chennai"
REC007797,CASE0196,CDR,2023-03-21 15:00:00,+919826660104,+919812641071,356938080185514,74,"Anna Nagar, Chennai"
REC007798,CASE0196,CDR,2023-03-21 17:00:00,+919826660104,+919856864920,356938080185514,376,"Vaishali Nagar, Jaipur"
REC007799,CASE0196,UPI,2023-03-22 01:00:00,deepa.v28@ybl,vikram.t85@ybl,TXN834186,1200,N/A
REC007800,CASE0196,UPI,2023-03-22 02:00:00,deepa.v28@ybl,vikram.t85@ybl,TXN903286,1200,N/A
REC007801,CASE0196,CDR,2023-03-22 06:00:00,+919826660104,+919863991485,356938080185514,98,"Banjara Hills, Hyderabad"
REC007802,CASE0196,CDR,2023-03-22 10:00:00,+919826660104,+919863991485,356938080185514,223,"Anna Nagar, Chennai"
REC007803,CASE0196,CDR,2023-03-22 18:00:00,+919826660104,+919814730615,356938080185514,439,"Sector 15, Gurugram"
REC007804,CASE0196,UPI,2023-03-23 02:00:00,deepa.v28@ybl,vikram.t85@ybl,TXN498011,48000,N/A
REC007805,CASE0196,CDR,2023-03-23 05:00:00,+919826660104,+919856864920,356938080185514,178,"Connaught Place, Delhi"
REC007806,CASE0196,UPI,2023-03-23 05:00:00,vikram.t85@ybl,anita.r63@paytm,TXN318571,3000,N/A
REC007807,CASE0196,UPI,2023-03-23 07:00:00,vikram.t85@ybl,rajesh.m43@okhdfcbank,TXN580198,1200,N/A
REC007808,CASE0196,CDR,2023-03-23 14:00:00,+919826660104,+919892512004,356938080185514,61,"Anna Nagar, Chennai"
REC007809,CASE0196,UPI,2023-03-23 16:00:00,vikram.t85@ybl,amitpay30@icb,TXN327142,500,N/A
REC007810,CASE0196,UPI,2023-03-24 17:00:00,deepa.v28@ybl,vikram.t85@ybl,TXN596862,7500,N/A
REC007811,CASE0196,UPI,2023-03-25 00:00:00,vikram.t85@ybl,amitpay30@icb,TXN265389,3000,N/A
REC007812,CASE0196,CDR,2023-03-25 12:00:00,+919826660104,+919856864920,356938080185514,428,"Kothrud, Pune"
REC007813,CASE0196,UPI,2023-03-25 14:00:00,vikram.t85@ybl,rajesh.m43@okhdfcbank,TXN217930,7500,N/A
REC007814,CASE0196,CDR,2023-03-25 19:00:00,+919826660104,+919856864920,356938080185514,55,"Sector 15, Gurugram"
REC007815,CASE0196,CDR,2023-03-26 00:00:00,+919826660104,+919868151448,356938080185514,494,"Cyber City, Gurugram"
REC007816,CASE0196,CDR,2023-03-26 01:00:00,+919826660104,+919821919939,356938080185514,494,"Salt Lake, Kolkata"
REC007817,CASE0196,CDR,2023-03-26 01:00:00,+919826660104,+919868151448,356938080185514,369,"Connaught Place, Delhi"
REC007818,CASE0196,CDR,2023-03-26 02:00:00,+919826660104,+919821919939,356938080185514,282,"Salt Lake, Kolkata"
REC007819,CASE0196,UPI,2023-03-26 08:00:00,vikram.t85@ybl,nikhil.j33@paytm,TXN821105,15000,N/A
REC007820,CASE0196,CDR,2023-03-26 09:00:00,+919826660104,+919856864920,356938080185514,353,"Cyber City, Gurugram"
REC007821,CASE0196,CDR,2023-03-26 13:00:00,+919826660104,+919868151448,356938080185514,368,"Cyber City, Gurugram"
REC007822,CASE0196,UPI,2023-03-26 14:00:00,vikram.t85@ybl,amitpay30@icb,TXN271277,7500,N/A
REC007823,CASE0196,CDR,2023-03-26 20:00:00,+919826660104,+919863991485,356938080185514,157,"Salt Lake, Kolkata"
REC007824,CASE0196,CDR,2023-03-27 01:00:00,+919826660104,+919812641071,356938080185514,316,"Anna Nagar, Chennai"
REC007825,CASE0196,CDR,2023-03-27 02:00:00,+919826660104,+919868151448,356938080185514,121,"Sector 15, Gurugram"
REC007826,CASE0196,CDR,2023-03-27 11:00:00,+919826660104,+919814730615,356938080185514,310,"Connaught Place, Delhi"
REC007827,CASE0196,CDR,2023-03-28 21:00:00,+919826660104,+919868151448,356938080185514,76,"Andheri East, Mumbai"
REC007828,CASE0196,CDR,2023-03-29 06:00:00,+919826660104,+919821919939,356938080185514,349,"Vaishali Nagar, Jaipur"
REC007829,CASE0196,CDR,2023-03-29 17:00:00,+919826660104,+919863991485,356938080185514,370,"Whitefield, Bengaluru"
REC007830,CASE0196,CDR,2023-03-29 19:00:00,+919826660104,+919856864920,356938080185514,252,"Vaishali Nagar, Jaipur"
REC007831,CASE0196,CDR,2023-03-29 22:00:00,+919826660104,+919821919939,356938080185514,235,"Vaishali Nagar, Jaipur"
REC007832,CASE0196,UPI,2023-03-30 03:00:00,vikram.t85@ybl,anita.r63@paytm,TXN214701,500,N/A
REC007833,CASE0196,UPI,2023-03-30 04:00:00,vikram.t85@ybl,rajesh.m43@okhdfcbank,TXN871342,22000,N/A
REC007834,CASE0196,CDR,2023-03-30 22:00:00,+919826660104,+919856864920,356938080185514,293,"Kothrud, Pune"
REC007835,CASE0196,CDR,2023-03-31 00:00:00,+919826660104,+919892512004,356938080185514,107,"Banjara Hills, Hyderabad"
REC007836,CASE0197,CDR,2024-04-02 01:00:00,+919868909466,+919851014944,356938013335657,181,"Kothrud, Pune"
REC007837,CASE0197,CDR,2024-04-02 11:00:00,+919868909466,+919851014944,356938013335657,98,"Kothrud, Pune"
REC007838,CASE0197,UPI,2024-04-03 10:00:00,ravi.k14@upi,sunita.d98@icb,TXN398970,7500,N/A
REC007839,CASE0197,UPI,2024-04-04 10:00:00,freshmart50@ybl,ravi.k14@upi,TXN121518,22000,N/A
REC007840,CASE0197,UPI,2024-04-05 08:00:00,freshmart50@ybl,ravi.k14@upi,TXN990124,48000,N/A
REC007841,CASE0197,CDR,2024-04-05 15:00:00,+919868909466,+919824147992,356938013335657,285,"Kothrud, Pune"
REC007842,CASE0197,UPI,2024-04-05 21:00:00,freshmart50@ybl,ravi.k14@upi,TXN836003,1200,N/A
REC007843,CASE0197,CDR,2024-04-06 19:00:00,+919868909466,+919812071939,356938013335657,469,"Kothrud, Pune"
REC007844,CASE0197,CDR,2024-04-07 05:00:00,+919868909466,+919822164320,356938013335657,293,"Salt Lake, Kolkata"
REC007845,CASE0197,CDR,2024-04-08 20:00:00,+919868909466,+919817446513,356938013335657,426,"Whitefield, Bengaluru"
REC007846,CASE0197,UPI,2024-04-08 21:00:00,ravi.k14@upi,vikram.t44@upi,TXN672179,1200,N/A
REC007847,CASE0197,UPI,2024-04-09 11:00:00,freshmart50@ybl,ravi.k14@upi,TXN104185,48000,N/A
REC007848,CASE0197,CDR,2024-04-10 03:00:00,+919868909466,+919812071939,356938013335657,330,"Anna Nagar, Chennai"
REC007849,CASE0197,CDR,2024-04-10 04:00:00,+919868909466,+919812071939,356938013335657,341,"Anna Nagar, Chennai"
REC007850,CASE0197,CDR,2024-04-10 05:00:00,+919868909466,+919885861808,356938013335657,352,"Cyber City, Gurugram"
REC007851,CASE0197,CDR,2024-04-10 05:00:00,+919868909466,+919817446513,356938013335657,192,"Anna Nagar, Chennai"
REC007852,CASE0197,CDR,2024-04-10 12:00:00,+919868909466,+919824147992,356938013335657,196,"Connaught Place, Delhi"
REC007853,CASE0197,UPI,2024-04-10 13:00:00,ravi.k14@upi,freshmart61@okhdfcbank,TXN439518,1200,N/A
REC007854,CASE0197,UPI,2024-04-11 00:00:00,freshmart50@ybl,ravi.k14@upi,TXN900730,7500,N/A
REC007855,CASE0197,CDR,2024-04-12 00:00:00,+919868909466,+919812071939,356938013335657,219,"Banjara Hills, Hyderabad"
REC007856,CASE0198,UPI,2023-08-17 00:00:00,kavita.n57@paytm,traders2415@okhdfcbank,TXN432192,7500,N/A
REC007857,CASE0198,CDR,2023-08-17 21:00:00,+919854605697,+919860499592,356938013634483,426,"Whitefield, Bengaluru"
REC007858,CASE0198,CDR,2023-08-18 02:00:00,+919854605697,+919815810881,356938013634483,490,"Anna Nagar, Chennai"
REC007859,CASE0198,CDR,2023-08-18 03:00:00,+919854605697,+919862299155,356938013634483,433,"Salt Lake, Kolkata"
REC007860,CASE0198,CDR,2023-08-18 08:00:00,+919854605697,+919811999265,356938013634483,403,"Vaishali Nagar, Jaipur"
REC007861,CASE0198,CDR,2023-08-18 12:00:00,+919854605697,+919811999265,356938013634483,142,"Salt Lake, Kolkata"
REC007862,CASE0198,UPI,2023-08-19 06:00:00,kavita.n57@paytm,citypay81@upi,TXN444466,48000,N/A
REC007863,CASE0198,UPI,2023-08-19 06:00:00,sanjay.p3@icb,kavita.n57@paytm,TXN411393,7500,N/A
REC007864,CASE0198,CDR,2023-08-19 15:00:00,+919854605697,+919811999265,356938013634483,149,"Kothrud, Pune"
REC007865,CASE0198,CDR,2023-08-20 00:00:00,+919854605697,+919846257855,356938013634483,247,"Anna Nagar, Chennai"
REC007866,CASE0198,UPI,2023-08-20 00:00:00,kavita.n57@paytm,nikhil.j15@upi,TXN570100,7500,N/A
REC007867,CASE0198,CDR,2023-08-20 02:00:00,+919854605697,+919811999265,356938013634483,37,"Kothrud, Pune"
REC007868,CASE0198,CDR,2023-08-20 05:00:00,+919854605697,+919815810881,356938013634483,262,"Sector 15, Gurugram"
REC007869,CASE0198,CDR,2023-08-20 11:00:00,+919854605697,+919846257855,356938013634483,197,"Whitefield, Bengaluru"
REC007870,CASE0198,UPI,2023-08-20 17:00:00,kavita.n57@paytm,nikhil.j15@upi,TXN449893,15000,N/A
REC007871,CASE0198,UPI,2023-08-21 01:00:00,kavita.n57@paytm,citypay81@upi,TXN116368,7500,N/A
REC007872,CASE0198,UPI,2023-08-21 04:00:00,kavita.n57@paytm,ravi.k15@ybl,TXN429461,22000,N/A
REC007873,CASE0198,CDR,2023-08-21 09:00:00,+919854605697,+919811999265,356938013634483,412,"Vaishali Nagar, Jaipur"
REC007874,CASE0198,CDR,2023-08-21 09:00:00,+919854605697,+919846257855,356938013634483,68,"Vaishali Nagar, Jaipur"
REC007875,CASE0198,UPI,2023-08-21 11:00:00,kavita.n57@paytm,ravi.k15@ybl,TXN593572,7500,N/A
REC007876,CASE0198,CDR,2023-08-21 13:00:00,+919854605697,+919860499592,356938013634483,83,"Andheri East, Mumbai"
REC007877,CASE0198,UPI,2023-08-21 16:00:00,sanjay.p3@icb,kavita.n57@paytm,TXN235579,22000,N/A
REC007878,CASE0198,CDR,2023-08-21 19:00:00,+919854605697,+919846257855,356938013634483,62,"Whitefield, Bengaluru"
REC007879,CASE0198,CDR,2023-08-22 03:00:00,+919854605697,+919860499592,356938013634483,137,"Sector 15, Gurugram"
REC007880,CASE0198,CDR,2023-08-22 05:00:00,+919854605697,+919846257855,356938013634483,499,"Sector 15, Gurugram"
REC007881,CASE0198,CDR,2023-08-22 06:00:00,+919854605697,+919860499592,356938013634483,141,"Anna Nagar, Chennai"
REC007882,CASE0198,CDR,2023-08-22 07:00:00,+919854605697,+919873362970,356938013634483,186,"Cyber City, Gurugram"
REC007883,CASE0198,UPI,2023-08-22 07:00:00,sanjay.p3@icb,kavita.n57@paytm,TXN994034,1200,N/A
REC007884,CASE0198,CDR,2023-08-22 08:00:00,+919854605697,+919873362970,356938013634483,291,"Cyber City, Gurugram"
REC007885,CASE0198,UPI,2023-08-22 12:00:00,kavita.n57@paytm,traders2415@okhdfcbank,TXN675137,500,N/A
REC007886,CASE0198,CDR,2023-08-22 15:00:00,+919854605697,+919811999265,356938013634483,18,"Banjara Hills, Hyderabad"
REC007887,CASE0198,UPI,2023-08-22 16:00:00,kavita.n57@paytm,citypay81@upi,TXN958574,3000,N/A
REC007888,CASE0198,CDR,2023-08-23 14:00:00,+919854605697,+919873362970,356938013634483,349,"Sector 15, Gurugram"
REC007889,CASE0198,CDR,2023-08-23 22:00:00,+919854605697,+919862299155,356938013634483,238,"Salt Lake, Kolkata"
REC007890,CASE0198,CDR,2023-08-23 23:00:00,+919854605697,+919846257855,356938013634483,30,"Connaught Place, Delhi"
REC007891,CASE0198,UPI,2023-08-24 01:00:00,sanjay.p3@icb,kavita.n57@paytm,TXN985666,1200,N/A
REC007892,CASE0198,UPI,2023-08-24 05:00:00,sanjay.p3@icb,kavita.n57@paytm,TXN658404,3000,N/A
REC007893,CASE0198,CDR,2023-08-24 10:00:00,+919854605697,+919811999265,356938013634483,446,"Banjara Hills, Hyderabad"
REC007894,CASE0198,CDR,2023-08-24 12:00:00,+919854605697,+919873362970,356938013634483,107,"Salt Lake, Kolkata"
REC007895,CASE0198,CDR,2023-08-25 05:00:00,+919854605697,+919846257855,356938013634483,279,"Banjara Hills, Hyderabad"
REC007896,CASE0198,UPI,2023-08-25 07:00:00,kavita.n57@paytm,traders2415@okhdfcbank,TXN381535,22000,N/A
REC007897,CASE0198,UPI,2023-08-25 08:00:00,kavita.n57@paytm,traders2415@okhdfcbank,TXN782739,48000,N/A
REC007898,CASE0198,CDR,2023-08-25 11:00:00,+919854605697,+919846257855,356938013634483,482,"Sector 15, Gurugram"
REC007899,CASE0198,CDR,2023-08-25 12:00:00,+919854605697,+919862299155,356938013634483,288,"Anna Nagar, Chennai"
REC007900,CASE0198,UPI,2023-08-25 13:00:00,sanjay.p3@icb,kavita.n57@paytm,TXN297383,1200,N/A
REC007901,CASE0198,UPI,2023-08-25 15:00:00,sanjay.p3@icb,kavita.n57@paytm,TXN901718,22000,N/A
REC007902,CASE0198,CDR,2023-08-25 16:00:00,+919854605697,+919850736812,356938013634483,144,"Salt Lake, Kolkata"
REC007903,CASE0198,UPI,2023-08-25 17:00:00,kavita.n57@paytm,ravi.k15@ybl,TXN501811,3000,N/A
REC007904,CASE0198,UPI,2023-08-26 00:00:00,kavita.n57@paytm,citypay81@upi,TXN124671,1200,N/A
REC007905,CASE0198,CDR,2023-08-26 03:00:00,+919854605697,+919846257855,356938013634483,123,"Connaught Place, Delhi"
REC007906,CASE0198,CDR,2023-08-26 10:00:00,+919854605697,+919815810881,356938013634483,95,"Salt Lake, Kolkata"
REC007907,CASE0198,UPI,2023-08-26 17:00:00,sanjay.p3@icb,kavita.n57@paytm,TXN800582,3000,N/A
REC007908,CASE0199,UPI,2023-11-19 16:00:00,deepa.v71@paytm,sunita.d24@upi,TXN517868,1200,N/A
REC007909,CASE0199,CDR,2023-11-19 22:00:00,+919884787705,+919848280604,356938090019939,436,"Salt Lake, Kolkata"
REC007910,CASE0199,UPI,2023-11-20 00:00:00,sunita.d24@upi,citypay7@icb,TXN931941,7500,N/A
REC007911,CASE0199,UPI,2023-11-20 17:00:00,deepa.v71@paytm,sunita.d24@upi,TXN555007,7500,N/A
REC007912,CASE0199,CDR,2023-11-20 19:00:00,+919884787705,+919898935863,356938090019939,117,"Anna Nagar, Chennai"
REC007913,CASE0199,CDR,2023-11-21 13:00:00,+919884787705,+919854285727,356938090019939,365,"Cyber City, Gurugram"
REC007914,CASE0199,CDR,2023-11-21 15:00:00,+919884787705,+919861069270,356938090019939,157,"Kothrud, Pune"
REC007915,CASE0199,UPI,2023-11-21 21:00:00,sunita.d24@upi,citypay7@icb,TXN469623,3000,N/A
REC007916,CASE0199,CDR,2023-11-21 23:00:00,+919884787705,+919898935863,356938090019939,182,"Salt Lake, Kolkata"
REC007917,CASE0199,UPI,2023-11-22 08:00:00,sunita.d24@upi,meera.s89@paytm,TXN108697,7500,N/A
REC007918,CASE0199,CDR,2023-11-22 15:00:00,+919884787705,+919861069270,356938090019939,235,"Cyber City, Gurugram"
REC007919,CASE0199,CDR,2023-11-22 20:00:00,+919884787705,+919854285727,356938090019939,464,"Kothrud, Pune"
REC007920,CASE0199,UPI,2023-11-23 00:00:00,sunita.d24@upi,meera.s89@paytm,TXN714527,15000,N/A
REC007921,CASE0199,CDR,2023-11-23 06:00:00,+919884787705,+919897859400,356938090019939,492,"Salt Lake, Kolkata"
REC007922,CASE0199,UPI,2023-11-24 00:00:00,sunita.d24@upi,deepa.v27@okhdfcbank,TXN737936,1200,N/A
REC007923,CASE0199,CDR,2023-11-24 14:00:00,+919884787705,+919854285727,356938090019939,243,"Kothrud, Pune"
REC007924,CASE0199,CDR,2023-11-25 11:00:00,+919884787705,+919897859400,356938090019939,57,"Sector 15, Gurugram"
REC007925,CASE0199,CDR,2023-11-26 01:00:00,+919884787705,+919854285727,356938090019939,167,"Kothrud, Pune"
REC007926,CASE0199,CDR,2023-11-26 08:00:00,+919884787705,+919861069270,356938090019939,295,"Cyber City, Gurugram"
REC007927,CASE0199,CDR,2023-11-26 08:00:00,+919884787705,+919892244971,356938090019939,337,"Kothrud, Pune"
REC007928,CASE0199,UPI,2023-11-27 01:00:00,deepa.v71@paytm,sunita.d24@upi,TXN706314,15000,N/A
REC007929,CASE0199,CDR,2023-11-27 11:00:00,+919884787705,+919841233839,356938090019939,380,"Salt Lake, Kolkata"
REC007930,CASE0199,UPI,2023-11-27 13:00:00,sunita.d24@upi,citypay7@icb,TXN321766,48000,N/A
REC007931,CASE0199,CDR,2023-11-28 00:00:00,+919884787705,+919854285727,356938090019939,489,"Andheri East, Mumbai"
REC007932,CASE0199,UPI,2023-11-28 03:00:00,deepa.v71@paytm,sunita.d24@upi,TXN186431,7500,N/A
REC007933,CASE0199,UPI,2023-11-28 04:00:00,sunita.d24@upi,citypay7@icb,TXN322669,3000,N/A
REC007934,CASE0199,CDR,2023-11-28 08:00:00,+919884787705,+919854285727,356938090019939,91,"Kothrud, Pune"
REC007935,CASE0199,CDR,2023-11-28 10:00:00,+919884787705,+919841233839,356938090019939,67,"Sector 15, Gurugram"
REC007936,CASE0199,CDR,2023-11-28 16:00:00,+919884787705,+919848280604,356938090019939,124,"Vaishali Nagar, Jaipur"
REC007937,CASE0200,CDR,2024-12-25 11:00:00,+919843555685,+919829811558,356938044472187,309,"Anna Nagar, Chennai"
REC007938,CASE0200,UPI,2024-12-25 12:00:00,kavita.n9@okhdfcbank,quickcash66@icb,TXN881776,22000,N/A
REC007939,CASE0200,CDR,2024-12-25 13:00:00,+919843555685,+919835012861,356938044472187,100,"Kothrud, Pune"
REC007940,CASE0200,CDR,2024-12-25 21:00:00,+919843555685,+919829811558,356938044472187,38,"Kothrud, Pune"
REC007941,CASE0200,CDR,2024-12-25 21:00:00,+919843555685,+919829811558,356938044472187,413,"Andheri East, Mumbai"
REC007942,CASE0200,UPI,2024-12-25 21:00:00,rajesh.m76@icb,kavita.n9@okhdfcbank,TXN973961,500,N/A
REC007943,CASE0200,UPI,2024-12-25 21:00:00,kavita.n9@okhdfcbank,citypay41@paytm,TXN148587,500,N/A
REC007944,CASE0200,CDR,2024-12-26 02:00:00,+919843555685,+919829811558,356938044472187,484,"Whitefield, Bengaluru"
REC007945,CASE0200,CDR,2024-12-26 02:00:00,+919843555685,+919807278618,356938044472187,87,"Andheri East, Mumbai"
REC007946,CASE0200,CDR,2024-12-26 06:00:00,+919843555685,+919829811558,356938044472187,347,"Kothrud, Pune"
REC007947,CASE0200,CDR,2024-12-26 07:00:00,+919843555685,+919845959792,356938044472187,345,"Salt Lake, Kolkata"
REC007948,CASE0200,CDR,2024-12-26 09:00:00,+919843555685,+919807278618,356938044472187,274,"Vaishali Nagar, Jaipur"
REC007949,CASE0200,CDR,2024-12-26 09:00:00,+919843555685,+919845959792,356938044472187,471,"Salt Lake, Kolkata"
REC007950,CASE0200,CDR,2024-12-26 11:00:00,+919843555685,+919890199772,356938044472187,159,"Whitefield, Bengaluru"
REC007951,CASE0200,UPI,2024-12-26 17:00:00,rajesh.m76@icb,kavita.n9@okhdfcbank,TXN801402,48000,N/A
REC007952,CASE0200,CDR,2024-12-26 21:00:00,+919843555685,+919835012861,356938044472187,483,"Whitefield, Bengaluru"
REC007953,CASE0200,UPI,2024-12-28 00:00:00,rajesh.m76@icb,kavita.n9@okhdfcbank,TXN599633,500,N/A
REC007954,CASE0200,UPI,2024-12-28 05:00:00,kavita.n9@okhdfcbank,citypay41@paytm,TXN430403,500,N/A
REC007955,CASE0200,UPI,2024-12-28 06:00:00,kavita.n9@okhdfcbank,citypay41@paytm,TXN231021,48000,N/A
REC007956,CASE0200,UPI,2024-12-28 12:00:00,rajesh.m76@icb,kavita.n9@okhdfcbank,TXN352565,1200,N/A
REC007957,CASE0200,CDR,2024-12-28 14:00:00,+919843555685,+919835012861,356938044472187,351,"Sector 15, Gurugram"
REC007958,CASE0200,CDR,2024-12-28 15:00:00,+919843555685,+919896747534,356938044472187,461,"Andheri East, Mumbai"
REC007959,CASE0200,UPI,2024-12-28 22:00:00,rajesh.m76@icb,kavita.n9@okhdfcbank,TXN363883,1200,N/A
REC007960,CASE0200,UPI,2024-12-29 00:00:00,kavita.n9@okhdfcbank,citypay41@paytm,TXN266046,1200,N/A
REC007961,CASE0200,UPI,2024-12-29 08:00:00,kavita.n9@okhdfcbank,citypay41@paytm,TXN467771,15000,N/A
REC007962,CASE0200,CDR,2024-12-29 12:00:00,+919843555685,+919890199772,356938044472187,366,"Salt Lake, Kolkata"
REC007963,CASE0200,CDR,2024-12-29 20:00:00,+919843555685,+919890199772,356938044472187,395,"Kothrud, Pune"
REC007964,CASE0200,CDR,2024-12-30 01:00:00,+919843555685,+919896747534,356938044472187,72,"Sector 15, Gurugram"
REC007965,CASE0200,CDR,2024-12-30 12:00:00,+919843555685,+919890199772,356938044472187,151,"Banjara Hills, Hyderabad"
REC007966,CASE0200,CDR,2024-12-30 23:00:00,+919843555685,+919890199772,356938044472187,245,"Connaught Place, Delhi"
REC007967,CASE0200,CDR,2024-12-31 00:00:00,+919843555685,+919827111136,356938044472187,371,"Vaishali Nagar, Jaipur"
REC007968,CASE0200,CDR,2024-12-31 01:00:00,+919843555685,+919890199772,356938044472187,400,"Vaishali Nagar, Jaipur"
REC007969,CASE0200,UPI,2024-12-31 02:00:00,kavita.n9@okhdfcbank,citypay41@paytm,TXN880097,48000,N/A
REC007970,CASE0200,CDR,2024-12-31 12:00:00,+919843555685,+919807278618,356938044472187,144,"Whitefield, Bengaluru"
REC007971,CASE0200,UPI,2024-12-31 13:00:00,rajesh.m76@icb,kavita.n9@okhdfcbank,TXN444943,22000,N/A
REC007972,CASE0200,CDR,2024-12-31 14:00:00,+919843555685,+919890199772,356938044472187,335,"Kothrud, Pune"
REC007973,CASE0200,CDR,2024-12-31 22:00:00,+919843555685,+919845959792,356938044472187,15,"Banjara Hills, Hyderabad"
REC007974,CASE0200,UPI,2024-12-31 23:00:00,rajesh.m76@icb,kavita.n9@okhdfcbank,TXN359621,7500,N/A
REC007975,CASE0200,CDR,2025-01-01 03:00:00,+919843555685,+919827111136,356938044472187,395,"Andheri East, Mumbai"
REC007976,CASE0200,UPI,2025-01-01 06:00:00,rajesh.m76@icb,kavita.n9@okhdfcbank,TXN938587,48000,N/A
REC007977,CASE0200,CDR,2025-01-01 16:00:00,+919843555685,+919807278618,356938044472187,345,"Banjara Hills, Hyderabad"
REC007978,CASE0200,UPI,2025-01-02 04:00:00,kavita.n9@okhdfcbank,rajesh.m12@icb,TXN521355,500,N/A
REC007979,CASE0200,CDR,2025-01-02 08:00:00,+919843555685,+919896747534,356938044472187,357,"Banjara Hills, Hyderabad"
REC007980,CASE0200,CDR,2025-01-02 09:00:00,+919843555685,+919807278618,356938044472187,257,"Andheri East, Mumbai"
REC007981,CASE0200,UPI,2025-01-02 13:00:00,rajesh.m76@icb,kavita.n9@okhdfcbank,TXN771000,48000,N/A
REC007982,CASE0200,CDR,2025-01-02 14:00:00,+919843555685,+919890199772,356938044472187,390,"Andheri East, Mumbai"
REC007983,CASE0200,CDR,2025-01-02 20:00:00,+919843555685,+919827111136,356938044472187,241,"Sector 15, Gurugram"
REC007984,CASE0200,CDR,2025-01-02 23:00:00,+919843555685,+919807278618,356938044472187,323,"Cyber City, Gurugram"
REC007985,CASE0200,UPI,2025-01-03 07:00:00,kavita.n9@okhdfcbank,rajesh.m12@icb,TXN925826,1200,N/A
REC007986,CASE0200,UPI,2025-01-03 08:00:00,kavita.n9@okhdfcbank,quickcash66@icb,TXN391493,15000,N/A
REC007987,CASE0200,UPI,2025-01-03 09:00:00,kavita.n9@okhdfcbank,quickcash66@icb,TXN399943,48000,N/A
REC007988,CASE0200,CDR,2025-01-03 10:00:00,+919843555685,+919827111136,356938044472187,181,"Salt Lake, Kolkata"
REC007989,CASE0200,UPI,2025-01-03 10:00:00,kavita.n9@okhdfcbank,citypay41@paytm,TXN887544,500,N/A
REC007990,CASE0200,CDR,2025-01-03 20:00:00,+919843555685,+919896747534,356938044472187,202,"Banjara Hills, Hyderabad"
REC007991,CASE0201,UPI,2023-08-10 01:00:00,sanjay.p58@ybl,vikram.t89@upi,TXN964916,500,N/A
REC007992,CASE0201,CDR,2023-08-10 13:00:00,+919860043551,+919842256433,356938042326256,463,"Whitefield, Bengaluru"
REC007993,CASE0201,CDR,2023-08-10 13:00:00,+919860043551,+919816786028,356938042326256,347,"Andheri East, Mumbai"
REC007994,CASE0201,UPI,2023-08-10 14:00:00,sanjay.p58@ybl,deepa.v35@icb,TXN805064,7500,N/A
REC007995,CASE0201,CDR,2023-08-10 19:00:00,+919860043551,+919806371403,356938042326256,205,"Connaught Place, Delhi"
REC007996,CASE0201,CDR,2023-08-10 19:00:00,+919860043551,+919858292844,356938042326256,495,"Andheri East, Mumbai"
REC007997,CASE0201,CDR,2023-08-10 22:00:00,+919860043551,+919886695463,356938042326256,327,"Kothrud, Pune"
REC007998,CASE0201,CDR,2023-08-11 04:00:00,+919860043551,+919806371403,356938042326256,18,"Banjara Hills, Hyderabad"
REC007999,CASE0201,CDR,2023-08-11 12:00:00,+919860043551,+919806371403,356938042326256,436,"Andheri East, Mumbai"
REC008000,CASE0201,CDR,2023-08-11 14:00:00,+919860043551,+919842256433,356938042326256,193,"Sector 15, Gurugram"
REC008001,CASE0201,UPI,2023-08-11 20:00:00,sanjay.p8@upi,sanjay.p58@ybl,TXN943782,7500,N/A
REC008002,CASE0201,CDR,2023-08-12 04:00:00,+919860043551,+919858292844,356938042326256,288,"Vaishali Nagar, Jaipur"
REC008003,CASE0201,CDR,2023-08-12 04:00:00,+919860043551,+919889505084,356938042326256,434,"Andheri East, Mumbai"
REC008004,CASE0201,CDR,2023-08-12 05:00:00,+919860043551,+919858292844,356938042326256,305,"Cyber City, Gurugram"
REC008005,CASE0201,CDR,2023-08-12 08:00:00,+919860043551,+919889505084,356938042326256,458,"Anna Nagar, Chennai"
REC008006,CASE0201,UPI,2023-08-12 10:00:00,sanjay.p58@ybl,vikram.t15@upi,TXN555659,1200,N/A
REC008007,CASE0201,UPI,2023-08-12 18:00:00,sanjay.p58@ybl,vikram.t15@upi,TXN190494,1200,N/A
REC008008,CASE0201,UPI,2023-08-12 20:00:00,sanjay.p8@upi,sanjay.p58@ybl,TXN346582,500,N/A
REC008009,CASE0201,CDR,2023-08-13 05:00:00,+919860043551,+919889505084,356938042326256,414,"Anna Nagar, Chennai"
REC008010,CASE0201,CDR,2023-08-14 21:00:00,+919860043551,+919889505084,356938042326256,399,"Kothrud, Pune"
REC008011,CASE0201,UPI,2023-08-14 22:00:00,sanjay.p58@ybl,vikram.t89@upi,TXN301377,1200,N/A
REC008012,CASE0201,UPI,2023-08-15 10:00:00,sanjay.p58@ybl,vikram.t89@upi,TXN531989,7500,N/A
REC008013,CASE0201,CDR,2023-08-15 20:00:00,+919860043551,+919858292844,356938042326256,475,"Sector 15, Gurugram"
REC008014,CASE0201,CDR,2023-08-16 06:00:00,+919860043551,+919886695463,356938042326256,261,"Andheri East, Mumbai"
REC008015,CASE0201,CDR,2023-08-16 19:00:00,+919860043551,+919886695463,356938042326256,399,"Kothrud, Pune"
REC008016,CASE0201,UPI,2023-08-16 21:00:00,sanjay.p58@ybl,deepa.v35@icb,TXN249902,48000,N/A
REC008017,CASE0201,UPI,2023-08-17 04:00:00,sanjay.p58@ybl,vikram.t15@upi,TXN188094,3000,N/A
REC008018,CASE0201,CDR,2023-08-17 05:00:00,+919860043551,+919842256433,356938042326256,381,"Vaishali Nagar, Jaipur"
REC008019,CASE0201,UPI,2023-08-17 05:00:00,sanjay.p58@ybl,deepa.v35@icb,TXN158226,1200,N/A
REC008020,CASE0201,CDR,2023-08-17 06:00:00,+919860043551,+919858292844,356938042326256,28,"Whitefield, Bengaluru"
REC008021,CASE0201,UPI,2023-08-17 06:00:00,sanjay.p58@ybl,vikram.t89@upi,TXN788550,1200,N/A
REC008022,CASE0201,UPI,2023-08-17 23:00:00,sanjay.p58@ybl,deepa.v36@paytm,TXN271049,1200,N/A
REC008023,CASE0201,CDR,2023-08-18 01:00:00,+919860043551,+919886695463,356938042326256,483,"Andheri East, Mumbai"
REC008024,CASE0201,CDR,2023-08-18 18:00:00,+919860043551,+919889505084,356938042326256,383,"Andheri East, Mumbai"
REC008025,CASE0201,CDR,2023-08-18 18:00:00,+919860043551,+919839109200,356938042326256,192,"Sector 15, Gurugram"
REC008026,CASE0201,UPI,2023-08-19 04:00:00,sanjay.p58@ybl,vikram.t15@upi,TXN290157,1200,N/A
REC008027,CASE0201,CDR,2023-08-19 07:00:00,+919860043551,+919816786028,356938042326256,229,"Anna Nagar, Chennai"
REC008028,CASE0201,UPI,2023-08-19 11:00:00,sanjay.p58@ybl,vikram.t89@upi,TXN822577,3000,N/A
REC008029,CASE0201,UPI,2023-08-19 13:00:00,sanjay.p58@ybl,vikram.t15@upi,TXN922055,48000,N/A
REC008030,CASE0201,CDR,2023-08-19 19:00:00,+919860043551,+919889505084,356938042326256,239,"Cyber City, Gurugram"
REC008031,CASE0202,UPI,2024-10-03 00:00:00,vikram.t5@paytm,citypay62@ybl,TXN553970,3000,N/A
REC008032,CASE0202,CDR,2024-10-03 01:00:00,+919864870197,+919821815827,356938057374302,287,"Kothrud, Pune"
REC008033,CASE0202,CDR,2024-10-03 03:00:00,+919864870197,+919806319354,356938057374302,474,"Salt Lake, Kolkata"
REC008034,CASE0202,CDR,2024-10-03 08:00:00,+919864870197,+919806319354,356938057374302,366,"Sector 15, Gurugram"
REC008035,CASE0202,CDR,2024-10-03 16:00:00,+919864870197,+919881635692,356938057374302,485,"Anna Nagar, Chennai"
REC008036,CASE0202,CDR,2024-10-04 04:00:00,+919864870197,+919821815827,356938057374302,425,"Whitefield, Bengaluru"
REC008037,CASE0202,CDR,2024-10-04 08:00:00,+919864870197,+919878518216,356938057374302,256,"Anna Nagar, Chennai"
REC008038,CASE0202,CDR,2024-10-04 10:00:00,+919864870197,+919898086387,356938057374302,382,"Whitefield, Bengaluru"
REC008039,CASE0202,CDR,2024-10-04 11:00:00,+919864870197,+919881635692,356938057374302,145,"Andheri East, Mumbai"
REC008040,CASE0202,CDR,2024-10-04 17:00:00,+919864870197,+919881635692,356938057374302,291,"Anna Nagar, Chennai"
REC008041,CASE0202,UPI,2024-10-05 03:00:00,vikram.t5@paytm,citypay62@ybl,TXN792303,1200,N/A
REC008042,CASE0202,CDR,2024-10-05 19:00:00,+919864870197,+919806319354,356938057374302,53,"Banjara Hills, Hyderabad"
REC008043,CASE0202,CDR,2024-10-05 20:00:00,+919864870197,+919867565771,356938057374302,247,"Salt Lake, Kolkata"
REC008044,CASE0202,CDR,2024-10-05 21:00:00,+919864870197,+919867565771,356938057374302,16,"Anna Nagar, Chennai"
REC008045,CASE0202,CDR,2024-10-06 14:00:00,+919864870197,+919821815827,356938057374302,271,"Cyber City, Gurugram"
REC008046,CASE0202,CDR,2024-10-07 05:00:00,+919864870197,+919881635692,356938057374302,130,"Vaishali Nagar, Jaipur"
REC008047,CASE0202,UPI,2024-10-07 06:00:00,vikram.t68@ybl,vikram.t5@paytm,TXN975728,500,N/A
REC008048,CASE0202,UPI,2024-10-07 17:00:00,vikram.t5@paytm,sanjay.p92@ybl,TXN205939,1200,N/A
REC008049,CASE0202,CDR,2024-10-08 06:00:00,+919864870197,+919806319354,356938057374302,274,"Whitefield, Bengaluru"
REC008050,CASE0202,UPI,2024-10-08 22:00:00,vikram.t68@ybl,vikram.t5@paytm,TXN483500,3000,N/A
REC008051,CASE0202,CDR,2024-10-09 06:00:00,+919864870197,+919821815827,356938057374302,47,"Sector 15, Gurugram"
REC008052,CASE0202,UPI,2024-10-09 06:00:00,vikram.t5@paytm,amitpay59@okhdfcbank,TXN529736,15000,N/A
REC008053,CASE0202,UPI,2024-10-09 08:00:00,vikram.t5@paytm,amitpay59@okhdfcbank,TXN609720,7500,N/A
REC008054,CASE0202,CDR,2024-10-09 14:00:00,+919864870197,+919878518216,356938057374302,416,"Salt Lake, Kolkata"
REC008055,CASE0202,CDR,2024-10-09 20:00:00,+919864870197,+919862203187,356938057374302,193,"Vaishali Nagar, Jaipur"
REC008056,CASE0202,CDR,2024-10-10 00:00:00,+919864870197,+919862203187,356938057374302,386,"Cyber City, Gurugram"
REC008057,CASE0202,CDR,2024-10-10 05:00:00,+919864870197,+919821815827,356938057374302,359,"Vaishali Nagar, Jaipur"
REC008058,CASE0202,UPI,2024-10-10 16:00:00,vikram.t68@ybl,vikram.t5@paytm,TXN850787,1200,N/A
REC008059,CASE0202,CDR,2024-10-11 12:00:00,+919864870197,+919881635692,356938057374302,494,"Kothrud, Pune"
REC008060,CASE0202,CDR,2024-10-11 23:00:00,+919864870197,+919862203187,356938057374302,333,"Sector 15, Gurugram"
REC008061,CASE0202,UPI,2024-10-12 02:00:00,vikram.t68@ybl,vikram.t5@paytm,TXN138803,48000,N/A
REC008062,CASE0202,UPI,2024-10-12 20:00:00,vikram.t68@ybl,vikram.t5@paytm,TXN433934,15000,N/A
REC008063,CASE0203,CDR,2023-12-14 05:00:00,+919820961541,+919864523290,356938057081308,172,"Andheri East, Mumbai"
REC008064,CASE0203,CDR,2023-12-14 15:00:00,+919820961541,+919857230452,356938057081308,480,"Kothrud, Pune"
REC008065,CASE0203,UPI,2023-12-14 17:00:00,meera.s3@icb,freshmart56@okhdfcbank,TXN445948,48000,N/A
REC008066,CASE0203,CDR,2023-12-15 10:00:00,+919820961541,+919891551604,356938057081308,357,"Anna Nagar, Chennai"
REC008067,CASE0203,CDR,2023-12-16 05:00:00,+919820961541,+919891551604,356938057081308,131,"Whitefield, Bengaluru"
REC008068,CASE0203,UPI,2023-12-16 12:00:00,freshmart56@okhdfcbank,kavita.n44@upi,TXN361484,3000,N/A
REC008069,CASE0203,UPI,2023-12-17 07:00:00,meera.s3@icb,freshmart56@okhdfcbank,TXN165919,15000,N/A
REC008070,CASE0203,UPI,2023-12-18 06:00:00,meera.s3@icb,freshmart56@okhdfcbank,TXN223413,3000,N/A
REC008071,CASE0203,CDR,2023-12-19 03:00:00,+919820961541,+919882185605,356938057081308,318,"Sector 15, Gurugram"
REC008072,CASE0203,CDR,2023-12-19 19:00:00,+919820961541,+919804303675,356938057081308,182,"Andheri East, Mumbai"
REC008073,CASE0203,CDR,2023-12-20 01:00:00,+919820961541,+919882185605,356938057081308,403,"Sector 15, Gurugram"
REC008074,CASE0203,CDR,2023-12-20 07:00:00,+919820961541,+919864523290,356938057081308,465,"Anna Nagar, Chennai"
REC008075,CASE0203,CDR,2023-12-20 14:00:00,+919820961541,+919864523290,356938057081308,304,"Vaishali Nagar, Jaipur"
REC008076,CASE0203,UPI,2023-12-20 19:00:00,freshmart56@okhdfcbank,traders245@upi,TXN538391,48000,N/A
REC008077,CASE0203,UPI,2023-12-20 23:00:00,freshmart56@okhdfcbank,freshmart28@icb,TXN533738,7500,N/A
REC008078,CASE0203,CDR,2023-12-22 13:00:00,+919820961541,+919804303675,356938057081308,146,"Kothrud, Pune"
REC008079,CASE0203,UPI,2023-12-22 22:00:00,freshmart56@okhdfcbank,traders245@upi,TXN321365,500,N/A
REC008080,CASE0203,UPI,2023-12-23 12:00:00,meera.s3@icb,freshmart56@okhdfcbank,TXN523367,500,N/A
REC008081,CASE0203,CDR,2023-12-23 18:00:00,+919820961541,+919891551604,356938057081308,76,"Andheri East, Mumbai"
REC008082,CASE0203,UPI,2023-12-23 18:00:00,freshmart56@okhdfcbank,sunita.d51@paytm,TXN664256,15000,N/A
REC008083,CASE0204,UPI,2023-04-14 13:00:00,deepa.v68@paytm,meera.s86@upi,TXN439958,7500,N/A
REC008084,CASE0204,UPI,2023-04-14 15:00:00,deepa.v68@paytm,traders246@icb,TXN171229,1200,N/A
REC008085,CASE0204,CDR,2023-04-14 20:00:00,+919860222623,+919807765932,356938051487614,299,"Whitefield, Bengaluru"
REC008086,CASE0204,UPI,2023-04-15 02:00:00,kavita.n30@ybl,deepa.v68@paytm,TXN675796,7500,N/A
REC008087,CASE0204,CDR,2023-04-15 03:00:00,+919860222623,+919807765932,356938051487614,277,"Andheri East, Mumbai"
REC008088,CASE0204,UPI,2023-04-15 04:00:00,kavita.n30@ybl,deepa.v68@paytm,TXN997489,3000,N/A
REC008089,CASE0204,UPI,2023-04-15 09:00:00,deepa.v68@paytm,kavita.n58@icb,TXN414362,7500,N/A
REC008090,CASE0204,CDR,2023-04-15 16:00:00,+919860222623,+919888336447,356938051487614,85,"Salt Lake, Kolkata"
REC008091,CASE0204,CDR,2023-04-16 02:00:00,+919860222623,+919864189782,356938051487614,170,"Anna Nagar, Chennai"
REC008092,CASE0204,UPI,2023-04-16 07:00:00,kavita.n30@ybl,deepa.v68@paytm,TXN126179,7500,N/A
REC008093,CASE0204,CDR,2023-04-16 08:00:00,+919860222623,+919818640870,356938051487614,458,"Vaishali Nagar, Jaipur"
REC008094,CASE0204,CDR,2023-04-16 11:00:00,+919860222623,+919888336447,356938051487614,107,"Banjara Hills, Hyderabad"
REC008095,CASE0204,CDR,2023-04-16 17:00:00,+919860222623,+919895094245,356938051487614,461,"Andheri East, Mumbai"
REC008096,CASE0204,CDR,2023-04-16 18:00:00,+919860222623,+919884997083,356938051487614,196,"Andheri East, Mumbai"
REC008097,CASE0204,CDR,2023-04-16 19:00:00,+919860222623,+919864189782,356938051487614,253,"Banjara Hills, Hyderabad"
REC008098,CASE0204,CDR,2023-04-16 22:00:00,+919860222623,+919888336447,356938051487614,304,"Banjara Hills, Hyderabad"
REC008099,CASE0204,UPI,2023-04-17 01:00:00,deepa.v68@paytm,meera.s86@upi,TXN330398,48000,N/A
REC008100,CASE0204,UPI,2023-04-17 07:00:00,deepa.v68@paytm,rajesh.m80@icb,TXN162698,22000,N/A
REC008101,CASE0204,CDR,2023-04-17 10:00:00,+919860222623,+919807765932,356938051487614,312,"Salt Lake, Kolkata"
REC008102,CASE0204,UPI,2023-04-17 17:00:00,deepa.v68@paytm,rajesh.m80@icb,TXN401352,48000,N/A
REC008103,CASE0204,CDR,2023-04-18 08:00:00,+919860222623,+919807765932,356938051487614,48,"Andheri East, Mumbai"
REC008104,CASE0204,CDR,2023-04-18 10:00:00,+919860222623,+919864189782,356938051487614,179,"Andheri East, Mumbai"
REC008105,CASE0204,CDR,2023-04-18 11:00:00,+919860222623,+919807765932,356938051487614,210,"Banjara Hills, Hyderabad"
REC008106,CASE0204,CDR,2023-04-18 14:00:00,+919860222623,+919864189782,356938051487614,92,"Banjara Hills, Hyderabad"
REC008107,CASE0204,UPI,2023-04-18 20:00:00,deepa.v68@paytm,kavita.n58@icb,TXN215705,500,N/A
REC008108,CASE0204,UPI,2023-04-19 00:00:00,kavita.n30@ybl,deepa.v68@paytm,TXN152033,22000,N/A
REC008109,CASE0204,UPI,2023-04-19 01:00:00,deepa.v68@paytm,rajesh.m80@icb,TXN162348,7500,N/A
REC008110,CASE0204,UPI,2023-04-19 04:00:00,deepa.v68@paytm,traders246@icb,TXN691812,1200,N/A
REC008111,CASE0204,UPI,2023-04-19 11:00:00,kavita.n30@ybl,deepa.v68@paytm,TXN420770,3000,N/A
REC008112,CASE0204,CDR,2023-04-19 16:00:00,+919860222623,+919895094245,356938051487614,152,"Kothrud, Pune"
REC008113,CASE0204,CDR,2023-04-20 10:00:00,+919860222623,+919807765932,356938051487614,60,"Banjara Hills, Hyderabad"
REC008114,CASE0204,CDR,2023-04-20 10:00:00,+919860222623,+919888336447,356938051487614,350,"Whitefield, Bengaluru"
REC008115,CASE0204,UPI,2023-04-20 10:00:00,kavita.n30@ybl,deepa.v68@paytm,TXN531394,7500,N/A
REC008116,CASE0204,CDR,2023-04-21 01:00:00,+919860222623,+919807765932,356938051487614,344,"Cyber City, Gurugram"
REC008117,CASE0204,UPI,2023-04-21 05:00:00,deepa.v68@paytm,meera.s86@upi,TXN384490,3000,N/A
REC008118,CASE0204,CDR,2023-04-21 13:00:00,+919860222623,+919807765932,356938051487614,67,"Anna Nagar, Chennai"
REC008119,CASE0204,CDR,2023-04-21 15:00:00,+919860222623,+919818640870,356938051487614,124,"Salt Lake, Kolkata"
REC008120,CASE0204,CDR,2023-04-21 15:00:00,+919860222623,+919864189782,356938051487614,351,"Cyber City, Gurugram"
REC008121,CASE0204,CDR,2023-04-22 13:00:00,+919860222623,+919807765932,356938051487614,188,"Banjara Hills, Hyderabad"
REC008122,CASE0204,UPI,2023-04-22 13:00:00,deepa.v68@paytm,traders246@icb,TXN400575,3000,N/A
REC008123,CASE0204,UPI,2023-04-22 13:00:00,deepa.v68@paytm,rajesh.m80@icb,TXN797036,48000,N/A
REC008124,CASE0204,UPI,2023-04-22 14:00:00,kavita.n30@ybl,deepa.v68@paytm,TXN422402,3000,N/A
REC008125,CASE0204,UPI,2023-04-22 20:00:00,deepa.v68@paytm,meera.s86@upi,TXN360861,1200,N/A
REC008126,CASE0204,CDR,2023-04-23 02:00:00,+919860222623,+919836442667,356938051487614,73,"Kothrud, Pune"
REC008127,CASE0204,CDR,2023-04-23 03:00:00,+919860222623,+919864189782,356938051487614,150,"Kothrud, Pune"
REC008128,CASE0204,UPI,2023-04-23 04:00:00,deepa.v68@paytm,traders246@icb,TXN780119,500,N/A
REC008129,CASE0204,UPI,2023-04-23 18:00:00,kavita.n30@ybl,deepa.v68@paytm,TXN491960,1200,N/A
REC008130,CASE0204,CDR,2023-04-23 19:00:00,+919860222623,+919807765932,356938051487614,271,"Andheri East, Mumbai"
REC008131,CASE0204,CDR,2023-04-23 23:00:00,+919860222623,+919818640870,356938051487614,273,"Vaishali Nagar, Jaipur"
REC008132,CASE0205,CDR,2023-04-11 02:00:00,+919816297794,+919868692969,356938087870771,67,"Cyber City, Gurugram"
REC008133,CASE0205,CDR,2023-04-13 01:00:00,+919816297794,+919803200741,356938087870771,115,"Kothrud, Pune"
REC008134,CASE0205,UPI,2023-04-13 07:00:00,sanjay.p87@ybl,pooja.b68@icb,TXN561413,48000,N/A
REC008135,CASE0205,UPI,2023-04-13 15:00:00,sanjay.p87@ybl,pooja.b68@icb,TXN635540,7500,N/A
REC008136,CASE0205,CDR,2023-04-13 20:00:00,+919816297794,+919874278524,356938087870771,357,"Andheri East, Mumbai"
REC008137,CASE0205,UPI,2023-04-13 21:00:00,pooja.b68@icb,citypay66@ybl,TXN970354,22000,N/A
REC008138,CASE0205,UPI,2023-04-13 23:00:00,sanjay.p87@ybl,pooja.b68@icb,TXN929666,3000,N/A
REC008139,CASE0205,CDR,2023-04-14 20:00:00,+919816297794,+919875586377,356938087870771,375,"Banjara Hills, Hyderabad"
REC008140,CASE0205,CDR,2023-04-14 23:00:00,+919816297794,+919874278524,356938087870771,84,"Banjara Hills, Hyderabad"
REC008141,CASE0205,CDR,2023-04-16 01:00:00,+919816297794,+919868692969,356938087870771,278,"Sector 15, Gurugram"
REC008142,CASE0205,CDR,2023-04-16 17:00:00,+919816297794,+919825486179,356938087870771,332,"Andheri East, Mumbai"
REC008143,CASE0205,UPI,2023-04-17 06:00:00,pooja.b68@icb,citypay66@ybl,TXN171937,3000,N/A
REC008144,CASE0205,UPI,2023-04-17 08:00:00,sanjay.p87@ybl,pooja.b68@icb,TXN174076,48000,N/A
REC008145,CASE0205,CDR,2023-04-17 22:00:00,+919816297794,+919803200741,356938087870771,180,"Salt Lake, Kolkata"
REC008146,CASE0205,UPI,2023-04-17 22:00:00,pooja.b68@icb,vikram.t77@okhdfcbank,TXN129689,48000,N/A
REC008147,CASE0205,CDR,2023-04-19 02:00:00,+919816297794,+919868692969,356938087870771,230,"Sector 15, Gurugram"
REC008148,CASE0205,UPI,2023-04-19 06:00:00,pooja.b68@icb,citypay66@ybl,TXN389757,48000,N/A
REC008149,CASE0205,CDR,2023-04-19 15:00:00,+919816297794,+919874278524,356938087870771,344,"Connaught Place, Delhi"
REC008150,CASE0205,CDR,2023-04-20 21:00:00,+919816297794,+919875586377,356938087870771,22,"Andheri East, Mumbai"
REC008151,CASE0205,CDR,2023-04-21 00:00:00,+919816297794,+919868692969,356938087870771,474,"Sector 15, Gurugram"
REC008152,CASE0205,UPI,2023-04-21 00:00:00,sanjay.p87@ybl,pooja.b68@icb,TXN249258,1200,N/A
REC008153,CASE0206,CDR,2024-02-21 01:00:00,+919804015348,+919871984189,356938005154805,313,"Anna Nagar, Chennai"
REC008154,CASE0206,CDR,2024-02-21 07:00:00,+919804015348,+919863964836,356938005154805,283,"Vaishali Nagar, Jaipur"
REC008155,CASE0206,UPI,2024-02-21 09:00:00,amitpay30@ybl,deepa.v56@okhdfcbank,TXN300496,7500,N/A
REC008156,CASE0206,CDR,2024-02-22 04:00:00,+919804015348,+919828512633,356938005154805,41,"Cyber City, Gurugram"
REC008157,CASE0206,UPI,2024-02-22 12:00:00,quickcash37@okhdfcbank,amitpay30@ybl,TXN742430,3000,N/A
REC008158,CASE0206,UPI,2024-02-22 12:00:00,quickcash37@okhdfcbank,amitpay30@ybl,TXN805024,48000,N/A
REC008159,CASE0206,CDR,2024-02-22 14:00:00,+919804015348,+919806342304,356938005154805,240,"Vaishali Nagar, Jaipur"
REC008160,CASE0206,CDR,2024-02-22 19:00:00,+919804015348,+919817822863,356938005154805,213,"Cyber City, Gurugram"
REC008161,CASE0206,CDR,2024-02-22 20:00:00,+919804015348,+919817822863,356938005154805,55,"Kothrud, Pune"
REC008162,CASE0206,UPI,2024-02-23 02:00:00,quickcash37@okhdfcbank,amitpay30@ybl,TXN905878,48000,N/A
REC008163,CASE0206,CDR,2024-02-23 04:00:00,+919804015348,+919817822863,356938005154805,399,"Anna Nagar, Chennai"
REC008164,CASE0206,CDR,2024-02-23 16:00:00,+919804015348,+919897352841,356938005154805,230,"Banjara Hills, Hyderabad"
REC008165,CASE0206,UPI,2024-02-23 23:00:00,quickcash37@okhdfcbank,amitpay30@ybl,TXN910367,3000,N/A
REC008166,CASE0206,CDR,2024-02-24 00:00:00,+919804015348,+919817822863,356938005154805,273,"Cyber City, Gurugram"
REC008167,CASE0206,CDR,2024-02-24 20:00:00,+919804015348,+919806342304,356938005154805,427,"Vaishali Nagar, Jaipur"
REC008168,CASE0206,UPI,2024-02-25 19:00:00,amitpay30@ybl,amitpay25@okhdfcbank,TXN807575,500,N/A
REC008169,CASE0206,UPI,2024-02-25 21:00:00,quickcash37@okhdfcbank,amitpay30@ybl,TXN500272,22000,N/A
REC008170,CASE0206,UPI,2024-02-26 02:00:00,amitpay30@ybl,deepa.v56@okhdfcbank,TXN132910,22000,N/A
REC008171,CASE0206,UPI,2024-02-26 10:00:00,amitpay30@ybl,deepa.v70@ybl,TXN221027,3000,N/A
REC008172,CASE0206,CDR,2024-02-27 06:00:00,+919804015348,+919828512633,356938005154805,180,"Anna Nagar, Chennai"
REC008173,CASE0206,CDR,2024-02-28 06:00:00,+919804015348,+919806342304,356938005154805,361,"Kothrud, Pune"
REC008174,CASE0206,CDR,2024-02-28 08:00:00,+919804015348,+919871984189,356938005154805,139,"Salt Lake, Kolkata"
REC008175,CASE0206,CDR,2024-02-28 09:00:00,+919804015348,+919897352841,356938005154805,143,"Kothrud, Pune"
REC008176,CASE0206,CDR,2024-02-28 15:00:00,+919804015348,+919897352841,356938005154805,65,"Salt Lake, Kolkata"
REC008177,CASE0206,UPI,2024-02-28 22:00:00,amitpay30@ybl,amitpay25@okhdfcbank,TXN999294,1200,N/A
REC008178,CASE0206,UPI,2024-02-29 13:00:00,amitpay30@ybl,amitpay25@okhdfcbank,TXN963378,48000,N/A
REC008179,CASE0206,CDR,2024-02-29 16:00:00,+919804015348,+919871984189,356938005154805,455,"Cyber City, Gurugram"
REC008180,CASE0206,CDR,2024-03-01 02:00:00,+919804015348,+919897352841,356938005154805,149,"Vaishali Nagar, Jaipur"
REC008181,CASE0206,CDR,2024-03-01 03:00:00,+919804015348,+919828512633,356938005154805,265,"Salt Lake, Kolkata"
REC008182,CASE0206,CDR,2024-03-01 14:00:00,+919804015348,+919871984189,356938005154805,285,"Sector 15, Gurugram"
REC008183,CASE0206,CDR,2024-03-01 14:00:00,+919804015348,+919806342304,356938005154805,330,"Andheri East, Mumbai"
REC008184,CASE0206,CDR,2024-03-01 22:00:00,+919804015348,+919863964836,356938005154805,209,"Kothrud, Pune"
REC008185,CASE0206,CDR,2024-03-02 00:00:00,+919804015348,+919806342304,356938005154805,49,"Connaught Place, Delhi"
REC008186,CASE0207,UPI,2023-12-03 07:00:00,sanjay.p49@icb,pooja.b38@paytm,TXN229975,1200,N/A
REC008187,CASE0207,UPI,2023-12-03 17:00:00,pooja.b38@paytm,deepa.v34@upi,TXN926290,22000,N/A
REC008188,CASE0207,CDR,2023-12-04 11:00:00,+919870626515,+919839528367,356938066099933,311,"Cyber City, Gurugram"
REC008189,CASE0207,UPI,2023-12-04 19:00:00,pooja.b38@paytm,rajesh.m3@icb,TXN156200,15000,N/A
REC008190,CASE0207,UPI,2023-12-04 20:00:00,sanjay.p49@icb,pooja.b38@paytm,TXN860281,22000,N/A
REC008191,CASE0207,CDR,2023-12-05 03:00:00,+919870626515,+919885169951,356938066099933,61,"Kothrud, Pune"
REC008192,CASE0207,CDR,2023-12-05 15:00:00,+919870626515,+919847573947,356938066099933,486,"Salt Lake, Kolkata"
REC008193,CASE0207,CDR,2023-12-05 22:00:00,+919870626515,+919847573947,356938066099933,248,"Connaught Place, Delhi"
REC008194,CASE0207,UPI,2023-12-06 04:00:00,pooja.b38@paytm,meera.s76@icb,TXN764566,15000,N/A
REC008195,CASE0207,CDR,2023-12-06 21:00:00,+919870626515,+919847573947,356938066099933,316,"Anna Nagar, Chennai"
REC008196,CASE0207,CDR,2023-12-07 09:00:00,+919870626515,+919885169951,356938066099933,404,"Banjara Hills, Hyderabad"
REC008197,CASE0207,CDR,2023-12-07 19:00:00,+919870626515,+919885169951,356938066099933,232,"Banjara Hills, Hyderabad"
REC008198,CASE0207,CDR,2023-12-07 21:00:00,+919870626515,+919885169951,356938066099933,328,"Salt Lake, Kolkata"
REC008199,CASE0207,UPI,2023-12-08 04:00:00,pooja.b38@paytm,meera.s76@icb,TXN617264,500,N/A
REC008200,CASE0207,CDR,2023-12-09 15:00:00,+919870626515,+919847573947,356938066099933,71,"Cyber City, Gurugram"
REC008201,CASE0207,CDR,2023-12-10 01:00:00,+919870626515,+919839528367,356938066099933,105,"Vaishali Nagar, Jaipur"
REC008202,CASE0207,UPI,2023-12-10 13:00:00,pooja.b38@paytm,traders2427@upi,TXN915668,15000,N/A
REC008203,CASE0207,CDR,2023-12-12 07:00:00,+919870626515,+919847573947,356938066099933,445,"Banjara Hills, Hyderabad"
REC008204,CASE0207,UPI,2023-12-12 12:00:00,pooja.b38@paytm,rajesh.m3@icb,TXN117523,7500,N/A
REC008205,CASE0207,CDR,2023-12-12 23:00:00,+919870626515,+919870239009,356938066099933,336,"Banjara Hills, Hyderabad"
REC008206,CASE0208,CDR,2023-07-09 10:00:00,+919836736151,+919854368147,356938092925682,98,"Vaishali Nagar, Jaipur"
REC008207,CASE0208,UPI,2023-07-10 08:00:00,ravi.k59@upi,freshmart37@icb,TXN610006,1200,N/A
REC008208,CASE0208,CDR,2023-07-10 21:00:00,+919836736151,+919879692452,356938092925682,487,"Banjara Hills, Hyderabad"
REC008209,CASE0208,CDR,2023-07-11 00:00:00,+919836736151,+919826501481,356938092925682,316,"Sector 15, Gurugram"
REC008210,CASE0208,UPI,2023-07-11 11:00:00,ravi.k59@upi,sanjay.p5@paytm,TXN199796,48000,N/A
REC008211,CASE0208,UPI,2023-07-11 19:00:00,ravi.k59@upi,freshmart37@icb,TXN225915,48000,N/A
REC008212,CASE0208,CDR,2023-07-11 21:00:00,+919836736151,+919823270748,356938092925682,235,"Anna Nagar, Chennai"
REC008213,CASE0208,UPI,2023-07-13 13:00:00,kavita.n47@icb,ravi.k59@upi,TXN151306,500,N/A
REC008214,CASE0208,CDR,2023-07-13 14:00:00,+919836736151,+919854368147,356938092925682,68,"Banjara Hills, Hyderabad"
REC008215,CASE0208,CDR,2023-07-15 00:00:00,+919836736151,+919823270748,356938092925682,114,"Connaught Place, Delhi"
REC008216,CASE0208,CDR,2023-07-15 21:00:00,+919836736151,+919879692452,356938092925682,478,"Anna Nagar, Chennai"
REC008217,CASE0208,CDR,2023-07-15 22:00:00,+919836736151,+919826151243,356938092925682,383,"Cyber City, Gurugram"
REC008218,CASE0208,UPI,2023-07-16 08:00:00,ravi.k59@upi,freshmart37@icb,TXN924827,15000,N/A
REC008219,CASE0208,CDR,2023-07-16 09:00:00,+919836736151,+919832755243,356938092925682,472,"Anna Nagar, Chennai"
REC008220,CASE0208,CDR,2023-07-16 16:00:00,+919836736151,+919826501481,356938092925682,111,"Whitefield, Bengaluru"
REC008221,CASE0208,UPI,2023-07-16 21:00:00,kavita.n47@icb,ravi.k59@upi,TXN662175,22000,N/A
REC008222,CASE0208,UPI,2023-07-16 22:00:00,kavita.n47@icb,ravi.k59@upi,TXN215595,500,N/A
REC008223,CASE0208,UPI,2023-07-17 13:00:00,ravi.k59@upi,quickcash27@okhdfcbank,TXN416766,7500,N/A
REC008224,CASE0208,CDR,2023-07-18 04:00:00,+919836736151,+919828226460,356938092925682,192,"Banjara Hills, Hyderabad"
REC008225,CASE0208,CDR,2023-07-18 07:00:00,+919836736151,+919826151243,356938092925682,468,"Whitefield, Bengaluru"
REC008226,CASE0208,CDR,2023-07-18 18:00:00,+919836736151,+919832755243,356938092925682,498,"Anna Nagar, Chennai"
REC008227,CASE0209,CDR,2024-01-08 00:00:00,+919878887780,+919870738484,356938074249597,296,"Anna Nagar, Chennai"
REC008228,CASE0209,CDR,2024-01-08 21:00:00,+919878887780,+919839257737,356938074249597,400,"Andheri East, Mumbai"
REC008229,CASE0209,UPI,2024-01-08 22:00:00,deepa.v83@upi,sunita.d87@ybl,TXN113620,22000,N/A
REC008230,CASE0209,CDR,2024-01-09 03:00:00,+919878887780,+919855219764,356938074249597,61,"Andheri East, Mumbai"
REC008231,CASE0209,CDR,2024-01-09 10:00:00,+919878887780,+919839257737,356938074249597,233,"Kothrud, Pune"
REC008232,CASE0209,CDR,2024-01-09 10:00:00,+919878887780,+919896546571,356938074249597,332,"Salt Lake, Kolkata"
REC008233,CASE0209,UPI,2024-01-09 15:00:00,deepa.v83@upi,quickcash29@okhdfcbank,TXN764727,3000,N/A
REC008234,CASE0209,CDR,2024-01-09 16:00:00,+919878887780,+919843115119,356938074249597,42,"Connaught Place, Delhi"
REC008235,CASE0209,CDR,2024-01-09 19:00:00,+919878887780,+919839257737,356938074249597,395,"Andheri East, Mumbai"
REC008236,CASE0209,CDR,2024-01-09 22:00:00,+919878887780,+919855219764,356938074249597,412,"Connaught Place, Delhi"
REC008237,CASE0209,UPI,2024-01-09 22:00:00,meera.s80@upi,deepa.v83@upi,TXN470149,3000,N/A
REC008238,CASE0209,CDR,2024-01-10 01:00:00,+919878887780,+919843115119,356938074249597,199,"Sector 15, Gurugram"
REC008239,CASE0209,CDR,2024-01-10 01:00:00,+919878887780,+919870738484,356938074249597,110,"Anna Nagar, Chennai"
REC008240,CASE0209,UPI,2024-01-10 05:00:00,deepa.v83@upi,sunita.d87@ybl,TXN535184,15000,N/A
REC008241,CASE0209,CDR,2024-01-10 06:00:00,+919878887780,+919884849075,356938074249597,185,"Kothrud, Pune"
REC008242,CASE0209,CDR,2024-01-10 06:00:00,+919878887780,+919884849075,356938074249597,347,"Connaught Place, Delhi"
REC008243,CASE0209,CDR,2024-01-10 06:00:00,+919878887780,+919822936818,356938074249597,104,"Anna Nagar, Chennai"
REC008244,CASE0209,CDR,2024-01-10 10:00:00,+919878887780,+919884849075,356938074249597,439,"Salt Lake, Kolkata"
REC008245,CASE0209,CDR,2024-01-10 14:00:00,+919878887780,+919870738484,356938074249597,418,"Andheri East, Mumbai"
REC008246,CASE0209,CDR,2024-01-10 20:00:00,+919878887780,+919843115119,356938074249597,153,"Andheri East, Mumbai"
REC008247,CASE0209,UPI,2024-01-10 22:00:00,deepa.v83@upi,quickcash29@okhdfcbank,TXN159263,22000,N/A
REC008248,CASE0209,CDR,2024-01-10 23:00:00,+919878887780,+919896546571,356938074249597,327,"Andheri East, Mumbai"
REC008249,CASE0209,UPI,2024-01-11 10:00:00,meera.s80@upi,deepa.v83@upi,TXN811363,500,N/A
REC008250,CASE0209,UPI,2024-01-11 11:00:00,meera.s80@upi,deepa.v83@upi,TXN382826,3000,N/A
REC008251,CASE0209,UPI,2024-01-11 16:00:00,deepa.v83@upi,amitpay11@paytm,TXN553128,48000,N/A
REC008252,CASE0209,CDR,2024-01-11 17:00:00,+919878887780,+919839257737,356938074249597,186,"Kothrud, Pune"
REC008253,CASE0209,CDR,2024-01-11 19:00:00,+919878887780,+919896546571,356938074249597,17,"Cyber City, Gurugram"
REC008254,CASE0209,CDR,2024-01-11 19:00:00,+919878887780,+919896546571,356938074249597,243,"Connaught Place, Delhi"
REC008255,CASE0209,CDR,2024-01-11 21:00:00,+919878887780,+919855219764,356938074249597,128,"Anna Nagar, Chennai"
REC008256,CASE0209,UPI,2024-01-11 21:00:00,deepa.v83@upi,sunita.d87@ybl,TXN973535,7500,N/A
REC008257,CASE0209,CDR,2024-01-12 01:00:00,+919878887780,+919843115119,356938074249597,481,"Salt Lake, Kolkata"
REC008258,CASE0209,CDR,2024-01-12 03:00:00,+919878887780,+919855219764,356938074249597,479,"Kothrud, Pune"
REC008259,CASE0209,CDR,2024-01-12 03:00:00,+919878887780,+919884849075,356938074249597,46,"Whitefield, Bengaluru"
REC008260,CASE0209,UPI,2024-01-12 09:00:00,deepa.v83@upi,deepa.v4@icb,TXN153416,500,N/A
REC008261,CASE0209,UPI,2024-01-12 11:00:00,meera.s80@upi,deepa.v83@upi,TXN773788,7500,N/A
REC008262,CASE0209,UPI,2024-01-12 22:00:00,deepa.v83@upi,amitpay11@paytm,TXN520572,7500,N/A
REC008263,CASE0209,CDR,2024-01-13 08:00:00,+919878887780,+919870738484,356938074249597,72,"Whitefield, Bengaluru"
REC008264,CASE0209,UPI,2024-01-13 11:00:00,deepa.v83@upi,quickcash29@okhdfcbank,TXN767908,22000,N/A
REC008265,CASE0209,CDR,2024-01-13 20:00:00,+919878887780,+919896546571,356938074249597,147,"Connaught Place, Delhi"
REC008266,CASE0209,CDR,2024-01-13 23:00:00,+919878887780,+919839257737,356938074249597,194,"Cyber City, Gurugram"
REC008267,CASE0209,UPI,2024-01-14 06:00:00,deepa.v83@upi,deepa.v4@icb,TXN585905,22000,N/A
REC008268,CASE0209,UPI,2024-01-14 16:00:00,meera.s80@upi,deepa.v83@upi,TXN836328,7500,N/A
REC008269,CASE0209,CDR,2024-01-15 01:00:00,+919878887780,+919855219764,356938074249597,300,"Sector 15, Gurugram"
REC008270,CASE0209,CDR,2024-01-15 23:00:00,+919878887780,+919839257737,356938074249597,157,"Cyber City, Gurugram"
REC008271,CASE0209,UPI,2024-01-16 03:00:00,deepa.v83@upi,quickcash29@okhdfcbank,TXN578547,1200,N/A
REC008272,CASE0209,CDR,2024-01-16 06:00:00,+919878887780,+919822936818,356938074249597,85,"Anna Nagar, Chennai"
REC008273,CASE0209,CDR,2024-01-16 06:00:00,+919878887780,+919839257737,356938074249597,393,"Kothrud, Pune"
REC008274,CASE0209,UPI,2024-01-16 07:00:00,deepa.v83@upi,sunita.d87@ybl,TXN850003,15000,N/A
REC008275,CASE0209,UPI,2024-01-16 11:00:00,deepa.v83@upi,deepa.v4@icb,TXN290151,22000,N/A
REC008276,CASE0209,CDR,2024-01-17 13:00:00,+919878887780,+919843115119,356938074249597,279,"Salt Lake, Kolkata"
REC008277,CASE0209,CDR,2024-01-17 17:00:00,+919878887780,+919839257737,356938074249597,246,"Anna Nagar, Chennai"
REC008278,CASE0209,CDR,2024-01-17 17:00:00,+919878887780,+919884849075,356938074249597,219,"Sector 15, Gurugram"
REC008279,CASE0210,CDR,2023-03-11 04:00:00,+919817384930,+919871349203,356938028920907,22,"Vaishali Nagar, Jaipur"
REC008280,CASE0210,CDR,2023-03-11 14:00:00,+919817384930,+919875135019,356938028920907,52,"Salt Lake, Kolkata"
REC008281,CASE0210,UPI,2023-03-11 15:00:00,deepa.v32@upi,anita.r60@icb,TXN721897,500,N/A
REC008282,CASE0210,UPI,2023-03-11 17:00:00,deepa.v32@upi,pooja.b57@ybl,TXN630277,500,N/A
REC008283,CASE0210,CDR,2023-03-11 21:00:00,+919817384930,+919895622412,356938028920907,226,"Connaught Place, Delhi"
REC008284,CASE0210,CDR,2023-03-12 07:00:00,+919817384930,+919807171005,356938028920907,488,"Andheri East, Mumbai"
REC008285,CASE0210,UPI,2023-03-12 07:00:00,ravi.k13@ybl,deepa.v32@upi,TXN673737,1200,N/A
REC008286,CASE0210,UPI,2023-03-12 18:00:00,deepa.v32@upi,pooja.b57@ybl,TXN492825,500,N/A
REC008287,CASE0210,CDR,2023-03-13 01:00:00,+919817384930,+919875135019,356938028920907,344,"Sector 15, Gurugram"
REC008288,CASE0210,UPI,2023-03-13 03:00:00,ravi.k13@ybl,deepa.v32@upi,TXN597000,500,N/A
REC008289,CASE0210,UPI,2023-03-13 05:00:00,ravi.k13@ybl,deepa.v32@upi,TXN671222,3000,N/A
REC008290,CASE0210,CDR,2023-03-13 10:00:00,+919817384930,+919874306831,356938028920907,218,"Banjara Hills, Hyderabad"
REC008291,CASE0210,UPI,2023-03-13 14:00:00,deepa.v32@upi,pooja.b57@ybl,TXN103980,1200,N/A
REC008292,CASE0210,CDR,2023-03-14 02:00:00,+919817384930,+919825810758,356938028920907,391,"Salt Lake, Kolkata"
REC008293,CASE0210,UPI,2023-03-14 08:00:00,deepa.v32@upi,sunita.d42@paytm,TXN303013,3000,N/A
REC008294,CASE0210,UPI,2023-03-14 10:00:00,ravi.k13@ybl,deepa.v32@upi,TXN958736,48000,N/A
REC008295,CASE0210,UPI,2023-03-14 10:00:00,deepa.v32@upi,meera.s36@icb,TXN942558,500,N/A
REC008296,CASE0210,UPI,2023-03-14 11:00:00,deepa.v32@upi,anita.r60@icb,TXN362072,3000,N/A
REC008297,CASE0210,CDR,2023-03-14 12:00:00,+919817384930,+919874306831,356938028920907,309,"Sector 15, Gurugram"
REC008298,CASE0210,UPI,2023-03-14 14:00:00,deepa.v32@upi,anita.r60@icb,TXN742328,15000,N/A
REC008299,CASE0210,CDR,2023-03-14 19:00:00,+919817384930,+919874306831,356938028920907,33,"Vaishali Nagar, Jaipur"
REC008300,CASE0210,CDR,2023-03-15 00:00:00,+919817384930,+919807171005,356938028920907,277,"Anna Nagar, Chennai"
REC008301,CASE0210,CDR,2023-03-15 01:00:00,+919817384930,+919825810758,356938028920907,81,"Sector 15, Gurugram"
REC008302,CASE0210,CDR,2023-03-15 02:00:00,+919817384930,+919807171005,356938028920907,470,"Salt Lake, Kolkata"
REC008303,CASE0210,CDR,2023-03-15 17:00:00,+919817384930,+919875135019,356938028920907,296,"Kothrud, Pune"
REC008304,CASE0210,CDR,2023-03-15 20:00:00,+919817384930,+919807171005,356938028920907,253,"Vaishali Nagar, Jaipur"
REC008305,CASE0210,CDR,2023-03-16 04:00:00,+919817384930,+919875135019,356938028920907,223,"Whitefield, Bengaluru"
REC008306,CASE0210,CDR,2023-03-16 06:00:00,+919817384930,+919871697591,356938028920907,180,"Sector 15, Gurugram"
REC008307,CASE0210,UPI,2023-03-16 14:00:00,deepa.v32@upi,meera.s36@icb,TXN398840,3000,N/A
REC008308,CASE0210,UPI,2023-03-16 14:00:00,deepa.v32@upi,anita.r60@icb,TXN186899,22000,N/A
REC008309,CASE0210,CDR,2023-03-16 20:00:00,+919817384930,+919871349203,356938028920907,223,"Vaishali Nagar, Jaipur"
REC008310,CASE0210,CDR,2023-03-16 21:00:00,+919817384930,+919871697591,356938028920907,158,"Sector 15, Gurugram"
REC008311,CASE0210,CDR,2023-03-16 23:00:00,+919817384930,+919807171005,356938028920907,131,"Cyber City, Gurugram"
REC008312,CASE0210,UPI,2023-03-17 04:00:00,deepa.v32@upi,anita.r60@icb,TXN285782,15000,N/A
REC008313,CASE0210,CDR,2023-03-17 08:00:00,+919817384930,+919874306831,356938028920907,458,"Kothrud, Pune"
REC008314,CASE0210,UPI,2023-03-17 08:00:00,ravi.k13@ybl,deepa.v32@upi,TXN860646,15000,N/A
REC008315,CASE0210,UPI,2023-03-17 18:00:00,ravi.k13@ybl,deepa.v32@upi,TXN350857,22000,N/A
REC008316,CASE0210,CDR,2023-03-17 20:00:00,+919817384930,+919871349203,356938028920907,379,"Whitefield, Bengaluru"
REC008317,CASE0210,CDR,2023-03-17 22:00:00,+919817384930,+919875135019,356938028920907,161,"Anna Nagar, Chennai"
REC008318,CASE0210,CDR,2023-03-18 00:00:00,+919817384930,+919825810758,356938028920907,167,"Banjara Hills, Hyderabad"
REC008319,CASE0210,CDR,2023-03-18 02:00:00,+919817384930,+919874306831,356938028920907,449,"Salt Lake, Kolkata"
REC008320,CASE0210,UPI,2023-03-18 10:00:00,deepa.v32@upi,sunita.d42@paytm,TXN631146,3000,N/A
REC008321,CASE0210,CDR,2023-03-18 12:00:00,+919817384930,+919871349203,356938028920907,424,"Connaught Place, Delhi"
REC008322,CASE0210,CDR,2023-03-18 13:00:00,+919817384930,+919871349203,356938028920907,252,"Vaishali Nagar, Jaipur"
REC008323,CASE0210,UPI,2023-03-18 19:00:00,deepa.v32@upi,meera.s36@icb,TXN273337,1200,N/A
REC008324,CASE0210,CDR,2023-03-19 02:00:00,+919817384930,+919871349203,356938028920907,469,"Whitefield, Bengaluru"
REC008325,CASE0210,UPI,2023-03-19 02:00:00,deepa.v32@upi,meera.s36@icb,TXN906641,7500,N/A
REC008326,CASE0210,CDR,2023-03-19 06:00:00,+919817384930,+919874306831,356938028920907,264,"Whitefield, Bengaluru"
REC008327,CASE0210,CDR,2023-03-19 09:00:00,+919817384930,+919807171005,356938028920907,247,"Anna Nagar, Chennai"
REC008328,CASE0210,CDR,2023-03-19 12:00:00,+919817384930,+919871349203,356938028920907,201,"Vaishali Nagar, Jaipur"
REC008329,CASE0210,UPI,2023-03-19 20:00:00,ravi.k13@ybl,deepa.v32@upi,TXN900901,22000,N/A
REC008330,CASE0210,CDR,2023-03-19 21:00:00,+919817384930,+919825810758,356938028920907,447,"Banjara Hills, Hyderabad"
REC008331,CASE0210,UPI,2023-03-19 23:00:00,deepa.v32@upi,sunita.d42@paytm,TXN141791,15000,N/A
REC008332,CASE0210,CDR,2023-03-20 03:00:00,+919817384930,+919871697591,356938028920907,89,"Cyber City, Gurugram"
REC008333,CASE0210,UPI,2023-03-20 09:00:00,ravi.k13@ybl,deepa.v32@upi,TXN451233,500,N/A
REC008334,CASE0210,UPI,2023-03-20 18:00:00,ravi.k13@ybl,deepa.v32@upi,TXN867262,3000,N/A
REC008335,CASE0211,CDR,2023-10-05 01:00:00,+919891220950,+919863749236,356938030330506,449,"Vaishali Nagar, Jaipur"
REC008336,CASE0211,UPI,2023-10-05 02:00:00,sanjay.p1@ybl,meera.s39@icb,TXN729534,48000,N/A
REC008337,CASE0211,UPI,2023-10-05 05:00:00,sunita.d87@upi,sanjay.p1@ybl,TXN835619,500,N/A
REC008338,CASE0211,CDR,2023-10-05 18:00:00,+919891220950,+919860181032,356938030330506,163,"Sector 15, Gurugram"
REC008339,CASE0211,CDR,2023-10-06 00:00:00,+919891220950,+919828489550,356938030330506,357,"Banjara Hills, Hyderabad"
REC008340,CASE0211,UPI,2023-10-06 05:00:00,sanjay.p1@ybl,meera.s73@upi,TXN126237,1200,N/A
REC008341,CASE0211,CDR,2023-10-06 08:00:00,+919891220950,+919868203104,356938030330506,166,"Vaishali Nagar, Jaipur"
REC008342,CASE0211,UPI,2023-10-06 11:00:00,sanjay.p1@ybl,meera.s39@icb,TXN637538,15000,N/A
REC008343,CASE0211,CDR,2023-10-06 22:00:00,+919891220950,+919860181032,356938030330506,318,"Cyber City, Gurugram"
REC008344,CASE0211,CDR,2023-10-07 02:00:00,+919891220950,+919882469026,356938030330506,244,"Anna Nagar, Chennai"
REC008345,CASE0211,CDR,2023-10-08 00:00:00,+919891220950,+919845112637,356938030330506,320,"Whitefield, Bengaluru"
REC008346,CASE0211,UPI,2023-10-08 08:00:00,sanjay.p1@ybl,anita.r59@okhdfcbank,TXN822707,22000,N/A
REC008347,CASE0211,CDR,2023-10-08 11:00:00,+919891220950,+919863749236,356938030330506,103,"Andheri East, Mumbai"
REC008348,CASE0211,UPI,2023-10-08 18:00:00,sanjay.p1@ybl,meera.s73@upi,TXN662488,3000,N/A
REC008349,CASE0211,CDR,2023-10-08 21:00:00,+919891220950,+919845112637,356938030330506,216,"Banjara Hills, Hyderabad"
REC008350,CASE0211,UPI,2023-10-09 01:00:00,sunita.d87@upi,sanjay.p1@ybl,TXN948942,22000,N/A
REC008351,CASE0211,CDR,2023-10-09 06:00:00,+919891220950,+919860181032,356938030330506,267,"Salt Lake, Kolkata"
REC008352,CASE0211,CDR,2023-10-10 05:00:00,+919891220950,+919845112637,356938030330506,228,"Anna Nagar, Chennai"
REC008353,CASE0211,CDR,2023-10-10 11:00:00,+919891220950,+919879105277,356938030330506,416,"Banjara Hills, Hyderabad"
REC008354,CASE0211,CDR,2023-10-11 17:00:00,+919891220950,+919882469026,356938030330506,62,"Vaishali Nagar, Jaipur"
REC008355,CASE0211,UPI,2023-10-11 17:00:00,sunita.d87@upi,sanjay.p1@ybl,TXN820732,15000,N/A
REC008356,CASE0211,CDR,2023-10-11 22:00:00,+919891220950,+919868203104,356938030330506,220,"Kothrud, Pune"
REC008357,CASE0211,CDR,2023-10-11 23:00:00,+919891220950,+919828489550,356938030330506,335,"Andheri East, Mumbai"
REC008358,CASE0211,UPI,2023-10-12 01:00:00,sunita.d87@upi,sanjay.p1@ybl,TXN344126,22000,N/A
REC008359,CASE0211,CDR,2023-10-12 04:00:00,+919891220950,+919879105277,356938030330506,456,"Cyber City, Gurugram"
REC008360,CASE0211,CDR,2023-10-13 02:00:00,+919891220950,+919845112637,356938030330506,296,"Sector 15, Gurugram"
REC008361,CASE0211,CDR,2023-10-13 06:00:00,+919891220950,+919879105277,356938030330506,417,"Whitefield, Bengaluru"
REC008362,CASE0211,CDR,2023-10-13 07:00:00,+919891220950,+919863749236,356938030330506,66,"Andheri East, Mumbai"
REC008363,CASE0211,CDR,2023-10-13 07:00:00,+919891220950,+919882469026,356938030330506,74,"Anna Nagar, Chennai"
REC008364,CASE0211,UPI,2023-10-13 22:00:00,sunita.d87@upi,sanjay.p1@ybl,TXN598799,500,N/A
REC008365,CASE0211,UPI,2023-10-14 16:00:00,sanjay.p1@ybl,anita.r59@okhdfcbank,TXN221493,1200,N/A
REC008366,CASE0211,CDR,2023-10-14 19:00:00,+919891220950,+919879105277,356938030330506,424,"Kothrud, Pune"
REC008367,CASE0211,CDR,2023-10-14 21:00:00,+919891220950,+919882469026,356938030330506,468,"Sector 15, Gurugram"
REC008368,CASE0212,UPI,2024-07-31 13:00:00,meera.s99@icb,sanjay.p91@icb,TXN572260,15000,N/A
REC008369,CASE0212,CDR,2024-08-01 02:00:00,+919803111781,+919860603462,356938096878229,24,"Anna Nagar, Chennai"
REC008370,CASE0212,UPI,2024-08-01 02:00:00,rajesh.m53@okhdfcbank,meera.s99@icb,TXN543733,15000,N/A
REC008371,CASE0212,UPI,2024-08-02 15:00:00,meera.s99@icb,kavita.n39@paytm,TXN952626,48000,N/A
REC008372,CASE0212,UPI,2024-08-03 07:00:00,meera.s99@icb,sanjay.p91@icb,TXN622261,7500,N/A
REC008373,CASE0212,CDR,2024-08-03 09:00:00,+919803111781,+919812106378,356938096878229,201,"Anna Nagar, Chennai"
REC008374,CASE0212,UPI,2024-08-03 10:00:00,meera.s99@icb,kavita.n39@paytm,TXN588903,7500,N/A
REC008375,CASE0212,UPI,2024-08-03 18:00:00,rajesh.m53@okhdfcbank,meera.s99@icb,TXN229058,15000,N/A
REC008376,CASE0212,CDR,2024-08-04 16:00:00,+919803111781,+919854570921,356938096878229,382,"Banjara Hills, Hyderabad"
REC008377,CASE0212,CDR,2024-08-05 06:00:00,+919803111781,+919860603462,356938096878229,163,"Sector 15, Gurugram"
REC008378,CASE0212,CDR,2024-08-05 09:00:00,+919803111781,+919812106378,356938096878229,105,"Whitefield, Bengaluru"
REC008379,CASE0212,CDR,2024-08-05 11:00:00,+919803111781,+919860603462,356938096878229,409,"Connaught Place, Delhi"
REC008380,CASE0212,UPI,2024-08-05 14:00:00,meera.s99@icb,citypay1@upi,TXN833652,500,N/A
REC008381,CASE0212,CDR,2024-08-06 07:00:00,+919803111781,+919827418485,356938096878229,278,"Cyber City, Gurugram"
REC008382,CASE0212,CDR,2024-08-06 13:00:00,+919803111781,+919827418485,356938096878229,311,"Cyber City, Gurugram"
REC008383,CASE0212,CDR,2024-08-06 19:00:00,+919803111781,+919827418485,356938096878229,281,"Sector 15, Gurugram"
REC008384,CASE0212,CDR,2024-08-07 02:00:00,+919803111781,+919835173661,356938096878229,188,"Connaught Place, Delhi"
REC008385,CASE0212,UPI,2024-08-07 08:00:00,rajesh.m53@okhdfcbank,meera.s99@icb,TXN903288,1200,N/A
REC008386,CASE0212,UPI,2024-08-07 16:00:00,meera.s99@icb,citypay1@upi,TXN753926,15000,N/A
REC008387,CASE0212,CDR,2024-08-08 18:00:00,+919803111781,+919893150584,356938096878229,193,"Anna Nagar, Chennai"
REC008388,CASE0212,CDR,2024-08-08 23:00:00,+919803111781,+919812106378,356938096878229,267,"Anna Nagar, Chennai"
REC008389,CASE0212,CDR,2024-08-09 17:00:00,+919803111781,+919835173661,356938096878229,244,"Sector 15, Gurugram"
REC008390,CASE0213,CDR,2025-02-16 02:00:00,+919865725734,+919899562328,356938006847067,67,"Andheri East, Mumbai"
REC008391,CASE0213,CDR,2025-02-16 10:00:00,+919865725734,+919842371942,356938006847067,36,"Cyber City, Gurugram"
REC008392,CASE0213,CDR,2025-02-16 23:00:00,+919865725734,+919879181126,356938006847067,98,"Andheri East, Mumbai"
REC008393,CASE0213,CDR,2025-02-17 01:00:00,+919865725734,+919889263883,356938006847067,301,"Salt Lake, Kolkata"
REC008394,CASE0213,UPI,2025-02-17 03:00:00,nikhil.j85@upi,deepa.v89@ybl,TXN137207,1200,N/A
REC008395,CASE0213,CDR,2025-02-17 07:00:00,+919865725734,+919889263883,356938006847067,161,"Banjara Hills, Hyderabad"
REC008396,CASE0213,CDR,2025-02-17 08:00:00,+919865725734,+919842371942,356938006847067,131,"Vaishali Nagar, Jaipur"
REC008397,CASE0213,CDR,2025-02-17 11:00:00,+919865725734,+919894032659,356938006847067,103,"Sector 15, Gurugram"
REC008398,CASE0213,CDR,2025-02-17 11:00:00,+919865725734,+919899562328,356938006847067,378,"Anna Nagar, Chennai"
REC008399,CASE0213,UPI,2025-02-17 17:00:00,ravi.k81@upi,nikhil.j85@upi,TXN351019,7500,N/A
REC008400,CASE0213,CDR,2025-02-17 23:00:00,+919865725734,+919899562328,356938006847067,364,"Whitefield, Bengaluru"
REC008401,CASE0213,CDR,2025-02-18 00:00:00,+919865725734,+919842371942,356938006847067,435,"Salt Lake, Kolkata"
REC008402,CASE0213,CDR,2025-02-18 00:00:00,+919865725734,+919838622906,356938006847067,495,"Cyber City, Gurugram"
REC008403,CASE0213,UPI,2025-02-18 02:00:00,ravi.k81@upi,nikhil.j85@upi,TXN417555,500,N/A
REC008404,CASE0213,CDR,2025-02-18 03:00:00,+919865725734,+919842371942,356938006847067,31,"Anna Nagar, Chennai"
REC008405,CASE0213,CDR,2025-02-18 07:00:00,+919865725734,+919894032659,356938006847067,343,"Anna Nagar, Chennai"
REC008406,CASE0213,UPI,2025-02-19 09:00:00,nikhil.j85@upi,meera.s30@okhdfcbank,TXN292626,22000,N/A
REC008407,CASE0213,CDR,2025-02-19 11:00:00,+919865725734,+919842371942,356938006847067,306,"Banjara Hills, Hyderabad"
REC008408,CASE0213,UPI,2025-02-19 11:00:00,nikhil.j85@upi,meera.s30@okhdfcbank,TXN967395,1200,N/A
REC008409,CASE0213,UPI,2025-02-19 12:00:00,ravi.k81@upi,nikhil.j85@upi,TXN962168,7500,N/A
REC008410,CASE0213,CDR,2025-02-19 19:00:00,+919865725734,+919894032659,356938006847067,439,"Andheri East, Mumbai"
REC008411,CASE0213,UPI,2025-02-20 00:00:00,nikhil.j85@upi,pooja.b23@icb,TXN725347,48000,N/A
REC008412,CASE0213,UPI,2025-02-20 02:00:00,nikhil.j85@upi,deepa.v89@ybl,TXN294769,500,N/A
REC008413,CASE0213,CDR,2025-02-20 10:00:00,+919865725734,+919838655553,356938006847067,257,"Sector 15, Gurugram"
REC008414,CASE0213,UPI,2025-02-20 16:00:00,ravi.k81@upi,nikhil.j85@upi,TXN362791,500,N/A
REC008415,CASE0213,UPI,2025-02-20 20:00:00,ravi.k81@upi,nikhil.j85@upi,TXN467704,15000,N/A
REC008416,CASE0213,CDR,2025-02-20 22:00:00,+919865725734,+919879181126,356938006847067,374,"Salt Lake, Kolkata"
REC008417,CASE0213,CDR,2025-02-20 23:00:00,+919865725734,+919894032659,356938006847067,254,"Vaishali Nagar, Jaipur"
REC008418,CASE0213,CDR,2025-02-21 04:00:00,+919865725734,+919899562328,356938006847067,62,"Connaught Place, Delhi"
REC008419,CASE0213,CDR,2025-02-21 10:00:00,+919865725734,+919842371942,356938006847067,411,"Andheri East, Mumbai"
REC008420,CASE0213,UPI,2025-02-21 14:00:00,nikhil.j85@upi,pooja.b23@icb,TXN475089,15000,N/A
REC008421,CASE0213,UPI,2025-02-21 17:00:00,ravi.k81@upi,nikhil.j85@upi,TXN115621,15000,N/A
REC008422,CASE0213,UPI,2025-02-22 03:00:00,ravi.k81@upi,nikhil.j85@upi,TXN117363,22000,N/A
REC008423,CASE0213,UPI,2025-02-22 06:00:00,nikhil.j85@upi,pooja.b23@icb,TXN975684,500,N/A
REC008424,CASE0213,CDR,2025-02-22 12:00:00,+919865725734,+919894032659,356938006847067,118,"Whitefield, Bengaluru"
REC008425,CASE0213,CDR,2025-02-22 13:00:00,+919865725734,+919899562328,356938006847067,74,"Anna Nagar, Chennai"
REC008426,CASE0213,UPI,2025-02-22 13:00:00,ravi.k81@upi,nikhil.j85@upi,TXN457816,22000,N/A
REC008427,CASE0213,UPI,2025-02-22 14:00:00,ravi.k81@upi,nikhil.j85@upi,TXN736205,500,N/A
REC008428,CASE0213,UPI,2025-02-22 17:00:00,nikhil.j85@upi,freshmart79@ybl,TXN736498,3000,N/A
REC008429,CASE0213,CDR,2025-02-22 23:00:00,+919865725734,+919889263883,356938006847067,45,"Anna Nagar, Chennai"
REC008430,CASE0213,UPI,2025-02-23 01:00:00,nikhil.j85@upi,freshmart79@ybl,TXN371153,7500,N/A
REC008431,CASE0213,UPI,2025-02-23 01:00:00,nikhil.j85@upi,freshmart79@ybl,TXN830035,48000,N/A
REC008432,CASE0213,UPI,2025-02-23 08:00:00,ravi.k81@upi,nikhil.j85@upi,TXN492669,15000,N/A
REC008433,CASE0213,UPI,2025-02-23 12:00:00,ravi.k81@upi,nikhil.j85@upi,TXN957896,500,N/A
REC008434,CASE0213,CDR,2025-02-23 19:00:00,+919865725734,+919899562328,356938006847067,195,"Anna Nagar, Chennai"
REC008435,CASE0213,CDR,2025-02-24 01:00:00,+919865725734,+919899562328,356938006847067,301,"Anna Nagar, Chennai"
REC008436,CASE0213,UPI,2025-02-24 08:00:00,nikhil.j85@upi,freshmart79@ybl,TXN493970,1200,N/A
REC008437,CASE0213,CDR,2025-02-24 15:00:00,+919865725734,+919842371942,356938006847067,360,"Sector 15, Gurugram"
REC008438,CASE0213,UPI,2025-02-24 17:00:00,nikhil.j85@upi,pooja.b23@icb,TXN515131,3000,N/A
REC008439,CASE0213,CDR,2025-02-24 20:00:00,+919865725734,+919899562328,356938006847067,137,"Sector 15, Gurugram"
REC008440,CASE0213,CDR,2025-02-24 22:00:00,+919865725734,+919899562328,356938006847067,124,"Andheri East, Mumbai"
REC008441,CASE0213,CDR,2025-02-25 06:00:00,+919865725734,+919838622906,356938006847067,152,"Salt Lake, Kolkata"
REC008442,CASE0213,UPI,2025-02-25 17:00:00,nikhil.j85@upi,deepa.v89@ybl,TXN605155,500,N/A
REC008443,CASE0213,UPI,2025-02-25 17:00:00,ravi.k81@upi,nikhil.j85@upi,TXN922926,7500,N/A
REC008444,CASE0214,UPI,2024-09-20 23:00:00,ravi.k37@upi,citypay86@ybl,TXN190531,1200,N/A
REC008445,CASE0214,UPI,2024-09-21 00:00:00,ravi.k37@upi,kavita.n29@paytm,TXN529170,48000,N/A
REC008446,CASE0214,UPI,2024-09-21 02:00:00,ravi.k37@upi,kavita.n95@ybl,TXN807107,22000,N/A
REC008447,CASE0214,CDR,2024-09-21 08:00:00,+919845916882,+919896107500,356938042651329,267,"Salt Lake, Kolkata"
REC008448,CASE0214,CDR,2024-09-21 19:00:00,+919845916882,+919896107500,356938042651329,22,"Vaishali Nagar, Jaipur"
REC008449,CASE0214,CDR,2024-09-23 07:00:00,+919845916882,+919849827631,356938042651329,134,"Vaishali Nagar, Jaipur"
REC008450,CASE0214,CDR,2024-09-23 13:00:00,+919845916882,+919834334745,356938042651329,149,"Andheri East, Mumbai"
REC008451,CASE0214,CDR,2024-09-23 21:00:00,+919845916882,+919888293439,356938042651329,298,"Salt Lake, Kolkata"
REC008452,CASE0214,CDR,2024-09-25 03:00:00,+919845916882,+919836287769,356938042651329,356,"Banjara Hills, Hyderabad"
REC008453,CASE0214,CDR,2024-09-25 11:00:00,+919845916882,+919847072599,356938042651329,419,"Connaught Place, Delhi"
REC008454,CASE0214,CDR,2024-09-25 13:00:00,+919845916882,+919849827631,356938042651329,80,"Whitefield, Bengaluru"
REC008455,CASE0214,UPI,2024-09-25 14:00:00,ravi.k37@upi,kavita.n95@ybl,TXN911262,48000,N/A
REC008456,CASE0214,CDR,2024-09-26 10:00:00,+919845916882,+919888293439,356938042651329,94,"Banjara Hills, Hyderabad"
REC008457,CASE0214,UPI,2024-09-26 18:00:00,meera.s55@icb,ravi.k37@upi,TXN726854,15000,N/A
REC008458,CASE0214,UPI,2024-09-26 23:00:00,ravi.k37@upi,kavita.n29@paytm,TXN867022,48000,N/A
REC008459,CASE0214,UPI,2024-09-27 02:00:00,meera.s55@icb,ravi.k37@upi,TXN308480,48000,N/A
REC008460,CASE0214,CDR,2024-09-27 06:00:00,+919845916882,+919888293439,356938042651329,36,"Connaught Place, Delhi"
REC008461,CASE0214,CDR,2024-09-27 08:00:00,+919845916882,+919897627959,356938042651329,350,"Salt Lake, Kolkata"
REC008462,CASE0214,CDR,2024-09-27 08:00:00,+919845916882,+919836287769,356938042651329,267,"Andheri East, Mumbai"
REC008463,CASE0214,CDR,2024-09-27 14:00:00,+919845916882,+919834334745,356938042651329,183,"Connaught Place, Delhi"
REC008464,CASE0214,CDR,2024-09-27 16:00:00,+919845916882,+919849827631,356938042651329,32,"Vaishali Nagar, Jaipur"
REC008465,CASE0214,UPI,2024-09-27 17:00:00,meera.s55@icb,ravi.k37@upi,TXN836846,15000,N/A
REC008466,CASE0214,UPI,2024-09-27 17:00:00,meera.s55@icb,ravi.k37@upi,TXN855695,22000,N/A
REC008467,CASE0214,CDR,2024-09-27 21:00:00,+919845916882,+919888293439,356938042651329,360,"Andheri East, Mumbai"
REC008468,CASE0214,UPI,2024-09-28 02:00:00,meera.s55@icb,ravi.k37@upi,TXN967222,48000,N/A
REC008469,CASE0214,UPI,2024-09-28 03:00:00,ravi.k37@upi,citypay86@ybl,TXN912009,48000,N/A
REC008470,CASE0214,UPI,2024-09-28 15:00:00,meera.s55@icb,ravi.k37@upi,TXN732633,15000,N/A
REC008471,CASE0214,CDR,2024-09-28 20:00:00,+919845916882,+919847072599,356938042651329,457,"Connaught Place, Delhi"
REC008472,CASE0214,UPI,2024-09-29 05:00:00,ravi.k37@upi,pooja.b44@icb,TXN978924,500,N/A
REC008473,CASE0214,UPI,2024-09-29 10:00:00,ravi.k37@upi,pooja.b44@icb,TXN652107,22000,N/A
REC008474,CASE0214,CDR,2024-09-29 13:00:00,+919845916882,+919897627959,356938042651329,247,"Connaught Place, Delhi"
REC008475,CASE0214,UPI,2024-09-29 14:00:00,meera.s55@icb,ravi.k37@upi,TXN123795,3000,N/A
REC008476,CASE0214,CDR,2024-09-29 21:00:00,+919845916882,+919836287769,356938042651329,395,"Cyber City, Gurugram"
REC008477,CASE0215,CDR,2025-03-01 04:00:00,+919896332747,+919874999099,356938017311387,143,"Vaishali Nagar, Jaipur"
REC008478,CASE0215,CDR,2025-03-01 12:00:00,+919896332747,+919816051327,356938017311387,181,"Andheri East, Mumbai"
REC008479,CASE0215,CDR,2025-03-01 17:00:00,+919896332747,+919857715051,356938017311387,379,"Kothrud, Pune"
REC008480,CASE0215,CDR,2025-03-01 22:00:00,+919896332747,+919886018787,356938017311387,248,"Andheri East, Mumbai"
REC008481,CASE0215,UPI,2025-03-02 01:00:00,ravi.k48@paytm,ravi.k61@icb,TXN553256,22000,N/A
REC008482,CASE0215,CDR,2025-03-02 03:00:00,+919896332747,+919857715051,356938017311387,35,"Connaught Place, Delhi"
REC008483,CASE0215,CDR,2025-03-02 11:00:00,+919896332747,+919857715051,356938017311387,114,"Andheri East, Mumbai"
REC008484,CASE0215,CDR,2025-03-02 16:00:00,+919896332747,+919886018787,356938017311387,212,"Banjara Hills, Hyderabad"
REC008485,CASE0215,CDR,2025-03-02 16:00:00,+919896332747,+919857715051,356938017311387,415,"Anna Nagar, Chennai"
REC008486,CASE0215,CDR,2025-03-02 17:00:00,+919896332747,+919875680837,356938017311387,207,"Vaishali Nagar, Jaipur"
REC008487,CASE0215,CDR,2025-03-03 08:00:00,+919896332747,+919881778164,356938017311387,453,"Banjara Hills, Hyderabad"
REC008488,CASE0215,UPI,2025-03-03 11:00:00,ravi.k61@icb,amitpay25@paytm,TXN649635,48000,N/A
REC008489,CASE0215,UPI,2025-03-03 11:00:00,ravi.k61@icb,kavita.n8@okhdfcbank,TXN784169,15000,N/A
REC008490,CASE0215,CDR,2025-03-03 16:00:00,+919896332747,+919816051327,356938017311387,76,"Connaught Place, Delhi"
REC008491,CASE0215,CDR,2025-03-03 17:00:00,+919896332747,+919886018787,356938017311387,238,"Salt Lake, Kolkata"
REC008492,CASE0215,CDR,2025-03-03 18:00:00,+919896332747,+919881778164,356938017311387,232,"Cyber City, Gurugram"
REC008493,CASE0215,CDR,2025-03-03 22:00:00,+919896332747,+919886018787,356938017311387,488,"Anna Nagar, Chennai"
REC008494,CASE0215,CDR,2025-03-04 02:00:00,+919896332747,+919874999099,356938017311387,178,"Cyber City, Gurugram"
REC008495,CASE0215,CDR,2025-03-04 05:00:00,+919896332747,+919874999099,356938017311387,479,"Kothrud, Pune"
REC008496,CASE0215,CDR,2025-03-04 08:00:00,+919896332747,+919874999099,356938017311387,158,"Connaught Place, Delhi"
REC008497,CASE0215,UPI,2025-03-04 19:00:00,ravi.k61@icb,kavita.n8@okhdfcbank,TXN707673,7500,N/A
REC008498,CASE0215,CDR,2025-03-04 23:00:00,+919896332747,+919857715051,356938017311387,239,"Whitefield, Bengaluru"
REC008499,CASE0215,UPI,2025-03-05 01:00:00,ravi.k61@icb,amitpay25@paytm,TXN905892,22000,N/A
REC008500,CASE0215,UPI,2025-03-05 01:00:00,ravi.k61@icb,kavita.n83@paytm,TXN565644,1200,N/A
REC008501,CASE0215,UPI,2025-03-05 04:00:00,ravi.k61@icb,amitpay25@paytm,TXN908618,15000,N/A
REC008502,CASE0215,CDR,2025-03-05 05:00:00,+919896332747,+919881778164,356938017311387,247,"Salt Lake, Kolkata"
REC008503,CASE0215,CDR,2025-03-05 12:00:00,+919896332747,+919874999099,356938017311387,486,"Salt Lake, Kolkata"
REC008504,CASE0215,CDR,2025-03-05 13:00:00,+919896332747,+919886018787,356938017311387,435,"Vaishali Nagar, Jaipur"
REC008505,CASE0215,CDR,2025-03-05 17:00:00,+919896332747,+919875680837,356938017311387,18,"Banjara Hills, Hyderabad"
REC008506,CASE0215,UPI,2025-03-05 20:00:00,ravi.k48@paytm,ravi.k61@icb,TXN342464,1200,N/A
REC008507,CASE0215,CDR,2025-03-06 00:00:00,+919896332747,+919816051327,356938017311387,447,"Banjara Hills, Hyderabad"
REC008508,CASE0215,CDR,2025-03-06 00:00:00,+919896332747,+919828296099,356938017311387,145,"Andheri East, Mumbai"
REC008509,CASE0215,CDR,2025-03-06 03:00:00,+919896332747,+919881778164,356938017311387,104,"Connaught Place, Delhi"
REC008510,CASE0215,UPI,2025-03-06 04:00:00,ravi.k61@icb,vikram.t30@okhdfcbank,TXN528112,22000,N/A
REC008511,CASE0215,CDR,2025-03-06 09:00:00,+919896332747,+919886018787,356938017311387,484,"Connaught Place, Delhi"
REC008512,CASE0215,UPI,2025-03-06 10:00:00,ravi.k61@icb,amitpay25@paytm,TXN526127,22000,N/A
REC008513,CASE0215,CDR,2025-03-06 11:00:00,+919896332747,+919886018787,356938017311387,253,"Andheri East, Mumbai"
REC008514,CASE0215,CDR,2025-03-06 16:00:00,+919896332747,+919874999099,356938017311387,136,"Whitefield, Bengaluru"
REC008515,CASE0215,UPI,2025-03-07 07:00:00,ravi.k61@icb,vikram.t30@okhdfcbank,TXN959430,22000,N/A
REC008516,CASE0215,UPI,2025-03-07 07:00:00,ravi.k48@paytm,ravi.k61@icb,TXN515880,7500,N/A
REC008517,CASE0215,UPI,2025-03-07 10:00:00,ravi.k48@paytm,ravi.k61@icb,TXN699946,15000,N/A
REC008518,CASE0215,UPI,2025-03-07 11:00:00,ravi.k48@paytm,ravi.k61@icb,TXN405124,500,N/A
REC008519,CASE0215,CDR,2025-03-07 19:00:00,+919896332747,+919828296099,356938017311387,409,"Andheri East, Mumbai"
REC008520,CASE0215,UPI,2025-03-08 08:00:00,ravi.k61@icb,kavita.n83@paytm,TXN361158,7500,N/A
REC008521,CASE0215,CDR,2025-03-08 10:00:00,+919896332747,+919881778164,356938017311387,370,"Whitefield, Bengaluru"
REC008522,CASE0215,UPI,2025-03-09 00:00:00,ravi.k61@icb,vikram.t30@okhdfcbank,TXN522612,22000,N/A
REC008523,CASE0215,CDR,2025-03-09 03:00:00,+919896332747,+919857715051,356938017311387,16,"Connaught Place, Delhi"
REC008524,CASE0215,UPI,2025-03-09 03:00:00,ravi.k61@icb,kavita.n8@okhdfcbank,TXN559865,3000,N/A
REC008525,CASE0215,CDR,2025-03-09 05:00:00,+919896332747,+919857715051,356938017311387,226,"Anna Nagar, Chennai"
REC008526,CASE0215,CDR,2025-03-09 05:00:00,+919896332747,+919828296099,356938017311387,76,"Whitefield, Bengaluru"
REC008527,CASE0215,UPI,2025-03-09 08:00:00,ravi.k61@icb,kavita.n8@okhdfcbank,TXN453880,15000,N/A
REC008528,CASE0215,CDR,2025-03-09 17:00:00,+919896332747,+919881778164,356938017311387,404,"Whitefield, Bengaluru"
REC008529,CASE0215,CDR,2025-03-09 17:00:00,+919896332747,+919886018787,356938017311387,118,"Kothrud, Pune"
REC008530,CASE0215,CDR,2025-03-09 18:00:00,+919896332747,+919828296099,356938017311387,388,"Vaishali Nagar, Jaipur"
REC008531,CASE0215,UPI,2025-03-09 20:00:00,ravi.k61@icb,kavita.n83@paytm,TXN870089,7500,N/A
REC008532,CASE0215,UPI,2025-03-10 02:00:00,ravi.k61@icb,vikram.t30@okhdfcbank,TXN879982,1200,N/A
REC008533,CASE0215,CDR,2025-03-10 04:00:00,+919896332747,+919874999099,356938017311387,374,"Whitefield, Bengaluru"
REC008534,CASE0215,UPI,2025-03-10 06:00:00,ravi.k48@paytm,ravi.k61@icb,TXN467693,48000,N/A
REC008535,CASE0215,CDR,2025-03-10 15:00:00,+919896332747,+919886018787,356938017311387,175,"Anna Nagar, Chennai"
REC008536,CASE0215,CDR,2025-03-10 22:00:00,+919896332747,+919874999099,356938017311387,477,"Vaishali Nagar, Jaipur"
REC008537,CASE0216,CDR,2024-04-22 09:00:00,+919801250441,+919884999349,356938084075544,463,"Cyber City, Gurugram"
REC008538,CASE0216,UPI,2024-04-22 18:00:00,pooja.b94@icb,deepa.v23@icb,TXN258819,500,N/A
REC008539,CASE0216,UPI,2024-04-22 19:00:00,pooja.b94@icb,vikram.t30@paytm,TXN909740,48000,N/A
REC008540,CASE0216,CDR,2024-04-23 15:00:00,+919801250441,+919800420783,356938084075544,462,"Vaishali Nagar, Jaipur"
REC008541,CASE0216,CDR,2024-04-23 19:00:00,+919801250441,+919806570235,356938084075544,61,"Vaishali Nagar, Jaipur"
REC008542,CASE0216,CDR,2024-04-24 03:00:00,+919801250441,+919850945231,356938084075544,317,"Vaishali Nagar, Jaipur"
REC008543,CASE0216,CDR,2024-04-24 10:00:00,+919801250441,+919802116356,356938084075544,277,"Connaught Place, Delhi"
REC008544,CASE0216,CDR,2024-04-24 17:00:00,+919801250441,+919850945231,356938084075544,231,"Whitefield, Bengaluru"
REC008545,CASE0216,CDR,2024-04-24 21:00:00,+919801250441,+919800420783,356938084075544,425,"Sector 15, Gurugram"
REC008546,CASE0216,CDR,2024-04-25 05:00:00,+919801250441,+919800420783,356938084075544,406,"Banjara Hills, Hyderabad"
REC008547,CASE0216,CDR,2024-04-25 13:00:00,+919801250441,+919841477647,356938084075544,61,"Vaishali Nagar, Jaipur"
REC008548,CASE0216,UPI,2024-04-25 16:00:00,sunita.d17@icb,pooja.b94@icb,TXN879071,15000,N/A
REC008549,CASE0216,UPI,2024-04-26 03:00:00,sunita.d17@icb,pooja.b94@icb,TXN347549,15000,N/A
REC008550,CASE0216,UPI,2024-04-26 10:00:00,sunita.d17@icb,pooja.b94@icb,TXN565565,1200,N/A
REC008551,CASE0216,CDR,2024-04-27 03:00:00,+919801250441,+919802116356,356938084075544,469,"Sector 15, Gurugram"
REC008552,CASE0216,UPI,2024-04-27 23:00:00,sunita.d17@icb,pooja.b94@icb,TXN801263,48000,N/A
REC008553,CASE0216,CDR,2024-04-28 11:00:00,+919801250441,+919841477647,356938084075544,279,"Cyber City, Gurugram"
REC008554,CASE0216,CDR,2024-04-29 11:00:00,+919801250441,+919802116356,356938084075544,25,"Sector 15, Gurugram"
REC008555,CASE0216,UPI,2024-04-29 14:00:00,sunita.d17@icb,pooja.b94@icb,TXN684808,1200,N/A
REC008556,CASE0216,CDR,2024-04-29 17:00:00,+919801250441,+919850945231,356938084075544,56,"Whitefield, Bengaluru"
REC008557,CASE0216,CDR,2024-04-30 02:00:00,+919801250441,+919884999349,356938084075544,19,"Cyber City, Gurugram"
REC008558,CASE0216,CDR,2024-04-30 03:00:00,+919801250441,+919884999349,356938084075544,178,"Anna Nagar, Chennai"
REC008559,CASE0216,CDR,2024-04-30 04:00:00,+919801250441,+919813401184,356938084075544,273,"Vaishali Nagar, Jaipur"
REC008560,CASE0216,UPI,2024-04-30 09:00:00,pooja.b94@icb,sunita.d32@paytm,TXN526903,3000,N/A
REC008561,CASE0216,UPI,2024-04-30 11:00:00,sunita.d17@icb,pooja.b94@icb,TXN379763,22000,N/A
REC008562,CASE0216,UPI,2024-05-01 02:00:00,sunita.d17@icb,pooja.b94@icb,TXN316882,48000,N/A
REC008563,CASE0216,CDR,2024-05-01 07:00:00,+919801250441,+919841477647,356938084075544,492,"Vaishali Nagar, Jaipur"
REC008564,CASE0216,UPI,2024-05-02 00:00:00,sunita.d17@icb,pooja.b94@icb,TXN785052,500,N/A
REC008565,CASE0217,CDR,2023-01-04 01:00:00,+919828479975,+919874108450,356938030178459,113,"Whitefield, Bengaluru"
REC008566,CASE0217,CDR,2023-01-04 06:00:00,+919828479975,+919852408363,356938030178459,197,"Salt Lake, Kolkata"
REC008567,CASE0217,UPI,2023-01-04 19:00:00,vikram.t20@okhdfcbank,sunita.d25@ybl,TXN146292,7500,N/A
REC008568,CASE0217,CDR,2023-01-05 15:00:00,+919828479975,+919874108450,356938030178459,213,"Andheri East, Mumbai"
REC008569,CASE0217,CDR,2023-01-06 03:00:00,+919828479975,+919852408363,356938030178459,37,"Vaishali Nagar, Jaipur"
REC008570,CASE0217,UPI,2023-01-06 12:00:00,meera.s18@upi,vikram.t20@okhdfcbank,TXN571183,15000,N/A
REC008571,CASE0217,UPI,2023-01-06 19:00:00,vikram.t20@okhdfcbank,pooja.b80@icb,TXN767504,15000,N/A
REC008572,CASE0217,UPI,2023-01-06 19:00:00,vikram.t20@okhdfcbank,sunita.d46@okhdfcbank,TXN796956,15000,N/A
REC008573,CASE0217,CDR,2023-01-06 23:00:00,+919828479975,+919872419658,356938030178459,16,"Vaishali Nagar, Jaipur"
REC008574,CASE0217,CDR,2023-01-07 07:00:00,+919828479975,+919874108450,356938030178459,261,"Andheri East, Mumbai"
REC008575,CASE0217,UPI,2023-01-07 18:00:00,vikram.t20@okhdfcbank,pooja.b80@icb,TXN970746,22000,N/A
REC008576,CASE0217,CDR,2023-01-07 19:00:00,+919828479975,+919852408363,356938030178459,188,"Anna Nagar, Chennai"
REC008577,CASE0217,UPI,2023-01-08 02:00:00,vikram.t20@okhdfcbank,pooja.b7@icb,TXN109162,7500,N/A
REC008578,CASE0217,CDR,2023-01-08 09:00:00,+919828479975,+919831583435,356938030178459,449,"Cyber City, Gurugram"
REC008579,CASE0217,CDR,2023-01-08 13:00:00,+919828479975,+919874108450,356938030178459,279,"Sector 15, Gurugram"
REC008580,CASE0217,CDR,2023-01-08 23:00:00,+919828479975,+919855103092,356938030178459,302,"Vaishali Nagar, Jaipur"
REC008581,CASE0217,UPI,2023-01-09 05:00:00,meera.s18@upi,vikram.t20@okhdfcbank,TXN128737,48000,N/A
REC008582,CASE0217,CDR,2023-01-09 10:00:00,+919828479975,+919831583435,356938030178459,347,"Salt Lake, Kolkata"
REC008583,CASE0217,UPI,2023-01-09 15:00:00,meera.s18@upi,vikram.t20@okhdfcbank,TXN794507,48000,N/A
REC008584,CASE0217,UPI,2023-01-09 20:00:00,meera.s18@upi,vikram.t20@okhdfcbank,TXN651544,500,N/A
REC008585,CASE0217,CDR,2023-01-10 11:00:00,+919828479975,+919845122142,356938030178459,452,"Whitefield, Bengaluru"
REC008586,CASE0217,CDR,2023-01-10 16:00:00,+919828479975,+919855103092,356938030178459,313,"Kothrud, Pune"
REC008587,CASE0217,CDR,2023-01-11 08:00:00,+919828479975,+919845122142,356938030178459,389,"Banjara Hills, Hyderabad"
REC008588,CASE0217,CDR,2023-01-11 08:00:00,+919828479975,+919852408363,356938030178459,341,"Whitefield, Bengaluru"
REC008589,CASE0217,CDR,2023-01-11 14:00:00,+919828479975,+919855103092,356938030178459,498,"Connaught Place, Delhi"
REC008590,CASE0217,CDR,2023-01-12 08:00:00,+919828479975,+919874108450,356938030178459,390,"Banjara Hills, Hyderabad"
REC008591,CASE0217,CDR,2023-01-13 00:00:00,+919828479975,+919852408363,356938030178459,202,"Sector 15, Gurugram"
REC008592,CASE0217,CDR,2023-01-13 00:00:00,+919828479975,+919874108450,356938030178459,326,"Connaught Place, Delhi"
REC008593,CASE0217,UPI,2023-01-13 04:00:00,vikram.t20@okhdfcbank,pooja.b80@icb,TXN864912,22000,N/A
REC008594,CASE0218,UPI,2024-07-13 00:00:00,freshmart9@paytm,nikhil.j94@icb,TXN690004,3000,N/A
REC008595,CASE0218,CDR,2024-07-13 04:00:00,+919836698651,+919838417498,356938017120662,114,"Connaught Place, Delhi"
REC008596,CASE0218,CDR,2024-07-13 10:00:00,+919836698651,+919875078671,356938017120662,121,"Connaught Place, Delhi"
REC008597,CASE0218,CDR,2024-07-13 11:00:00,+919836698651,+919865612315,356938017120662,85,"Sector 15, Gurugram"
REC008598,CASE0218,CDR,2024-07-13 12:00:00,+919836698651,+919865612315,356938017120662,163,"Salt Lake, Kolkata"
REC008599,CASE0218,CDR,2024-07-13 21:00:00,+919836698651,+919865612315,356938017120662,274,"Whitefield, Bengaluru"
REC008600,CASE0218,CDR,2024-07-14 02:00:00,+919836698651,+919875078671,356938017120662,444,"Connaught Place, Delhi"
REC008601,CASE0218,UPI,2024-07-14 02:00:00,rajesh.m82@icb,freshmart9@paytm,TXN853118,48000,N/A
REC008602,CASE0218,CDR,2024-07-14 15:00:00,+919836698651,+919875078671,356938017120662,150,"Banjara Hills, Hyderabad"
REC008603,CASE0218,CDR,2024-07-14 23:00:00,+919836698651,+919815152048,356938017120662,272,"Cyber City, Gurugram"
REC008604,CASE0218,UPI,2024-07-15 00:00:00,freshmart9@paytm,nikhil.j94@icb,TXN525303,3000,N/A
REC008605,CASE0218,UPI,2024-07-15 01:00:00,freshmart9@paytm,anita.r9@paytm,TXN703458,1200,N/A
REC008606,CASE0218,CDR,2024-07-15 08:00:00,+919836698651,+919865612315,356938017120662,158,"Vaishali Nagar, Jaipur"
REC008607,CASE0218,CDR,2024-07-15 12:00:00,+919836698651,+919865612315,356938017120662,329,"Banjara Hills, Hyderabad"
REC008608,CASE0218,UPI,2024-07-15 13:00:00,freshmart9@paytm,nikhil.j94@icb,TXN974883,3000,N/A
REC008609,CASE0218,CDR,2024-07-15 15:00:00,+919836698651,+919848853700,356938017120662,240,"Vaishali Nagar, Jaipur"
REC008610,CASE0218,CDR,2024-07-15 16:00:00,+919836698651,+919865612315,356938017120662,230,"Kothrud, Pune"
REC008611,CASE0218,CDR,2024-07-15 17:00:00,+919836698651,+919875078671,356938017120662,397,"Vaishali Nagar, Jaipur"
REC008612,CASE0218,CDR,2024-07-17 00:00:00,+919836698651,+919848853700,356938017120662,405,"Banjara Hills, Hyderabad"
REC008613,CASE0218,CDR,2024-07-17 03:00:00,+919836698651,+919815152048,356938017120662,449,"Andheri East, Mumbai"
REC008614,CASE0218,UPI,2024-07-17 05:00:00,rajesh.m82@icb,freshmart9@paytm,TXN360378,500,N/A
REC008615,CASE0218,CDR,2024-07-17 06:00:00,+919836698651,+919865612315,356938017120662,288,"Whitefield, Bengaluru"
REC008616,CASE0218,CDR,2024-07-17 06:00:00,+919836698651,+919865612315,356938017120662,296,"Connaught Place, Delhi"
REC008617,CASE0218,UPI,2024-07-17 08:00:00,rajesh.m82@icb,freshmart9@paytm,TXN307178,15000,N/A
REC008618,CASE0218,CDR,2024-07-17 18:00:00,+919836698651,+919847629997,356938017120662,109,"Salt Lake, Kolkata"
REC008619,CASE0218,UPI,2024-07-17 19:00:00,rajesh.m82@icb,freshmart9@paytm,TXN668470,48000,N/A
REC008620,CASE0218,UPI,2024-07-18 04:00:00,freshmart9@paytm,quickcash80@upi,TXN717222,3000,N/A
REC008621,CASE0218,CDR,2024-07-18 09:00:00,+919836698651,+919875078671,356938017120662,371,"Sector 15, Gurugram"
REC008622,CASE0218,CDR,2024-07-18 12:00:00,+919836698651,+919815152048,356938017120662,398,"Banjara Hills, Hyderabad"
REC008623,CASE0218,UPI,2024-07-18 22:00:00,freshmart9@paytm,meera.s54@okhdfcbank,TXN111354,500,N/A
REC008624,CASE0218,CDR,2024-07-19 03:00:00,+919836698651,+919847629997,356938017120662,67,"Kothrud, Pune"
REC008625,CASE0218,CDR,2024-07-19 04:00:00,+919836698651,+919830127308,356938017120662,303,"Whitefield, Bengaluru"
REC008626,CASE0218,UPI,2024-07-19 05:00:00,rajesh.m82@icb,freshmart9@paytm,TXN391868,15000,N/A
REC008627,CASE0218,CDR,2024-07-19 11:00:00,+919836698651,+919847629997,356938017120662,432,"Whitefield, Bengaluru"
REC008628,CASE0218,CDR,2024-07-19 12:00:00,+919836698651,+919847629997,356938017120662,377,"Anna Nagar, Chennai"
REC008629,CASE0218,UPI,2024-07-19 14:00:00,rajesh.m82@icb,freshmart9@paytm,TXN966441,7500,N/A
REC008630,CASE0218,UPI,2024-07-19 14:00:00,freshmart9@paytm,quickcash80@upi,TXN773801,500,N/A
REC008631,CASE0218,UPI,2024-07-19 19:00:00,freshmart9@paytm,meera.s54@okhdfcbank,TXN412975,3000,N/A
REC008632,CASE0218,CDR,2024-07-20 03:00:00,+919836698651,+919865612315,356938017120662,171,"Connaught Place, Delhi"
REC008633,CASE0218,CDR,2024-07-20 09:00:00,+919836698651,+919865612315,356938017120662,214,"Cyber City, Gurugram"
REC008634,CASE0218,CDR,2024-07-20 10:00:00,+919836698651,+919847629997,356938017120662,241,"Anna Nagar, Chennai"
REC008635,CASE0218,CDR,2024-07-20 13:00:00,+919836698651,+919815152048,356938017120662,436,"Vaishali Nagar, Jaipur"
REC008636,CASE0218,CDR,2024-07-20 13:00:00,+919836698651,+919875078671,356938017120662,462,"Whitefield, Bengaluru"
REC008637,CASE0218,CDR,2024-07-20 23:00:00,+919836698651,+919875078671,356938017120662,86,"Cyber City, Gurugram"
REC008638,CASE0218,CDR,2024-07-21 05:00:00,+919836698651,+919815152048,356938017120662,230,"Sector 15, Gurugram"
REC008639,CASE0218,UPI,2024-07-21 05:00:00,freshmart9@paytm,anita.r9@paytm,TXN364313,22000,N/A
REC008640,CASE0218,UPI,2024-07-21 06:00:00,freshmart9@paytm,nikhil.j94@icb,TXN861573,22000,N/A
REC008641,CASE0218,UPI,2024-07-21 07:00:00,rajesh.m82@icb,freshmart9@paytm,TXN614134,7500,N/A
REC008642,CASE0218,UPI,2024-07-21 10:00:00,rajesh.m82@icb,freshmart9@paytm,TXN349376,1200,N/A
REC008643,CASE0218,UPI,2024-07-21 18:00:00,freshmart9@paytm,nikhil.j94@icb,TXN315636,22000,N/A
REC008644,CASE0218,CDR,2024-07-22 04:00:00,+919836698651,+919848853700,356938017120662,346,"Anna Nagar, Chennai"
REC008645,CASE0218,UPI,2024-07-22 09:00:00,rajesh.m82@icb,freshmart9@paytm,TXN254702,22000,N/A
REC008646,CASE0218,UPI,2024-07-22 10:00:00,rajesh.m82@icb,freshmart9@paytm,TXN225999,1200,N/A
REC008647,CASE0218,UPI,2024-07-22 13:00:00,freshmart9@paytm,anita.r9@paytm,TXN329834,1200,N/A
REC008648,CASE0218,UPI,2024-07-22 14:00:00,rajesh.m82@icb,freshmart9@paytm,TXN960054,1200,N/A
REC008649,CASE0218,CDR,2024-07-22 15:00:00,+919836698651,+919815152048,356938017120662,160,"Andheri East, Mumbai"
REC008650,CASE0218,CDR,2024-07-22 16:00:00,+919836698651,+919815152048,356938017120662,234,"Salt Lake, Kolkata"
REC008651,CASE0218,CDR,2024-07-22 17:00:00,+919836698651,+919847629997,356938017120662,48,"Connaught Place, Delhi"
REC008652,CASE0218,CDR,2024-07-22 22:00:00,+919836698651,+919865612315,356938017120662,86,"Kothrud, Pune"
REC008653,CASE0218,UPI,2024-07-23 00:00:00,freshmart9@paytm,meera.s54@okhdfcbank,TXN539182,15000,N/A
REC008654,CASE0219,UPI,2024-02-11 08:00:00,quickcash94@paytm,anita.r94@okhdfcbank,TXN688277,7500,N/A
REC008655,CASE0219,UPI,2024-02-11 13:00:00,quickcash94@paytm,freshmart80@icb,TXN377397,48000,N/A
REC008656,CASE0219,CDR,2024-02-11 14:00:00,+919814028665,+919805854880,356938071355579,203,"Connaught Place, Delhi"
REC008657,CASE0219,UPI,2024-02-12 00:00:00,sunita.d7@upi,quickcash94@paytm,TXN474144,500,N/A
REC008658,CASE0219,CDR,2024-02-12 03:00:00,+919814028665,+919894698260,356938071355579,148,"Cyber City, Gurugram"
REC008659,CASE0219,CDR,2024-02-12 07:00:00,+919814028665,+919894698260,356938071355579,45,"Banjara Hills, Hyderabad"
REC008660,CASE0219,CDR,2024-02-12 08:00:00,+919814028665,+919812345604,356938071355579,33,"Sector 15, Gurugram"
REC008661,CASE0219,CDR,2024-02-12 12:00:00,+919814028665,+919805854880,356938071355579,158,"Vaishali Nagar, Jaipur"
REC008662,CASE0219,UPI,2024-02-12 13:00:00,quickcash94@paytm,traders2417@okhdfcbank,TXN434717,7500,N/A
REC008663,CASE0219,CDR,2024-02-13 00:00:00,+919814028665,+919862446831,356938071355579,410,"Andheri East, Mumbai"
REC008664,CASE0219,CDR,2024-02-13 05:00:00,+919814028665,+919894698260,356938071355579,200,"Cyber City, Gurugram"
REC008665,CASE0219,CDR,2024-02-13 11:00:00,+919814028665,+919805854880,356938071355579,222,"Vaishali Nagar, Jaipur"
REC008666,CASE0219,CDR,2024-02-13 19:00:00,+919814028665,+919813398884,356938071355579,159,"Vaishali Nagar, Jaipur"
REC008667,CASE0219,UPI,2024-02-13 20:00:00,quickcash94@paytm,vikram.t44@icb,TXN269386,1200,N/A
REC008668,CASE0219,CDR,2024-02-13 21:00:00,+919814028665,+919862446831,356938071355579,224,"Connaught Place, Delhi"
REC008669,CASE0219,CDR,2024-02-13 23:00:00,+919814028665,+919843238524,356938071355579,126,"Kothrud, Pune"
REC008670,CASE0219,CDR,2024-02-14 04:00:00,+919814028665,+919843238524,356938071355579,392,"Salt Lake, Kolkata"
REC008671,CASE0219,CDR,2024-02-14 04:00:00,+919814028665,+919865389259,356938071355579,305,"Andheri East, Mumbai"
REC008672,CASE0219,UPI,2024-02-14 10:00:00,quickcash94@paytm,anita.r94@okhdfcbank,TXN708549,22000,N/A
REC008673,CASE0219,UPI,2024-02-14 14:00:00,quickcash94@paytm,traders2417@okhdfcbank,TXN645182,48000,N/A
REC008674,CASE0219,CDR,2024-02-14 17:00:00,+919814028665,+919812345604,356938071355579,418,"Whitefield, Bengaluru"
REC008675,CASE0219,CDR,2024-02-14 19:00:00,+919814028665,+919894698260,356938071355579,70,"Banjara Hills, Hyderabad"
REC008676,CASE0219,CDR,2024-02-15 00:00:00,+919814028665,+919812345604,356938071355579,143,"Banjara Hills, Hyderabad"
REC008677,CASE0219,UPI,2024-02-15 01:00:00,sunita.d7@upi,quickcash94@paytm,TXN297408,3000,N/A
REC008678,CASE0219,UPI,2024-02-15 05:00:00,sunita.d7@upi,quickcash94@paytm,TXN632757,7500,N/A
REC008679,CASE0219,UPI,2024-02-15 10:00:00,quickcash94@paytm,traders2417@okhdfcbank,TXN386646,1200,N/A
REC008680,CASE0219,CDR,2024-02-16 03:00:00,+919814028665,+919812345604,356938071355579,248,"Banjara Hills, Hyderabad"
REC008681,CASE0219,CDR,2024-02-16 04:00:00,+919814028665,+919812345604,356938071355579,106,"Whitefield, Bengaluru"
REC008682,CASE0219,UPI,2024-02-16 08:00:00,quickcash94@paytm,anita.r94@okhdfcbank,TXN428794,1200,N/A
REC008683,CASE0219,CDR,2024-02-16 09:00:00,+919814028665,+919813398884,356938071355579,398,"Sector 15, Gurugram"
REC008684,CASE0219,CDR,2024-02-16 11:00:00,+919814028665,+919862446831,356938071355579,274,"Connaught Place, Delhi"
REC008685,CASE0219,CDR,2024-02-16 23:00:00,+919814028665,+919813398884,356938071355579,26,"Connaught Place, Delhi"
REC008686,CASE0219,CDR,2024-02-16 23:00:00,+919814028665,+919865389259,356938071355579,326,"Andheri East, Mumbai"
REC008687,CASE0219,UPI,2024-02-17 08:00:00,quickcash94@paytm,traders2417@okhdfcbank,TXN380274,3000,N/A
REC008688,CASE0219,CDR,2024-02-17 13:00:00,+919814028665,+919865389259,356938071355579,146,"Cyber City, Gurugram"
REC008689,CASE0219,CDR,2024-02-18 12:00:00,+919814028665,+919894698260,356938071355579,25,"Salt Lake, Kolkata"
REC008690,CASE0219,CDR,2024-02-18 12:00:00,+919814028665,+919843238524,356938071355579,392,"Kothrud, Pune"
REC008691,CASE0219,UPI,2024-02-18 18:00:00,sunita.d7@upi,quickcash94@paytm,TXN272405,7500,N/A
REC008692,CASE0219,UPI,2024-02-18 19:00:00,sunita.d7@upi,quickcash94@paytm,TXN189318,22000,N/A
REC008693,CASE0219,CDR,2024-02-19 05:00:00,+919814028665,+919812345604,356938071355579,296,"Cyber City, Gurugram"
REC008694,CASE0219,UPI,2024-02-19 06:00:00,quickcash94@paytm,freshmart80@icb,TXN228933,500,N/A
REC008695,CASE0219,UPI,2024-02-19 07:00:00,sunita.d7@upi,quickcash94@paytm,TXN296866,48000,N/A
REC008696,CASE0219,UPI,2024-02-19 08:00:00,quickcash94@paytm,traders2417@okhdfcbank,TXN103327,500,N/A
REC008697,CASE0219,UPI,2024-02-19 08:00:00,sunita.d7@upi,quickcash94@paytm,TXN652829,48000,N/A
REC008698,CASE0219,UPI,2024-02-19 15:00:00,quickcash94@paytm,freshmart80@icb,TXN221588,500,N/A
REC008699,CASE0219,CDR,2024-02-19 20:00:00,+919814028665,+919865389259,356938071355579,311,"Whitefield, Bengaluru"
REC008700,CASE0219,CDR,2024-02-19 23:00:00,+919814028665,+919862446831,356938071355579,238,"Connaught Place, Delhi"
REC008701,CASE0219,CDR,2024-02-20 01:00:00,+919814028665,+919894698260,356938071355579,441,"Connaught Place, Delhi"
REC008702,CASE0219,CDR,2024-02-20 04:00:00,+919814028665,+919843238524,356938071355579,235,"Kothrud, Pune"
REC008703,CASE0219,CDR,2024-02-20 08:00:00,+919814028665,+919862446831,356938071355579,169,"Vaishali Nagar, Jaipur"
REC008704,CASE0219,CDR,2024-02-20 09:00:00,+919814028665,+919813398884,356938071355579,271,"Banjara Hills, Hyderabad"
REC008705,CASE0219,CDR,2024-02-20 16:00:00,+919814028665,+919813398884,356938071355579,473,"Andheri East, Mumbai"
REC008706,CASE0219,UPI,2024-02-20 18:00:00,quickcash94@paytm,freshmart80@icb,TXN260276,7500,N/A
REC008707,CASE0219,CDR,2024-02-20 23:00:00,+919814028665,+919865389259,356938071355579,394,"Salt Lake, Kolkata"
REC008708,CASE0220,CDR,2023-10-08 07:00:00,+919848204313,+919874975191,356938071668195,140,"Vaishali Nagar, Jaipur"
REC008709,CASE0220,CDR,2023-10-09 00:00:00,+919848204313,+919854364440,356938071668195,207,"Andheri East, Mumbai"
REC008710,CASE0220,UPI,2023-10-09 04:00:00,freshmart33@upi,ravi.k31@paytm,TXN895770,500,N/A
REC008711,CASE0220,CDR,2023-10-09 07:00:00,+919848204313,+919828355752,356938071668195,412,"Kothrud, Pune"
REC008712,CASE0220,CDR,2023-10-09 08:00:00,+919848204313,+919814521994,356938071668195,24,"Whitefield, Bengaluru"
REC008713,CASE0220,CDR,2023-10-09 11:00:00,+919848204313,+919850749876,356938071668195,171,"Anna Nagar, Chennai"
REC008714,CASE0220,CDR,2023-10-09 16:00:00,+919848204313,+919874975191,356938071668195,484,"Salt Lake, Kolkata"
REC008715,CASE0220,UPI,2023-10-09 18:00:00,ravi.k31@paytm,freshmart27@icb,TXN618666,1200,N/A
REC008716,CASE0220,UPI,2023-10-09 18:00:00,ravi.k31@paytm,rajesh.m77@okhdfcbank,TXN889869,15000,N/A
REC008717,CASE0220,CDR,2023-10-10 06:00:00,+919848204313,+919828355752,356938071668195,467,"Sector 15, Gurugram"
REC008718,CASE0220,CDR,2023-10-10 08:00:00,+919848204313,+919854364440,356938071668195,467,"Connaught Place, Delhi"
REC008719,CASE0220,CDR,2023-10-10 08:00:00,+919848204313,+919854364440,356938071668195,22,"Vaishali Nagar, Jaipur"
REC008720,CASE0220,UPI,2023-10-10 13:00:00,ravi.k31@paytm,pooja.b86@paytm,TXN615542,3000,N/A
REC008721,CASE0220,CDR,2023-10-11 02:00:00,+919848204313,+919850749876,356938071668195,150,"Kothrud, Pune"
REC008722,CASE0220,UPI,2023-10-11 02:00:00,freshmart33@upi,ravi.k31@paytm,TXN926045,500,N/A
REC008723,CASE0220,CDR,2023-10-11 06:00:00,+919848204313,+919854364440,356938071668195,49,"Kothrud, Pune"
REC008724,CASE0220,UPI,2023-10-11 17:00:00,ravi.k31@paytm,citypay92@upi,TXN614722,7500,N/A
REC008725,CASE0220,CDR,2023-10-11 22:00:00,+919848204313,+919854364440,356938071668195,42,"Salt Lake, Kolkata"
REC008726,CASE0220,CDR,2023-10-11 23:00:00,+919848204313,+919872021409,356938071668195,249,"Connaught Place, Delhi"
REC008727,CASE0220,UPI,2023-10-11 23:00:00,ravi.k31@paytm,rajesh.m77@okhdfcbank,TXN555133,500,N/A
REC008728,CASE0220,CDR,2023-10-12 00:00:00,+919848204313,+919860067267,356938071668195,37,"Salt Lake, Kolkata"
REC008729,CASE0220,CDR,2023-10-12 04:00:00,+919848204313,+919860067267,356938071668195,122,"Salt Lake, Kolkata"
REC008730,CASE0220,UPI,2023-10-12 07:00:00,ravi.k31@paytm,citypay92@upi,TXN520062,1200,N/A
REC008731,CASE0220,CDR,2023-10-12 10:00:00,+919848204313,+919860067267,356938071668195,484,"Salt Lake, Kolkata"
REC008732,CASE0220,UPI,2023-10-12 11:00:00,freshmart33@upi,ravi.k31@paytm,TXN604207,15000,N/A
REC008733,CASE0220,CDR,2023-10-13 14:00:00,+919848204313,+919874975191,356938071668195,308,"Connaught Place, Delhi"
REC008734,CASE0220,CDR,2023-10-13 15:00:00,+919848204313,+919860067267,356938071668195,65,"Vaishali Nagar, Jaipur"
REC008735,CASE0220,UPI,2023-10-13 16:00:00,ravi.k31@paytm,pooja.b86@paytm,TXN240734,7500,N/A
REC008736,CASE0220,UPI,2023-10-13 19:00:00,ravi.k31@paytm,freshmart27@icb,TXN948173,1200,N/A
REC008737,CASE0220,CDR,2023-10-14 01:00:00,+919848204313,+919828355752,356938071668195,218,"Andheri East, Mumbai"
REC008738,CASE0220,CDR,2023-10-14 14:00:00,+919848204313,+919854364440,356938071668195,455,"Kothrud, Pune"
REC008739,CASE0220,CDR,2023-10-14 15:00:00,+919848204313,+919874975191,356938071668195,139,"Andheri East, Mumbai"
REC008740,CASE0220,UPI,2023-10-14 21:00:00,ravi.k31@paytm,pooja.b86@paytm,TXN804016,3000,N/A
REC008741,CASE0220,CDR,2023-10-15 06:00:00,+919848204313,+919860067267,356938071668195,79,"Salt Lake, Kolkata"
REC008742,CASE0220,CDR,2023-10-15 16:00:00,+919848204313,+919828355752,356938071668195,191,"Banjara Hills, Hyderabad"
REC008743,CASE0220,CDR,2023-10-15 17:00:00,+919848204313,+919874975191,356938071668195,55,"Vaishali Nagar, Jaipur"
REC008744,CASE0220,CDR,2023-10-15 19:00:00,+919848204313,+919854364440,356938071668195,464,"Kothrud, Pune"
REC008745,CASE0220,CDR,2023-10-15 23:00:00,+919848204313,+919860067267,356938071668195,27,"Sector 15, Gurugram"
REC008746,CASE0220,CDR,2023-10-16 03:00:00,+919848204313,+919814521994,356938071668195,281,"Vaishali Nagar, Jaipur"
REC008747,CASE0220,UPI,2023-10-16 08:00:00,freshmart33@upi,ravi.k31@paytm,TXN115533,48000,N/A
REC008748,CASE0220,UPI,2023-10-16 08:00:00,ravi.k31@paytm,pooja.b86@paytm,TXN768042,1200,N/A
REC008749,CASE0220,CDR,2023-10-16 13:00:00,+919848204313,+919860067267,356938071668195,236,"Kothrud, Pune"
REC008750,CASE0220,UPI,2023-10-17 04:00:00,freshmart33@upi,ravi.k31@paytm,TXN865233,48000,N/A
REC008751,CASE0220,UPI,2023-10-17 04:00:00,ravi.k31@paytm,rajesh.m77@okhdfcbank,TXN312724,15000,N/A
REC008752,CASE0220,CDR,2023-10-17 11:00:00,+919848204313,+919854364440,356938071668195,36,"Cyber City, Gurugram"
REC008753,CASE0220,CDR,2023-10-17 13:00:00,+919848204313,+919850749876,356938071668195,246,"Kothrud, Pune"
REC008754,CASE0220,CDR,2023-10-17 17:00:00,+919848204313,+919828355752,356938071668195,181,"Sector 15, Gurugram"
REC008755,CASE0220,CDR,2023-10-17 19:00:00,+919848204313,+919828355752,356938071668195,129,"Salt Lake, Kolkata"
REC008756,CASE0220,CDR,2023-10-17 19:00:00,+919848204313,+919872021409,356938071668195,335,"Cyber City, Gurugram"
